874,884,904,864,1090,1080,1070,1160,1269,1279,1289,1299,1309,1319,1438,1458,1488,1498,1528,1050,1060,2277,2139,2149,age,bmi,sex,ethnicity,smoke_never,smoke_previous,smoke_current,alcohol_daily,alcohol_4_week,alcohol_2_week,alcohol_3_month,alcohol_occassion,alcohol_never,Paternal_3,Maternal_3,Paternal_4,Maternal_4,Paternal_1,Maternal_1,Paternal_11,Maternal_11,Paternal_6,Maternal_6,Paternal_10,Maternal_10,Paternal_8,Maternal_8,Paternal_12,Maternal_12,Paternal_2,Maternal_2,Paternal_13,Maternal_13,Paternal_5,Maternal_5,Paternal_9,Maternal_9,1100_1.0,1100_2.0,1100_3.0,1100_4.0,1100_5.0,943_0.0,943_1.0,943_2.0,943_3.0,943_4.0,943_5.0,924_-7.0,924_1.0,924_2.0,924_3.0,1110_0.0,1110_1.0,1110_2.0,1110_3.0,1110_4.0,1120_0.0,1120_1.0,1120_2.0,1120_3.0,1120_4.0,1120_5.0,1130_0.0,1130_1.0,1130_2.0,1130_3.0,1130_4.0,1140_0.0,1140_1.0,1140_2.0,1140_3.0,1150_1.0,1150_2.0,1150_3.0,2237_0.0,2237_1.0,2237_2.0,1170_1.0,1170_2.0,1170_3.0,1170_4.0,1180_1.0,1180_2.0,1180_3.0,1180_4.0,1190_1.0,1190_2.0,1190_3.0,1200_1.0,1200_2.0,1200_3.0,1210_1.0,1210_2.0,1220_0.0,1220_1.0,1220_2.0,1220_3.0,20160_0.0,20160_1.0,1239_0.0,1239_1.0,1239_2.0,1249_1.0,1249_2.0,1249_3.0,1249_4.0,1259_0.0,1259_1.0,1259_2.0,1329_0.0,1329_1.0,1329_2.0,1329_3.0,1329_4.0,1329_5.0,1339_0.0,1339_1.0,1339_2.0,1339_3.0,1339_4.0,1339_5.0,1349_0.0,1349_1.0,1349_2.0,1349_3.0,1349_4.0,1349_5.0,1359_0.0,1359_1.0,1359_2.0,1359_3.0,1359_4.0,1359_5.0,1369_0.0,1369_1.0,1369_2.0,1369_3.0,1369_4.0,1369_5.0,1379_0.0,1379_1.0,1379_2.0,1379_3.0,1379_4.0,1379_5.0,1389_0.0,1389_1.0,1389_2.0,1389_3.0,1389_4.0,1389_5.0,1408_0.0,1408_1.0,1408_2.0,1408_3.0,1408_4.0,1408_5.0,1418_1.0,1418_2.0,1418_3.0,1418_4.0,1418_5.0,1418_6.0,1428_0.0,1428_1.0,1428_2.0,1428_3.0,1448_1.0,1448_2.0,1448_3.0,1448_4.0,1468_1.0,1468_2.0,1468_3.0,1468_4.0,1468_5.0,1478_1.0,1478_2.0,1478_3.0,1478_4.0,1518_-2.0,1518_1.0,1518_2.0,1518_3.0,1538_0.0,1538_1.0,1538_2.0,1548_1.0,1548_2.0,1548_3.0,20117_0.0,20117_1.0,20117_2.0,1628_1.0,1628_2.0,1628_3.0,1717_1.0,1717_2.0,1717_3.0,1717_4.0,1717_5.0,1717_6.0,1727_1.0,1727_2.0,1727_3.0,1727_4.0,1747_1.0,1747_2.0,1747_3.0,1747_4.0,1747_5.0,1747_6.0,1757_1.0,1757_2.0,1757_3.0,2267_1.0,2267_2.0,2267_3.0,2267_4.0,2267_5.0,2129_1.0,2129_2.0,2159_0.0,2159_1.0
0.026062425,0.010648055,0.07489872,0.2911074,0.05244423,0.00044697046,0.0026912899,0.0017775637,0.003994534,0.014984372,0.06734544,0.06857092,0.0028134063,0.022949575,0.044661354,0.11007052,0.0021905669,0.008749052,0.028614422,0.04199768,0.06779523,0.023925543,0.006911527,0.023737472,0.09539427,0.002014121,0.027198577,0.016822096,0.025284423,0.0018925914,0.002686465,0.0357332,0.03939598,0.010316977,0.0063981595,0.0032384507,0.0019667768,0.0,0.0007384679,0.0014838064,0.0,0.006179949,0.016728768,0.005485027,0.0,0.018617488,0.0,0.0004545946,0.005228407,0.0006683344,0.01706872,0.0011558144,0.0010749289,0.015885351,0.07271785,2.8407045e-05,0.0,0.0,0.002305606,0.0025822807,0.0010099865,0.030506093,0.02034459,0.0020953934,0.0258319,0.00089973956,0.007371986,0.0044074734,0.040083233,0.0012201254,0.0010224336,0.028139386,0.0,0.0024018344,0.007477515,0.010102188,0.016250158,0.0021230697,0.009865932,0.01144275,0.024940511,0.009131134,0.02779758,0.0038512642,0.05150289,0.0,0.0026412585,0.018799428,0.005808713,0.0,0.0,0.0001140111,0.012554138,0.025601527,0.033783577,0.0,0.0008500754,0.034143258,0.0033856304,0.0027541853,0.0058247284,0.00011537046,0.0018140663,0.006266775,0.022612058,0.0035211183,0.00047332273,0.016024316,0.0063638394,0.011332896,0.003205181,0.020317933,0.000305027,0.04381401,0.017689893,0.0009819757,0.066970855,0.08377617,0.012854667,0.005474722,0.0,0.0,0.007875555,0.007976217,0.017861301,0.0017937009,0.008079599,0.020849258,0.01183466,0.001191806,0.009981297,0.010970338,0.005550011,0.0,0.002487233,0.017419899,0.012660365,0.010989528,0.00071411557,0.0,0.004499494,0.0073366603,0.0151613,0.0036494087,0.0,0.0013441117,0.0014179278,0.011608511,0.04389579,0.044814732,0.003154905,0.0012265025,0.0018810413,0.005184523,0.019200413,0.042325716,0.0014064715,0.0,0.0003905975,0.0066561857,0.011391049,0.0006460309,0.0,0.00053056487,0.015168312,0.037348457,0.0155033,0.0,0.0,0.0,0.0019236961,0.0014269305,0.006617041,0.00017677799,0.0,0.0,0.00061210914,0.0008904209,0.009546739,0.029811062,0.012937061,0.0,0.008726774,0.006993006,0.010586262,0.0,0.0016965393,0.00042298847,0.0025822783,0.018238056,0.0,0.03247317,0.01992497,0.006047496,0.062961124,0.0,0.0017618828,0.0010720637,0.015861733,0.0019609572,0.030913416,0.021254301,0.004570898,0.025753818,0.0012663621,0.0,0.00023915089,0.01592156,0.00068271684,0.032965835,0.0133540435,0.0077803805,0.02511856,0.03754321,0.00080662564,0.0009904456,0.0007355918,0.0038800838,0.006176082,0.029739188,0.017994534,0.0043897955,0.025333736,0.011215739,0.0,0.00054991106,0.00011106071,0.0044145817,0.043077275,0.007626391,0.000851929,0.005154035,0.0,0.010009305,0.022073442,0.0051393122,0.0,0.053434953,0.0006647046,0.030777633,0.01957729,0.048143495,0.004471182,0.016013047,0.0,0.001643998,0.0014052266,0.0010939115,0.0
0.00018671433,0.08106176,0.027272118,0.0013540894,0.003721201,0.0011149312,0.050335072,0.028986404,0.010802836,0.016768912,0.02055706,0.0025335762,0.027923834,0.002772084,0.008466988,0.008697047,0.024270061,0.07791667,0.18975584,0.06932801,0.012885362,0.009042266,4.7087407e-05,0.0017746516,0.010758112,0.029631095,0.011753232,0.026293766,0.008827109,0.0040252707,0.008690428,0.0066257673,0.01508318,0.0058249184,0.011575278,0.0026502842,0.047867063,0.0,0.00063788897,0.0052076937,0.0,0.035910033,0.004447145,0.00428116,0.0,0.0020035945,0.0,0.0007199089,0.0053637144,0.009157123,0.038861904,0.0018529211,0.0013989098,0.0063718003,0.00279887,0.0010823535,0.0,0.0,0.0012439478,0.043482486,0.0011492363,0.030669522,0.007599353,0.0047020917,0.00077516394,0.00063228095,0.0051390887,0.002178898,0.016636271,0.00018304028,0.0019356323,0.0018894854,0.0,0.0002600789,0.01908469,0.0016934741,0.0039107767,0.0024556476,0.02190408,0.008315304,0.025262514,0.00829075,0.011538998,0.020451352,0.0034183552,0.0,0.001336971,0.013956671,0.0017084923,0.0,0.0,0.00146623,0.014465823,0.0028221926,0.04798064,0.0,0.0028165663,0.05010719,0.0020608695,0.005012401,0.006544144,0.0014784514,0.00075719133,0.007063181,0.008700562,0.038825464,0.026713619,0.0074430117,0.005149807,0.0025605538,0.009264264,0.0009089499,0.0018851665,0.007313348,0.0024524583,0.0058944384,0.034916747,0.030955076,0.008322253,0.0016093428,0.0,0.0,0.006908496,0.0055492115,0.011997926,0.0010667766,0.009624829,0.03189864,0.064328976,0.0066727162,0.00016747101,0.001142033,0.0037560808,0.0,0.001923724,0.014145444,0.0075227944,0.010971743,0.00057929,0.0,0.0009912449,0.04610615,0.012188119,0.00543178,0.0,0.00023082965,0.0034835676,0.00090164534,0.0010959118,0.006490119,0.00027655906,0.0014974006,0.0008556472,0.0267415,0.025389103,0.012275797,0.00012609357,0.0,0.07696085,0.004449738,0.01490127,0.0025162762,0.0,0.0009904859,0.0021884171,0.034933247,0.005331433,0.0,0.0,0.0,0.005862231,0.017607873,0.0023969014,0.0003797704,0.0,0.0,0.0014651428,0.0014762518,0.005571693,0.0015606363,0.004889228,0.0,0.00230513,0.016914304,0.021819862,0.0,8.860054e-05,6.5578024e-05,0.0018995459,0.01175278,0.0,0.02359207,0.0060681994,0.012202737,0.020825235,0.0,0.0041479496,0.0040725614,0.017666066,0.0036295606,0.0063069677,0.0017287334,0.00011060965,0.0006273131,0.00061916903,0.0,0.0069517274,0.021489484,0.0025930784,0.018568091,0.00021479077,0.022431636,0.006110305,0.011429955,0.003670924,0.0026355898,0.033004437,0.034675743,0.009451963,0.0015892796,0.0027145096,0.00443685,0.02058409,0.004849319,0.0,0.017260112,0.0015514984,0.0027489527,0.0028363846,0.041079413,0.003965819,0.0077078203,0.0,0.010716692,0.015131472,0.029028185,0.0,0.00805267,0.00048475925,0.007695297,0.054923583,0.02723623,0.0029961716,0.0052192956,0.0,0.00055609475,0.00035828768,0.0010827092,0.0
0.00829293,0.0013039421,0.02538823,0.024606206,0.023880856,0.008080764,0.0069043553,0.019545818,0.0007499906,0.04380532,0.15789337,0.004576607,0.012969726,0.0116244415,0.0013255354,0.01252834,0.0025510069,0.0022222393,0.00048570236,0.011137131,9.5736155e-05,0.0017343219,0.027549107,0.005189891,0.0393805,0.00051786075,0.042723108,0.00023004878,0.0012415645,0.002886435,0.012279034,0.010339512,0.008297054,0.0014029971,0.014363743,0.0016351894,0.0007567376,0.0,0.0008888845,0.007400601,0.0,0.01803628,0.0077794413,0.0020917496,0.0,0.002312297,0.0,0.0017702407,0.0021274479,0.0028402926,0.00086874986,0.0012606239,0.00257256,0.016238114,0.0009180995,0.0008290393,0.0,0.0,0.00058676006,0.008037743,0.00021502479,0.048988122,0.0061037093,0.0017363598,0.0006360949,0.000610725,0.006024478,0.0057786796,0.0028535165,0.00012265026,0.002808156,0.010757793,0.0,0.0019324037,0.005274956,0.044135515,0.0020162114,0.0008098549,0.06294849,0.0090080835,0.01236582,0.0072219283,0.018191736,0.00070414727,0.005432296,0.0,0.0010275113,0.00067532953,0.005269505,0.0,0.0,0.00087156624,0.0031845563,0.0014771079,0.039894845,0.0,0.0049550966,0.015728185,0.005762527,0.016412305,0.007317574,0.00085836626,0.0013778774,0.008056197,0.017551603,0.012805844,0.008345857,0.017208168,0.019260176,0.014806177,0.0040348945,0.05543231,0.0058124196,0.0021186674,0.023666143,0.04157727,0.013420018,0.05398176,0.011645948,0.003234923,0.0,0.0,0.0005683105,0.0156243,0.06598007,0.0017333997,0.07848282,0.018090704,0.08838458,0.008317216,0.015462214,0.0024262844,0.0042255186,0.0,0.0030672548,0.0026366338,0.005910291,0.005081002,0.0001890246,0.0,0.004561638,0.012179868,0.012818563,0.0016768079,0.0,0.0010872394,0.000491476,0.031613357,0.0011847968,0.003031234,0.00050562515,0.000943532,0.0020086481,0.002618713,0.0059531983,0.03287365,0.00081903994,0.0,0.0011515805,0.026074385,0.0074436115,0.006604319,0.0,0.00087434344,0.0021532278,0.007922872,0.014626331,0.0,0.0,0.0,0.008741021,0.02315989,0.012802428,0.00030387167,0.0,0.0,0.0031862222,0.0043529253,0.0021402037,0.018382667,0.0049105394,0.0,0.022900507,0.006315718,0.026799925,0.0,0.00071046344,0.0003928936,0.0020516987,0.0050292285,0.0,0.0055008465,0.0011533899,0.016109794,0.024560023,0.0,0.0073587773,0.003936769,0.007829817,0.013415239,0.0065929135,0.00652865,0.0016405735,0.018147107,0.00019595641,0.0,0.0083477255,0.011416538,0.0029034123,0.0466532,0.0014871919,0.0020161688,0.0036552825,0.0056771506,0.0023761708,0.0012349917,0.00086717925,0.0019379621,0.0035194114,0.023007166,0.0014181461,0.044310395,0.044402957,6.188309e-05,0.0,0.00032434938,0.0022628524,0.0047239936,0.006565307,0.017051347,0.0030611143,0.003712293,0.0,0.009723654,0.008279945,0.0008841293,0.0,0.023728352,0.0029135563,0.014050108,0.019627286,0.047077537,0.004047561,0.0029299527,0.0,0.0010052079,0.002082264,0.004959782,0.0
0.008510331,0.031069541,0.002435746,0.001507414,0.071586594,0.018908797,0.015390598,0.0069143744,0.013751548,0.009582082,0.027523188,0.045878187,0.03513269,0.016506158,0.0015027091,0.030784234,0.0010724909,0.0012594761,0.033540554,0.039858777,0.010567052,0.005221868,0.0021056894,0.044010263,0.024543636,0.00027226523,0.0134680765,0.0033956608,0.0023662897,0.0074045495,0.006741359,0.0028184252,0.012002895,0.006176027,0.0066923057,0.025862759,0.00039172824,0.0,4.4502573e-05,0.0020959277,0.0,0.010312413,0.011010966,0.0003877225,0.0,0.009166042,0.0,0.0019972464,0.0011314001,0.0018784581,0.045590617,6.2681465e-05,0.0028776948,0.007473908,0.0029153542,0.0011690061,0.0,0.0,0.002335463,0.0023698558,0.00080984744,0.06360955,0.0050537656,0.0043668067,0.0007448248,0.0012352295,0.0061029294,0.006968996,0.012706369,3.6156573e-05,0.0010801429,0.0029997514,0.0,0.0017817247,0.017673375,0.0379863,0.0072333133,0.00034747267,0.019057356,0.0005245479,0.002510969,0.0006499812,0.045682106,0.0009575775,0.006325956,0.0,0.00037654315,0.013754291,0.0029649911,0.0,0.0,0.000103983635,0.03625749,0.0076079494,0.006436327,0.0,0.009552061,0.04253847,0.012395494,0.049553335,0.061906856,0.00029989763,0.001312113,0.0015395776,0.015013349,0.00074198813,0.0030213266,0.008172903,0.00061986665,0.011382231,0.0136893615,0.023267576,0.0007264903,0.007908907,0.0053527267,0.024735712,0.0019926769,0.036743928,0.017483857,0.006338708,0.0,0.0,0.0071726954,0.0059803356,0.0011839065,0.0031091345,0.0012398799,0.005392374,0.007140022,0.0036898125,0.011800573,0.024868457,0.043579936,0.0,0.010869136,0.0038191488,0.022629527,0.00045899945,0.0004422685,0.0,0.0010283965,0.03344316,0.017777333,0.005370365,0.0,0.0010416609,0.0010795409,0.013187568,0.0056900294,0.054079134,0.0004457416,0.00086716784,0.0008372339,0.0011552025,0.006328907,0.048115596,0.00029559954,0.0,0.0006776949,0.013448821,0.011539831,0.0076878206,0.0,0.0015355579,0.049809754,0.036634542,0.008574152,0.0,0.0,0.0,0.008124481,0.007982624,0.020692706,0.0015971101,0.0,0.0,0.0002121583,0.00041167813,0.0031025799,0.0011038602,0.005893724,0.0,0.0053388914,0.010437874,0.0086218,0.0,0.0016065877,0.00035614817,0.0038106088,0.0018779935,0.0,0.015608699,0.014068953,0.0046792855,0.03804491,0.0,0.008171905,0.00023742563,0.004882817,0.0047232416,0.007070914,0.006296283,0.0021206446,0.0008483641,0.038295235,0.0,0.005704653,0.006319284,0.0008348448,0.044520855,0.011934114,0.0021281892,0.0009090439,0.011645098,0.0009054841,0.0019326266,0.00012038736,0.0017144125,0.001030346,0.0114036165,0.0018320737,0.010036498,0.055340882,0.0012345302,0.0,0.0028775046,0.0032405704,0.003743573,0.010432669,0.040391646,0.009171335,0.0023599123,0.0,0.007635767,0.05082981,0.0034319665,0.0,0.030543793,0.003580657,0.0015906857,0.0110139325,0.030675083,0.02289026,0.003489843,0.0,0.000818055,0.00079915277,0.00044457585,0.0
0.0054022325,0.022771463,0.005711675,0.027507545,0.13411728,0.098765954,0.020124832,0.030786848,0.0012201542,0.007989052,0.19489989,0.002684977,0.004125426,0.03729846,0.00055139296,0.04382036,0.03148312,0.018694455,0.08950724,0.022607302,0.012138363,0.0018263228,0.0040759617,0.11673219,0.0043001166,0.0068599572,0.0140984,0.0031703839,0.015918622,0.08810528,0.00040986075,0.0028296504,0.003284797,0.024095224,0.11021075,0.017465785,0.00040173015,0.0,0.0012992923,0.0025663432,0.0,0.0031189544,0.00027753136,0.052522562,0.0,0.007615517,0.0,0.0039477455,0.0042853393,0.025842153,0.010803766,0.0020120328,0.0030762216,0.0072002853,0.012611932,0.100933515,0.0,0.0,0.0072656446,0.0055053122,0.0018528202,0.014099247,0.0014716126,0.00018594907,0.00051005714,0.0020660844,0.07899859,0.0015730828,0.045883324,0.00032288785,0.0030165717,0.0032803917,0.0,0.0034377791,0.00071106054,0.026138643,0.0024715594,0.022492683,0.012994686,0.000996446,0.019012107,0.034275502,0.025983717,0.008054043,0.019934507,0.0,0.0021836387,0.024017906,0.0011736638,0.0,0.0,0.0005290581,0.021168897,0.0020185928,0.018569494,0.0,0.005791103,0.027790045,0.0040948167,0.0005885646,0.0152506,0.012494739,0.0012919541,0.00463405,0.027456826,0.056360316,0.004712033,0.007391773,0.006855021,0.01970352,0.044870995,0.011797854,0.0014349459,0.014420054,0.000345761,0.010153159,0.016672026,0.022609035,0.012797506,0.07633466,0.0,0.0,0.00848207,0.012250671,0.0225239,0.001188774,0.0021772622,0.040798184,0.005875515,0.013067359,0.015529616,0.0011230031,0.009240304,0.0,0.00060271187,0.03158801,0.09962749,0.004341415,0.0007297218,0.0,0.059072644,0.009604803,0.048869457,0.0030881674,0.0,0.0025813633,0.00039318134,0.01712619,0.044562988,0.002200954,1.5204806e-05,0.0022360673,0.00054200104,0.010471537,0.010082346,0.025496867,0.0044199103,0.0,0.0012605664,0.0036265715,0.013378854,0.0020983845,0.0,0.0003361871,0.015640201,0.04396495,0.016683055,0.0,0.0,0.0,0.0005860619,0.06640449,0.016643606,0.001239782,0.0,0.0,0.0019882112,0.0015703732,0.010672901,0.00044797838,0.01516369,0.0,0.025645131,0.009407101,0.0060416884,0.0,0.0021478378,8.498535e-05,0.0012458282,0.019710118,0.0,0.035540123,0.032236464,0.010950515,0.01588894,0.0,0.0068210065,0.0020947584,0.0137170935,0.01767748,0.07464557,0.08237018,0.0033098122,0.025620569,0.0011645899,0.0,0.010277687,0.010141987,0.017323447,0.046373367,0.0119501315,0.021479854,0.02668863,0.020481382,0.0009430051,0.0032334863,0.0012880188,0.0034545083,0.009972999,0.014392999,0.0028033652,0.007675199,0.066776834,0.003550095,0.0,0.0023964907,0.001215629,0.028349955,0.0032405104,0.010532239,0.012045122,0.0060681878,0.0,0.011022637,0.031462513,0.00041036925,0.0,0.013022251,0.0014906939,0.020893527,0.008527301,0.037681628,0.00029951977,0.019183923,0.0,0.0023230233,0.0016137485,0.0011967241,0.0
0.12200363,0.0060603675,0.15943602,0.0018918433,0.043387838,0.0033398443,0.04348556,0.026082117,0.006520415,0.027608091,0.035813693,0.0037427738,0.012864977,0.021130277,0.0029396296,0.06957444,0.011022804,0.04532522,0.0005857198,0.0034439622,0.013004329,1.506452e-05,0.020444736,0.059650134,0.007137445,0.0345118,0.031743653,0.010287407,0.0018635286,0.014273264,0.0070156744,0.0047485502,0.0041930745,0.0046649855,0.013255741,0.005898604,0.000599953,0.0,0.0011404835,0.0016160287,0.0,0.006441273,0.004184894,0.0043867575,0.0,9.1074435e-05,0.0,7.159031e-05,0.0010263905,0.008146375,0.0075471676,0.0021336742,0.0018066549,0.008792161,0.0028822094,0.0017214299,0.0,0.0,0.0012389958,0.003578943,0.001171047,0.038715597,0.0072125425,0.027051022,0.001907484,0.001607742,0.0053603086,0.0049307225,0.020603672,0.00017967193,0.0018650736,0.014912192,0.0,0.0014888527,0.00012289932,0.015737709,0.007641851,0.0012233371,0.042815816,0.00085468154,0.0021944016,0.0051874737,0.021098498,0.001185883,0.0066649206,0.0,0.0015838377,0.006378425,0.0006721525,0.0,0.0,0.0025726184,0.01735727,0.0010719091,0.020771887,0.0,0.005103042,0.015762953,0.0055279415,0.0049782237,0.007856906,2.8119599e-05,0.002266223,0.006545539,0.0026146295,0.0077484,0.0027944327,0.00246404,0.0011143512,0.056491382,0.008490113,0.01693733,0.0010057853,0.0031712714,0.009835175,0.00830002,0.007974863,0.007989835,0.0068435348,0.0064923754,0.0,0.0,0.02676768,0.02113725,0.0029869166,0.0021931108,0.008143739,0.0013343856,0.00047085516,0.0062826807,0.014570856,0.008044307,0.0029205775,0.0,0.0014905394,0.030503508,0.012599355,0.0070367646,0.0017305521,0.0,0.0011978954,0.013877762,0.0030368997,0.00829597,0.0,0.00094011927,0.00026313594,0.0064387987,0.0120387105,0.004793312,0.016807742,0.0014020381,0.0028533842,0.0028955084,0.0104255,0.00054234685,0.0009731857,0.0,0.0020438265,0.018934203,0.012271198,0.0036987918,0.0,0.0006750224,0.0022185007,0.024295034,0.0031613267,0.0,0.0,0.0,0.0009504025,0.007389162,0.020270133,0.0005383536,0.0,0.0,0.0007470282,0.0002565032,1.836325e-05,0.017730314,0.0005981317,0.0,0.0032197395,0.015589792,0.013906018,0.0,0.0012388789,0.002015386,0.0029745137,0.0020310523,0.0,0.00910405,0.0008986814,0.003946053,0.036354613,0.0,0.025234064,0.0027163406,0.015090621,0.0041988296,0.0033218532,0.013168079,0.0018924237,0.0006429641,8.162244e-06,0.0,0.0009337778,0.0044778604,0.0033211517,0.024182362,0.024065835,0.0016822765,0.009487271,0.010957149,0.0019862482,0.00024287403,0.0010957045,0.00058802776,0.000917757,0.011830849,0.017263582,0.0028102354,0.05564204,0.000872377,0.0,0.001583911,0.0024704898,0.014721135,0.012839451,0.012076594,0.0004338028,0.0040474697,0.0,0.021822257,0.0055773254,0.008295802,0.0,0.0062892367,0.00015225193,0.0006538224,0.012005045,0.035616793,0.00877826,0.0069265114,0.0,0.001134354,0.0014368469,0.0022119873,0.0
0.0019194542,0.021877103,0.001590046,0.007825947,0.1659145,0.02868955,0.037095986,0.072012566,0.0010326327,0.00088981295,0.030690754,0.007034312,0.0021952474,0.0018034287,0.022123234,0.004728881,0.041524958,0.0073337057,4.09167e-05,0.007851365,0.005521729,0.0004016404,0.00016326543,0.03485311,0.027141988,0.0318332,0.0018237915,0.0022972084,0.04488218,0.0037930196,0.028592616,0.019628938,0.009261527,0.0076258206,0.01513886,0.017328551,0.0013855645,0.0,0.0012366908,0.0044429936,0.0,0.0040857233,0.0047719963,0.0017215301,0.0,0.008564702,0.0,0.004757599,0.0014709216,0.013879342,0.0021614674,0.0005043943,0.0005844816,0.008016654,0.0029563215,0.0017319303,0.0,0.0,0.0021632905,0.0022691032,0.0010384002,0.026844157,0.053215373,0.0014343752,0.0008067382,0.0007750557,0.006509838,0.0054460657,0.040429126,0.0010563387,0.00019071129,0.014819764,0.0,0.0033434224,0.015255884,0.018314872,0.018375387,0.0009425952,0.052034665,0.013492577,0.009956424,0.0061582597,0.04204093,0.0022926482,0.0052866763,0.0,0.00018295187,0.038600072,0.008015412,0.0,0.0,0.00027270793,0.00029448068,0.006658251,0.023626065,0.0,0.048114926,0.0070355367,0.0014561096,0.00804586,0.012124907,0.0016359825,0.0012169279,0.04949007,0.012484599,0.007600474,0.0016832626,0.004236328,0.0059064124,0.08882637,0.029063,0.018967,0.0013342064,0.0022724562,0.054126136,0.046260964,0.0016611004,0.04585519,0.05518404,0.02117039,0.0,0.0,0.009433699,0.0026740353,0.082929835,0.0028114133,0.04188545,0.078311086,0.0060215136,0.006639656,0.02682008,0.0060409307,0.00039484992,0.0,0.00448164,0.008087669,0.060757432,0.010614871,0.0011125884,0.0,0.0024649627,0.004412244,0.014080454,0.005430322,0.0,0.0012125456,0.0036477216,0.0035010953,0.00985587,0.0024037901,0.0017050012,0.0017162855,0.0006405739,0.014599361,0.0012711382,0.0300968,0.0007701051,0.0,0.00024211401,0.012704577,0.001436829,0.0020774326,0.0,0.0035182282,0.011416924,0.029622985,0.014123941,0.0,0.0,0.0,0.027548725,0.0073725577,0.005134554,0.000623754,0.0,0.0,0.00021358434,0.0017220516,0.004762985,0.035412326,0.007088594,0.0,0.0035599247,0.023924075,0.008254108,0.0,0.0002075697,0.002149046,0.0023550703,0.001329887,0.0,0.0067664986,0.021722216,0.0014643043,0.033830114,0.0,0.00039903104,0.0053257532,0.022081964,0.01592301,0.001265487,0.010954255,0.00015637733,0.004262964,0.00052900036,0.0,0.05162153,0.046523448,0.01094534,0.045390002,0.0077129765,0.00019108187,0.0027987119,0.015285351,0.0017151447,0.0014860673,0.00071929296,0.00068786973,0.019586204,0.016556691,0.01186001,0.010400103,0.030098747,0.037617154,0.0,0.0012400121,0.000110403525,0.007037709,0.027224135,0.012141379,0.0024147842,0.0045076623,0.0,0.006863774,0.0034835262,0.01047726,0.0,0.0013834505,0.0019743256,0.0049365945,0.004216314,0.018334223,0.015527485,0.038595498,0.0,0.0014310676,0.0011892642,0.0009951798,0.0
0.0065421923,0.0521482,0.03877447,0.003472381,0.07848494,0.048469782,0.01034103,0.2034237,0.0007683308,0.013186048,0.03850091,0.016322788,0.009588789,0.030069595,0.0063427966,0.00014068717,0.012535279,0.025063828,0.037557848,0.024432814,0.00011336507,0.017413015,0.021836849,0.033486616,0.0038622927,0.013252515,0.009439545,0.00504595,0.015009972,0.009300708,0.003418995,0.010405229,0.010999124,0.0051321164,0.0009185694,0.004293831,0.00186264,0.0,0.001279272,0.004865601,0.0,0.0027145082,0.0006186438,0.001333543,0.0,0.005964501,0.0,0.00067979924,0.0021144801,0.022412308,0.016466225,0.0018503809,0.0036700307,0.0014442796,0.027669897,0.0010718328,0.0,0.0,0.0039847433,0.08211181,0.00073952985,0.0033592326,0.008046406,0.0071581723,0.00085311895,1.6132923e-05,0.01660162,0.0020509567,0.008012025,0.00037214337,0.090319864,0.015629122,0.0,0.0033003076,0.008894897,0.012574909,0.0015056408,0.0020627256,0.0045369887,0.0013105982,0.0075528263,0.0075664143,0.021161009,0.008725868,0.005395329,0.0,0.00025621618,0.028463423,0.004439575,0.0,0.0,9.9881276e-05,0.028408859,0.00814202,0.005417296,0.0,0.04697793,0.046214577,0.016912876,0.03979306,0.0404162,0.004263031,0.00032178336,0.021751305,0.02114854,0.018488549,0.011682388,0.0024975794,0.018164089,0.08630041,0.0008994475,0.019316303,0.0014931014,0.010061512,0.003203278,0.007330049,0.028817665,0.024556888,0.00057095336,0.084407955,0.0,0.0,0.034554277,0.01615013,0.008015632,0.0029313425,0.0031036467,0.015569272,0.0042790677,0.06254427,0.0037883963,0.008258438,0.00044103476,0.0,0.0009282308,0.018347088,0.056371197,0.0074541303,0.0010682538,0.0,0.0006797671,0.0141845,0.03536928,0.013436628,0.0,0.044571705,0.00011376169,0.031935122,0.025853265,0.014638077,0.00074497313,0.00066287833,0.0013045439,0.0068226485,0.013433591,0.011671966,0.0005303749,0.0,0.0007754145,7.372332e-05,0.052012544,0.0055034244,0.0,2.794327e-05,0.005816527,0.060134448,0.037640642,0.0,0.0,0.0,0.011309035,0.019093646,0.011664044,0.0022022815,0.0,0.0,0.001580352,0.0011315396,0.00900819,0.008592959,0.008475117,0.0,0.003692519,0.00339625,0.0035865337,0.0,0.0033505908,0.0028395946,0.00048607463,0.02704355,0.0,0.00033851241,0.015523656,0.0012406873,0.01631447,0.0,0.0031679706,0.0035001903,0.019280655,0.05129726,0.018001802,0.007037096,0.001664001,0.004638485,0.0011015529,0.0,0.01051052,0.0017021799,0.008871799,0.04819545,0.016615253,0.0011561664,0.01811807,0.031777468,0.0036702023,0.0015331083,0.0024215996,0.006337684,0.005822007,0.0028076074,0.010793425,0.0005182429,0.032788426,0.0023311395,0.0,0.0012510476,0.0010952536,0.016569616,0.033875957,0.0054256273,0.008858485,0.0057895803,0.0,0.03690803,0.021779452,0.0033794548,0.0,0.03365733,0.0007671847,0.021331456,0.021280134,0.019788213,0.002552153,0.016653646,0.0,0.0022924966,0.0006905278,0.0027661608,0.0
0.00083750725,0.021347718,0.016734153,0.0060083955,0.14003307,0.0031645605,0.011877913,0.004655912,0.0026496912,0.012736011,0.073799595,0.050212923,0.027499825,0.01647446,0.058644656,0.029520513,0.17680556,0.012800242,0.0021559761,0.05440004,0.004621965,0.007318762,0.044303272,0.027247198,0.0065000644,0.096295245,0.010696809,0.009816534,0.0253997,0.028024679,0.008894952,0.0017184933,0.032681108,0.0028580253,0.04669455,0.011572286,0.00041398342,0.0,1.4954355e-05,0.001457983,0.0,0.005269203,0.0027834624,0.0004481035,0.0,0.014558031,0.0,0.02149739,0.0039567905,0.0001693881,0.052368283,7.7347635e-05,0.0031797865,0.004961282,0.0062578074,0.00063190184,0.0,0.0,0.0029346216,0.005577045,0.00022220107,0.024770645,0.046121296,0.002366638,0.0006424594,0.0021532516,0.012865955,0.009559316,0.01671809,0.0002910313,0.002110177,0.044938236,0.0,0.0013569584,0.010978088,0.0072490578,0.012895884,0.003873616,0.01386977,0.07119085,0.0060607702,0.013346001,0.025848819,0.005512151,0.018170575,0.0,0.037078734,0.003114464,0.008960908,0.0,0.0,0.005459082,0.011706332,0.0008661479,0.004292103,0.0,0.0109590655,0.029794421,0.010235455,0.018625231,0.016475294,0.0016207504,0.0006482691,0.058592815,0.054628756,0.011834598,0.0029573094,0.008166694,0.008600607,0.058223248,0.015631199,0.023270065,0.0045964206,0.0052797357,0.01632899,0.008859548,0.048363257,0.0684094,0.0014338518,0.0016325356,0.0,0.0,0.038957957,0.015578449,0.01906414,0.00032613555,0.0028540308,0.048219785,0.006487307,0.0068607233,0.016514448,0.005651536,0.0023343249,0.0,0.0041125445,0.0028918234,0.06295168,0.012844418,0.00016376647,0.0,0.004239696,0.015094697,0.010369695,0.0014443776,0.0,0.0007369145,0.00034570476,0.037384268,0.014751506,0.003871295,0.0047339043,0.00040821443,0.00059830357,0.0044063833,0.024544805,0.032446228,0.0005185673,0.0,0.0045991875,0.01308555,0.004257658,0.0075184535,0.0,0.0030936853,0.019950032,0.030300826,0.01377085,0.0,0.0,0.0,0.00070189376,0.056925684,0.0021145982,0.095864676,0.0,0.0,0.002349492,0.0023083158,0.03247713,0.05053121,0.0059066163,0.0,0.0030162637,0.003237134,0.005436241,0.0,0.002830458,6.779241e-05,0.0009667788,0.023030192,0.0,0.0019778695,0.028668577,0.0026756714,0.0036078081,0.0,0.03300695,0.008192504,0.0066642826,0.0059574093,0.007397928,0.004934716,0.0019946545,0.00901059,0.00027654826,0.0,0.0022633194,0.002492054,0.008150546,0.044511635,0.014071988,0.0053877872,0.032656234,0.022085141,0.002628346,0.0003564624,0.0020704365,0.005649277,0.007794816,0.008017762,0.02001517,0.0069380603,0.026040636,0.012084312,0.0,0.002159323,0.0004243647,0.08135426,0.03136265,0.011664295,0.018154416,0.0067468123,0.0,0.0057978807,0.029074203,0.0067142593,0.0,0.019169709,0.0043379506,0.0198935,0.015576613,0.033899393,0.009242095,0.04261008,0.0,0.0019770912,0.0013673536,0.002181349,0.0
0.009286781,0.026733786,0.058577694,0.0082677575,0.011985424,0.0010515314,0.005300651,0.003245505,0.0015413278,0.0007542666,0.034979064,0.006676849,0.06704093,0.03002004,0.052832052,0.2211675,0.032457393,0.013335044,0.03133998,0.002426907,0.00047632272,0.0006134975,0.000396251,0.0004883616,0.036616504,0.0008877474,0.00995297,0.00040142276,0.009242066,0.05371866,0.0025001739,0.002325997,0.0012542494,0.0023264561,0.005459843,0.0014934649,0.001155797,0.0,0.001441666,0.0050944085,0.0,0.020509211,0.0019310442,0.0026271977,0.0,0.0067221336,0.0,0.0028466978,0.0494285,0.0059817513,0.005596841,0.00077907956,0.0019323039,0.0040182667,0.0035984188,0.00028778907,0.0,0.0,0.0037948608,0.0020088884,0.00032408524,0.023067717,0.014872492,0.0073085837,0.00021912127,2.040934e-05,0.014475674,0.0070901914,0.015135737,0.0001757515,0.002547783,0.0043368335,0.0,0.0009830688,0.0027552643,0.018685505,0.013033397,0.0018025654,0.01936716,0.018561017,0.048232134,0.0024286187,0.069670565,0.0035426111,0.002917601,0.0,0.00019927813,0.002075161,0.005936766,0.0,0.0,0.00075014855,0.025194587,0.0006890405,0.004490973,0.0,0.0061868476,0.00830644,0.005691158,0.011313174,0.0033030645,0.00062494783,0.0013273528,0.006369082,0.018062929,0.024991434,0.038509067,0.01973075,0.0049729845,0.009427245,0.0011015236,0.041328248,0.0042526666,0.006514575,0.0024892646,0.008927999,0.059975855,0.038235456,0.007983351,0.0037923853,0.0,0.0,0.011454586,0.0043978565,0.016832208,9.3476025e-05,0.006441368,0.036769986,0.0061624437,0.008639681,0.006846155,0.0112375235,0.041283317,0.0,0.0013440914,0.017405014,0.04650816,0.006393495,0.0011283632,0.0,0.004929883,0.0028521924,0.020459384,0.0019763275,0.0,0.001930876,0.00079768157,0.027401803,0.031576082,0.0050018053,0.0017377806,0.0030174549,0.00063683646,0.000540386,0.00041662776,0.027787905,0.0003592957,0.0,0.0006173269,0.035854794,0.011797401,0.0063715614,0.0,0.0012293656,0.061235804,0.037598718,0.004220146,0.0,0.0,0.0,0.0003413077,0.020482585,0.012253122,0.0010086835,0.0,0.0,0.0006913858,0.006388584,0.006530702,0.027526835,0.0024593514,0.0,0.0003393004,0.030432025,0.013602639,0.0,0.00033351322,0.048006784,0.0023325672,0.009955613,0.0,0.0077194553,0.00658324,0.0030893038,0.012941115,0.0,0.0065923296,0.005184403,0.013054571,0.006552294,0.0069529144,0.0022523294,0.0011219576,0.0026597765,0.0011418938,0.0,1.1363905e-05,0.0073985783,0.0026901953,0.028089467,0.016680121,0.0107656,0.003218157,0.018996354,0.0008689259,0.00062511285,0.00025862877,0.0030821776,0.0019757827,0.027092729,0.022084093,0.00053911883,0.04338263,0.0012880652,0.0,0.0009561939,0.0011674125,0.0070345174,0.011475168,0.0017069461,0.004554999,0.0027457883,0.0,0.010330058,0.03193621,0.00045478303,0.0,0.020372396,0.001266515,0.027688844,0.006211246,0.0469338,0.0021255023,0.009486697,0.0,0.0022865485,0.00069159555,0.0010735892,0.0
0.012862246,0.044731252,0.072306015,0.019563286,0.100349985,0.0009344442,0.01536095,0.0014315117,0.0075112106,0.010359624,0.030614765,0.09358971,0.052142438,0.025104826,0.0007020392,0.0012639773,0.00034722066,0.09254578,0.047250357,0.00961392,0.0011275825,0.006665793,0.089578,0.06891778,0.009943741,0.010855403,0.032960963,0.008747809,0.0050011314,0.017999811,0.0012690512,0.006615659,0.018480387,0.0371746,0.009164411,0.011230154,0.004341029,0.0,0.0001589179,0.0040844246,0.0,0.003631391,0.06380048,0.036179103,0.0,0.0014977226,0.0,0.01267837,0.0025676994,0.0064318045,0.0071390755,0.020851973,0.00075134455,0.0075377733,0.0018443262,0.0024284376,0.0,0.0,0.00046228926,0.0011832463,7.0336515e-05,0.03004615,0.013864345,0.0009885079,0.0007342695,0.0020254203,0.0095115,0.004466336,0.026306786,0.0005943574,0.0014897847,0.0031068407,0.0,0.0010865069,0.04162463,0.027145091,0.011171606,0.000988859,0.020788167,0.0045502363,0.0052251345,0.000738777,0.024169274,0.006718057,0.011928156,0.0,0.00028226804,0.016163304,0.0019426327,0.0,0.0,0.00011676577,0.027789706,0.035651837,0.0013684892,0.0,0.0033469694,0.010963939,0.0025303774,0.01117962,0.01663298,0.003939054,0.00011418708,0.001258921,0.01917725,0.022914601,0.006437779,0.0066052685,0.011044355,0.012512687,0.026419949,0.02210848,0.0031280476,0.02300399,0.027504515,0.017489403,0.018340215,0.03009696,0.02155546,0.012452006,0.0,0.0,0.031438243,0.0017012355,0.01245652,0.0010831235,0.011228027,0.04296994,0.005431581,0.008025155,0.0021339315,0.0020750898,0.0070257657,0.0,0.001583338,0.004143315,0.042037148,0.014821737,0.018669626,0.0,0.005405831,0.011715902,0.007378084,0.0048160893,0.0,0.0012054662,0.0027708348,0.040531963,0.022161392,0.013125409,0.002380792,0.00086881564,0.004685338,0.0010734522,0.034546264,0.00433768,0.00057031645,0.0,0.0020116186,0.028897509,0.019297862,0.0009344326,0.0,0.0012083545,0.007790634,0.06735177,0.004188959,0.0,0.0,0.0,0.0037947425,0.024011938,0.011921791,0.00031819422,0.0,0.0,0.0022026815,0.0004766809,0.020246523,0.026576001,0.0029820886,0.0,0.0012804926,0.021327041,0.0070083146,0.0,0.00020457486,0.0018020323,0.003927232,0.013233336,0.0,0.0056419093,0.016291434,0.001838057,0.049288902,0.0,0.0053483653,0.002661093,0.0237249,0.0010899391,0.0034911744,0.008309113,0.001410748,0.0071976683,0.001469308,0.0,0.0073052626,0.023112075,0.0061890464,0.039042413,0.0071068304,0.016867248,0.028305314,0.0196646,0.0025547491,0.00093091215,0.0014968436,0.0012766267,0.0044015143,0.010611659,0.042519037,0.012999241,0.006816605,0.010030497,0.0,0.003114945,0.0004891907,0.015197086,0.0036045744,0.015783481,0.0068036453,0.0030840398,0.0,0.003354382,0.01516286,0.004257165,0.0,0.006376069,0.00028279133,0.009922043,0.011150909,0.05368217,0.0116294585,0.017247116,0.0,0.0007468623,0.00019207809,0.0026945956,0.0
0.19329141,0.020599486,0.07816284,0.027071524,0.01186182,0.0008219203,0.006898002,0.0070540695,0.0025639327,0.009448674,0.03236843,0.0015263474,0.07090523,0.040747166,0.032748096,0.047737677,0.081649475,0.15474874,0.006746581,0.0035578134,0.045396205,0.01187514,0.05212651,0.025307283,0.01034486,0.0022970974,0.018226927,0.012906291,0.014154384,0.02254422,0.058286075,0.005980031,0.02163711,0.0011357011,0.011974889,0.009241373,0.0005744258,0.0,0.00034873237,0.004323483,0.0,5.302215e-05,0.0059335404,0.0040257587,0.0,0.005989365,0.0,0.0052779657,0.0016271762,0.0019494046,0.0040852334,0.0024847346,0.001709929,0.0048384992,0.0026280843,0.0014000852,0.0,0.0,0.0036481952,0.0021625373,0.0008559659,0.039960917,0.0019707172,0.00078775565,0.0006711996,0.0025201763,0.0050460184,0.030631868,0.01680907,0.0015652466,0.0020554627,0.00052542164,0.0,0.00013624746,6.4783664e-05,0.009938564,0.0058368375,5.022906e-05,0.009863935,0.0056078136,0.009548842,0.014302674,0.034392122,0.00044056933,0.011817801,0.0,0.0007695321,0.0063330126,0.0028719476,0.0,0.0,0.00042219664,0.049657382,0.002304441,0.0053529693,0.0,0.0006120889,0.011343548,0.025916936,0.0060971314,0.023704596,0.0017446658,0.00033676636,0.0040943534,0.0051982366,0.02498038,0.007882026,0.019822083,0.0088725975,0.008409801,0.006343012,0.01615291,0.0032843375,0.008169677,0.0106627485,0.0048514176,0.025347875,0.011774771,0.00032814054,0.0072554727,0.0,0.0,0.013906857,0.0141222235,0.115109,0.02848886,0.0049210805,0.017679138,0.0056141657,0.010511805,0.021941388,0.046403605,0.0010497973,0.0,0.002237654,0.008694557,0.004087712,0.018386768,0.0012659597,0.0,0.0025123858,0.0074134753,0.013688336,0.0006090765,0.0,0.00083530654,0.0039519463,0.003912918,0.016674628,0.005724081,0.0041754763,0.0010575346,0.00085507566,0.004562489,0.02032556,0.023377582,0.0014765196,0.0,0.0017613719,0.03054187,0.0026460616,0.0010002028,0.0,0.0021866718,0.010262149,0.06267029,0.01754733,0.0,0.0,0.0,0.0036690652,0.025272014,0.034141485,0.0020655198,0.0,0.0,0.002147869,0.018049302,0.005737336,0.042289168,0.00740791,0.0,0.0030887546,0.008112489,0.031377263,0.0,2.0323255e-06,0.0016341438,0.0051531787,0.015091484,0.0,0.025020372,0.019046297,0.0013665996,0.026562596,0.0,0.0004854842,0.00038980163,0.002698782,0.0024133262,0.0030674848,0.02148101,0.0038384516,0.00018128338,0.00022320246,0.0,0.0047390717,0.0013152286,0.024348255,0.030518988,0.007954126,0.0034673614,0.08707894,0.0011863227,0.00010897902,0.0011325532,0.00036950182,0.0035422533,0.0023441159,0.030540563,0.0057963794,0.0054235216,0.05212294,0.002227373,0.0,0.0018052305,0.0007358413,0.0019254505,0.057231586,0.01429748,0.0006690387,0.00044539166,0.0,0.006750291,0.030869015,0.00032412598,0.0,0.026143257,0.00247236,0.009209212,0.0024840124,0.030033145,0.0049488666,0.025109423,0.0,0.002994748,0.00015562015,0.0012292389,0.0
0.012722445,0.029778961,0.06732473,0.047583666,0.014499788,0.014165084,0.0034882086,0.029788371,0.00013569242,0.0025042903,0.14874904,0.060655206,0.0050432626,0.016746497,0.004095046,0.0044270107,0.018044062,0.048052464,0.09805394,0.008129476,8.016126e-05,0.00075320515,0.008369871,0.049434714,0.027660538,0.061286014,0.0049352446,0.001434391,0.03645086,0.019546816,0.001972378,0.004702639,0.018851817,0.0004578396,0.0046697943,0.0003523044,0.0034384944,0.0,6.010189e-05,0.003613331,0.0,0.0030229778,0.0076604835,0.0004382851,0.0,0.00066205475,0.0,0.000113396854,0.00093855767,0.005683017,0.019798778,0.00266194,0.0023186295,0.0013488081,0.0015655435,0.00034175054,0.0,0.0,0.00097036106,0.004463548,0.000661605,0.016985705,0.0068018674,0.0041150595,0.0019454801,0.00039771697,0.0049086786,0.005206233,0.0072871028,0.00014265129,0.0012769687,0.0044774185,0.0,0.0018783225,0.011447767,0.029946208,0.011729896,0.002336336,0.015859934,0.004068167,0.023162331,0.008624705,0.021193156,0.0016784421,0.04548642,0.0,0.0010005066,0.018481355,0.025517287,0.0,0.0,0.0004549289,0.0033076536,0.0036236146,0.011550039,0.0,0.0039030374,0.055749506,0.0069769444,0.00022750629,0.0059715426,0.0017469396,0.000586288,0.07162523,0.024877835,0.015478351,0.001137052,0.0026628333,0.016388021,0.006342466,0.0026211513,0.026467092,0.004158764,0.00064238935,0.022982156,0.046703853,0.014366257,0.022530999,0.009682101,0.0040125027,0.0,0.0,0.056123883,0.019297365,0.011486805,0.002126804,0.0080490885,0.018697565,0.00021648996,0.004660973,0.038899574,0.00810414,0.0036473004,0.0,0.0013460189,0.0013664713,0.023950063,0.062258724,0.00057540485,0.0,0.0028263393,0.014690459,0.00854707,0.012932227,0.0,0.00072554115,0.0701884,0.016898688,0.02277457,0.008192075,0.0013699209,0.0023971833,0.0039739376,0.023591023,0.03419594,0.017396256,0.00078185153,0.0,0.0011736845,0.003210008,0.0053210924,0.0013208546,0.0,0.00077486364,0.014106662,0.04626423,0.025067257,0.0,0.0,0.0,0.0037226775,0.0014141932,0.013977016,0.00026718894,0.0,0.0,0.0042284396,0.0015812747,0.00072792236,0.021775616,0.0027466472,0.0,0.0035573675,0.034856744,0.004092195,0.0,0.0007267493,0.0003659095,0.0018931541,0.0074288156,0.0,0.023957396,0.0014076349,0.00059465517,0.029350176,0.0,0.005478092,0.0015162985,0.04764626,5.080631e-06,0.005156426,0.0036865845,0.00063987524,0.0020206403,0.00053858676,0.0,0.0021547708,0.015273093,0.0042594913,0.032302834,0.013166427,0.0030691116,0.0042436775,0.03316005,0.00021097703,0.0011682713,0.0009283317,0.0016617945,0.009417666,0.026206428,0.022042656,0.04581321,0.046483655,0.006714496,0.0,0.0030061237,0.0009529729,0.0014346197,0.019702123,0.012450146,0.0032128796,0.0024150773,0.0,0.0014820963,0.04012698,0.0014083802,0.0,0.0040225764,0.001020887,0.00964541,0.015185145,0.010453408,0.0042304266,0.043228664,0.0,0.00014709996,0.0009817507,0.0033583988,0.0
0.053234432,0.023035474,0.033691354,0.004603488,0.015041782,0.010206713,0.004442152,0.010633018,0.011342876,0.0011223379,0.06856557,0.019781444,0.035204843,0.028850267,0.014773956,0.053077832,0.0015473914,8.065176e-05,0.06454306,0.003474206,0.0005907205,0.00090321596,0.0060900077,0.023522016,0.002590248,0.0017051786,0.00611618,0.008656357,0.039904386,0.023241071,0.0018960938,0.0068689534,0.017672032,0.0038277234,0.088306956,0.002190715,0.0010053115,0.0,0.00084550976,0.0003388902,0.0,0.005517324,0.0053259158,0.0060003316,0.0,0.0059428876,0.0,0.03664819,0.0015636105,0.0041064164,0.019511266,0.0028467812,0.0036515095,0.0040439595,0.0040717544,0.0028256918,0.0,0.0,0.006492484,1.1713031e-05,0.0007122183,0.0006485172,0.0063253287,0.00010882425,0.002363838,1.750544e-05,0.0098168,0.004740088,0.027193464,0.0005923287,0.0009665352,0.004066592,0.0,0.00464915,0.027654635,0.027697394,0.019987391,0.0018315852,0.053026475,0.015255537,0.0024313447,0.0044309334,0.029413149,0.0028776368,0.08831638,0.0,0.002865297,0.013168788,0.0018348319,0.0,0.0,0.0012945168,0.024086794,0.004896106,0.027551226,0.0,0.0004500613,0.04606087,0.0023281507,0.004307029,0.0014908767,0.0053790337,0.00061573356,0.020985307,0.030863699,0.003682596,0.0038295856,0.012882007,0.01494119,0.016957728,0.01728361,0.06690394,0.0018679842,0.015121685,0.03840471,0.0027290524,0.0029179868,0.09102458,0.012422425,0.026601793,0.0,0.0,0.015571139,0.03824908,0.014946943,0.0029673702,0.009146206,0.0010223982,0.013115355,0.0436732,0.011396529,0.007824972,0.0022799827,0.0,0.05047526,0.015853953,0.019526841,0.006518672,0.001648481,0.0,0.021419046,0.0060868543,0.009577289,0.002196979,0.0,0.0007114532,0.0034373824,0.011567156,0.023745172,0.021111706,0.0012833365,0.0012891517,0.09629438,0.0021950358,0.026796402,0.02630188,0.0011908853,0.0,0.0027981556,0.008465481,0.017269721,0.0046819565,0.0,0.00018258541,0.012596642,0.04689723,0.00037438728,0.0,0.0,0.0,0.0047324947,0.0002720564,0.075978376,0.001139713,0.0,0.0,0.0025940614,0.00045394961,0.053426653,0.0037948848,0.001586109,0.0,0.0010241076,0.014010582,0.017355125,0.0,0.0021275694,0.0006354616,0.0021282162,0.0018746817,0.0,0.0016399621,0.041664783,0.006725274,0.0025960114,0.0,0.0025810828,0.026734384,0.012104388,0.006728703,0.007163872,0.025035366,0.0030442076,0.015060283,0.0011341083,0.0,0.015351735,0.034407306,0.006257216,0.06725128,0.01226263,0.048160587,0.0035557407,0.013500018,0.0017062321,0.0009301241,0.00077860046,0.0025858544,0.0018808739,0.0012065823,0.016731827,0.0031073028,0.06666542,0.00369201,0.0,0.0007783066,0.0018862468,0.021103974,0.02168871,0.0010515366,0.011471001,0.04327566,0.0,0.004568176,0.027578497,0.0062520434,0.0,0.0075177657,0.0024593351,0.014353384,0.022917211,0.037041906,0.015766159,0.11259051,0.0,0.00037218758,0.0018123612,0.0022671102,0.0
0.0020516256,0.0011589099,0.04377838,0.020640405,0.008734506,0.05486691,0.011223375,0.0056162253,0.0012537176,0.014778358,0.018903624,0.023048367,0.03800335,0.01911993,0.00067812536,0.007759216,0.036736365,0.045368038,0.014413457,0.0036871005,0.014953321,0.007183276,0.014168174,0.001735579,0.005812756,0.25476295,0.007176528,0.01780492,0.008105752,0.015905453,0.0060436307,0.0028358642,0.008704249,0.016818587,0.013490754,0.0019406958,0.0005064223,0.0,0.00017007103,0.026526818,0.0,0.03224411,0.013920215,0.0038901668,0.0,0.0054600304,0.0,0.0010180575,0.02922188,0.0037863608,0.017179927,0.0015209825,0.06119768,0.0065480517,0.0060153767,0.0003709013,0.0,0.0,0.0038439734,0.00045651777,0.0002134248,0.05973778,0.0026229192,0.0027708178,0.0014545618,0.001646921,0.007993097,0.00023582981,0.018258093,0.0014177114,0.0018085995,0.0040427474,0.0,0.039127182,0.04453126,0.0036101078,0.0067139375,0.0025802196,0.0067839613,0.0085610105,0.023292674,0.009272419,0.009137401,0.0018599536,0.010486464,0.0,0.00068542844,0.0043199197,0.00465327,0.0,0.0,0.00037558496,0.007576395,0.004512341,0.0060631726,0.0,0.0003382826,0.0029561366,0.0002016597,0.0039613913,0.0013485402,0.0019972026,0.00081064785,0.0042611025,0.020815559,0.003760072,0.0076883305,0.0039398004,0.004663079,0.012705427,0.012729182,0.0082511,0.030728538,0.008161057,0.006207767,0.008774671,0.01839231,0.005801589,0.010730083,0.016966935,0.0,0.0,0.033621337,0.0027764156,0.007870383,0.0018192031,0.009541826,0.008716996,0.0033651162,0.0074894293,0.034056306,0.006405176,0.0028481493,0.0,0.0019675442,0.006304073,0.008247091,0.0032787463,0.0009002616,0.0,0.0029606007,0.007714802,0.034147296,0.008327751,0.0,0.0007286488,0.0018386466,0.001081039,0.0038508258,0.0030345756,0.0008501585,0.00048913056,0.0024683492,0.005010811,0.0072708395,0.01263844,0.0012282354,0.0,0.0014044443,0.024572793,0.0125439195,0.0045761317,0.0,0.045856044,0.0071985316,0.060449455,0.02135163,0.0,0.0,0.0,0.008987968,0.0011642165,0.027117088,0.0032136508,0.0,0.0,0.003333195,0.0014827978,0.0039476054,0.04482584,0.0024790443,0.0,0.002485698,0.02771581,0.0035779038,0.0,0.0014803096,0.0011614829,0.004800402,0.0077702017,0.0,0.021177644,0.003707298,0.00072350696,0.01300696,0.0,0.0068371445,0.047824312,0.010585905,0.010977938,0.0060786945,0.015101353,0.0032837957,0.00056332105,0.0007403045,0.0,0.005218782,0.0071117436,0.001501988,0.030433087,0.0025612083,0.006196437,0.040749848,0.0557251,0.0039504697,0.0010097211,0.0019038775,0.00074528635,0.007984281,0.040890444,0.00946006,0.010370726,0.04966977,0.014539553,0.0,0.0020859863,0.0011385295,0.00971398,0.029583285,0.09988647,0.0033903525,0.0015962117,0.0,0.032206494,7.8499324e-05,0.0015112559,0.0,0.0011493062,0.0014578939,0.04129666,0.0023729103,0.008111143,0.0027609495,0.010522726,0.0,0.0004511296,0.0006751612,0.003759817,0.0
0.027269136,0.007875152,0.003981135,0.0031878764,0.14981587,0.0028651091,0.041554015,0.019103518,0.0029857776,0.022728149,0.009279901,0.07485155,0.039883293,0.022070333,0.01016236,0.060482796,0.10840436,0.063918486,0.0036440403,0.006850728,0.029859366,0.0007746583,0.002467343,0.04263612,0.0051247724,0.0046753357,0.021219993,0.034491338,0.025268784,0.009125746,0.008577376,0.0011649341,0.0059251655,0.002961715,0.012164706,0.0073572486,0.002943504,0.0,0.0006661957,4.641657e-05,0.0,0.0053990823,0.016253,0.00073540123,0.0,0.009494646,0.0,0.004197725,0.0026128977,0.008430944,0.0033341513,0.002126618,0.0031396807,0.008964592,0.0047266856,0.0025873901,0.0,0.0,0.0007350262,0.0034764307,0.00063997146,0.04055948,0.0056404825,0.0051358906,0.00035666168,0.0012372064,0.0028673103,0.008038802,0.036950022,0.00030917945,0.0029535992,0.0064898683,0.0,0.002641295,0.01079665,0.013013357,0.013377361,0.0019146136,0.043195225,0.0008681049,0.0045730816,0.011029182,0.05455749,0.0036791784,0.0004899141,0.0,5.8675796e-05,0.021814212,0.004810084,0.0,0.0,0.0030427657,0.005187587,0.008454067,0.011889053,0.0,0.002937413,0.017945718,0.0047215247,0.0019461502,0.00555671,0.0014735603,0.0023892443,0.015020499,0.0142642595,0.031292174,0.018744126,0.0052060783,0.029375186,0.012313474,0.0051457454,0.033475365,0.0011408157,0.0027985738,0.035581876,0.00808833,0.023806794,0.039202884,0.0065422435,0.0023781864,0.0,0.0,0.013205503,0.052113708,0.009549854,0.0018481507,0.009014993,0.02128066,0.00714848,0.007973541,0.02075694,0.01409835,0.004943192,0.0,0.00073641463,0.0021021082,0.042051025,0.009463603,0.00022721951,0.0,0.0036871315,0.022445437,0.017601008,0.0019777678,0.0,0.0016442599,0.0011917353,0.0065528355,0.009827874,0.004720776,0.0022417172,0.03662023,0.0011289361,0.016022483,0.0066525834,0.006264649,0.0005976779,0.0,0.0024346965,0.0075021093,0.010349712,0.0011028631,0.0,0.00068018516,0.007470672,0.05673831,0.0038673158,0.0,0.0,0.0,0.011465368,0.0044604065,0.0013493045,0.0009333884,0.0,0.0,0.0020204221,0.0024829968,0.001441609,0.035160907,0.015421587,0.0,0.0210156,0.0068645263,0.002763037,0.0,0.0014678095,0.0021521836,0.0028060295,0.0062511046,0.0,0.0056613884,0.0068184454,0.0012750335,0.025278151,0.0,0.005081208,0.0037678727,0.020796485,0.0151158385,0.059661087,0.024450235,0.000495658,0.0023884035,0.00046148428,0.0,0.008788299,0.015721587,0.0072623026,0.019755738,0.005564083,0.010510714,0.008755998,0.0055639334,0.0017160471,0.0002860708,0.0002641897,0.0017313877,0.00095743866,0.0045444793,0.0011805604,0.0025169067,0.02567019,0.017549397,0.0,0.0014343981,0.0010500291,0.015899347,0.0028037345,0.017770082,0.0036269263,0.0043197433,0.0,0.007894342,0.014570043,0.051998056,0.0,0.0053128083,0.0036890148,0.0020050607,0.034347884,0.048894003,0.004871572,0.003559863,0.0,0.00087092153,0.00039377363,0.0013203467,0.0
0.0028494094,0.008971634,0.03265233,0.0015187754,0.08123006,0.07236308,0.018438648,0.041795414,0.0061183684,0.055950183,0.21382497,0.0060592457,0.00903108,0.0059545767,0.0049206545,0.0057930374,0.0011080955,0.023844194,0.00035402476,0.03176403,0.00021845059,0.005299263,0.014817401,0.052187376,0.045254577,0.00020689388,0.01743985,0.0012466772,0.021915844,0.046871666,0.0049423072,0.007836738,3.3050193e-05,0.010127781,0.015180127,0.00029961913,0.0027802817,0.0,0.00030285248,0.002414383,0.0,0.0072971894,0.0068405354,0.0014941,0.0,0.00437762,0.0,0.0030176593,0.0012602295,0.010587713,0.0032498937,0.00033130648,0.0016995633,0.003926139,0.0009575297,0.0010775023,0.0,0.0,0.0037194588,0.008660805,0.0007803324,0.052232813,0.0049137645,0.0021605114,0.0014056542,0.0011046142,0.006826955,0.007924165,0.026601547,0.017196387,0.0017371388,0.0085925,0.0,0.0017402254,0.016712174,0.010744508,0.05403755,0.002858055,0.010348182,0.012512468,0.008429254,0.0009835684,0.013635771,0.0020458733,0.003158314,0.0,0.00061204453,0.016674787,0.003312749,0.0,0.0,0.00025029105,0.012965843,0.0043154056,0.00811014,0.0,0.00055834977,0.017156206,0.009660373,0.026663292,0.0013781427,0.00047315552,0.0001801811,0.00760528,0.0661288,0.005304027,0.00056906586,0.0041757952,0.0053818384,0.025346352,0.020675912,0.02839482,0.003359392,0.035868656,0.013993104,0.00865839,0.018281307,0.039827894,0.014899272,0.028434377,0.0,0.0,0.013376103,0.023242485,0.008171716,0.00077761,0.0009197959,0.05119475,0.000754113,0.002963022,0.012860414,0.0037494614,0.0054477626,0.0,0.0017336614,0.008127729,0.004525572,0.0052272715,0.0002743374,0.0,0.002391882,0.008900008,0.0043870513,0.0043664426,0.0,0.00038632273,0.0019037472,0.0050269263,0.006904245,0.011965751,0.002456875,0.0014689724,0.00037646206,0.0032919983,0.010352769,0.008239526,0.0018411204,0.0,0.005359434,0.00045480096,0.018051213,0.0054433434,0.0,0.0013083606,0.00491486,0.06518983,0.0028672742,0.0,0.0,0.0,0.00409189,0.033937182,0.011305196,0.00013432562,0.0,0.0,0.00087266346,0.0033143528,0.0016580686,0.013143048,0.028708326,0.0,0.0048661446,0.058185533,0.0073046526,0.0,0.0005947222,6.715482e-05,0.006206456,0.021581385,0.0,0.03218546,0.0042904182,0.024261974,0.025384486,0.0,0.00081933034,0.00015704022,0.0076593026,0.03949826,0.006148847,0.051955573,0.01569511,0.0024249111,0.00043177282,0.0,0.0034133717,0.02031357,0.006060804,0.018609982,0.010037663,0.0025024626,0.011392174,0.024753865,0.0021672253,0.0006899331,0.00020943511,0.0010512827,0.004822396,0.0030648056,0.011050854,0.013317541,0.026741972,0.0025777793,0.0,0.003036308,0.0010701878,0.0030786605,0.009056139,0.0005611004,7.242337e-05,0.005634378,0.0,0.015334583,0.028278196,0.0012713056,0.0,0.024965597,0.00096618297,0.01338481,0.105171636,0.049379252,0.0029625874,0.007744866,0.0,9.9451034e-05,0.0010661776,0.00031719593,0.0
0.019692935,0.003585366,0.013629819,0.0040787603,0.0069804885,0.017027225,0.04064014,0.011021717,0.0042870142,0.019023702,0.04078038,0.037460353,0.03534498,0.014370823,0.041550875,0.0058813374,0.034145795,0.03727749,0.05637532,0.022617916,0.015898222,0.1484628,0.015847033,0.07558,0.0036418855,0.07479037,0.0019187477,0.0068856785,0.0331231,0.03387888,0.011265325,0.0034311325,0.044046182,0.0063311523,0.0164258,0.002647354,0.0010065744,0.0,0.0002500332,0.0041840356,0.0,0.012185427,0.014592993,0.005771176,0.0,0.02406421,0.0,0.0012665759,0.0029044885,0.02657636,0.006370118,0.0019673817,0.002843613,0.0020849872,0.0011130777,0.0003497952,0.0,0.0,0.042423356,0.0022605448,0.00038149112,0.009367712,0.0016252475,0.004349853,0.001544807,0.0035608648,0.019371608,0.010047184,0.002302971,0.00091956777,0.0036753658,0.00044619807,0.0,0.0017069462,0.00088543195,0.047255687,0.015139744,0.00036344322,0.07126781,0.02262068,0.028639756,0.0036155214,0.06297001,0.0016585889,0.00015867116,0.0,0.0007332187,0.0074083987,0.0076338705,0.0,0.0,0.0007716067,0.0028594101,0.006410338,0.027807675,0.0,0.010619461,0.056197006,5.7651014e-05,0.012097222,0.006180453,0.0026591548,0.0017115242,0.0025155405,0.012739093,0.03029897,0.01034888,0.009991728,0.0054523884,0.011954215,0.0006996658,0.06501796,0.00482085,0.039031588,0.010606387,0.0017170815,0.043150917,0.09273935,0.0032128238,0.0025722047,0.0,0.0,0.011634977,0.004194224,0.06753917,0.00029208374,0.036883555,0.022462945,0.026373059,0.0056320596,0.006063076,0.014356752,0.06726455,0.0,0.0034209336,0.000839982,0.025790516,0.008580911,0.00037852066,0.0,0.0048052757,0.021778192,0.001120657,0.005859431,0.0,0.00087223033,0.00077769894,0.034165766,0.0055105207,0.0017528491,0.0026761708,0.0025632794,0.00054949126,0.0035721732,0.023284769,0.01624665,7.64059e-05,0.0,0.0031146284,0.006360846,0.00016408505,0.0060872096,0.0,0.00089586334,0.011176893,0.032812998,0.012421689,0.0,0.0,0.0,0.008746549,0.020164682,0.020824857,0.002176022,0.0,0.0,0.0006232345,0.0068548876,0.030359311,0.027230766,0.0066176765,0.0,0.0031599787,0.006815173,0.012906418,0.0,0.0015386345,0.001686878,0.0021172026,0.049325038,0.0,0.051319912,0.004209289,0.00021185464,0.005735228,0.0,0.0034015344,0.0014164676,0.010499922,0.0024287668,0.0057811174,0.0032395115,0.051918607,0.00052411837,0.0013039148,0.0,0.0090260375,0.01855352,0.011005889,0.037532624,0.013878966,0.009395156,0.00032154983,0.0053601502,0.0005151813,0.0009020503,0.0010065155,0.0024625051,0.040070146,0.01641377,0.028474517,0.004509333,0.038140323,0.0103162415,0.0,0.0011244676,0.002309461,0.010708982,0.034464546,0.008784133,0.0023047447,0.008183834,0.0,0.014671595,0.062286947,0.012081126,0.0,0.010377882,0.002940177,0.015213491,0.030865258,0.057048634,0.004052071,0.005249505,0.0,0.0023069761,0.0013157693,0.0039351834,0.0
0.00966059,0.005123318,0.061613902,0.012428036,0.084091544,0.03687792,0.02689207,0.0051792366,0.015586238,0.012083942,0.022493951,0.0009019608,0.0033453908,0.009539138,0.028497035,0.07089155,0.039961144,0.007564322,0.026874688,0.0061565354,0.009328098,0.018095668,0.006762844,0.016769757,0.053970728,0.0001447214,0.0036674018,0.007572419,0.0060151913,0.009769089,0.00041786378,0.008626492,0.009394772,0.0015255938,0.016949777,0.008922015,7.088791e-05,0.0,7.928407e-05,0.0005473525,0.0,0.002931316,0.018761452,0.029920602,0.0,0.0016990572,0.0,0.0045005474,0.00017751768,0.007202911,0.0061803698,0.0013808511,0.0022219312,0.00649419,0.0071271094,0.0014884832,0.0,0.0,0.0018744546,0.0017094183,0.00033461032,0.032288153,0.012213261,0.00048141697,0.00014109166,0.00021824308,0.0020533744,0.014606957,0.014692651,0.000637608,0.0027818156,0.010683403,0.0,0.00013365674,0.023313727,0.038955946,0.026750587,0.002134352,0.022476127,0.005754151,0.014088989,0.006417242,0.023507986,0.0027636013,0.015110747,0.0,0.0024953461,0.0008768106,0.008114137,0.0,0.0,0.0008870367,0.008468467,0.0067808595,0.010043851,0.0,0.00044505118,0.0078365635,0.0089296345,0.0017460927,0.006145151,0.0025853484,0.0003452335,0.014374037,0.0037787345,0.048575003,0.008573378,0.07089298,0.008213767,0.015236508,0.041674726,0.038947236,0.0010989789,0.0035063669,0.020569544,6.077069e-06,0.035227608,0.03682613,0.005121725,0.003415968,0.0,0.0,0.024032509,0.0406644,0.01805111,0.0031092963,0.00863484,0.00922085,0.002765969,0.0015153695,0.00676576,0.0024107578,0.004700045,0.0,0.002053164,0.017516429,0.08975003,0.0026389481,0.0015495191,0.0,0.0012584712,0.009184928,0.017504461,0.011712033,0.0,0.001596511,0.0043209065,0.00901303,0.054832954,0.021050235,0.0036834632,0.0020255188,0.0013442708,0.009713505,0.045667525,0.004233404,0.0022066194,0.0,0.00037842712,0.0009742082,0.00891136,0.002105576,0.0,0.0013075875,0.02154129,0.0123543395,0.0047060912,0.0,0.0,0.0,0.00014526754,0.022046763,0.027417304,0.0008540184,0.0,0.0,0.0032289808,0.0028874471,0.0077383774,0.01172172,0.0024141278,0.0,0.0030256629,0.001791441,0.0024596814,0.0,0.0029451454,0.0016481216,0.002390312,0.012113385,0.0,0.0034273071,0.0035221942,0.009051555,0.020427173,0.0,0.0011751716,0.030512674,0.011631342,0.00014843725,0.00492326,0.025489412,2.1280755e-05,0.006832688,0.0016641953,0.0,0.0061701913,0.015342184,0.0077139377,0.033977915,0.013455166,0.0046804766,0.011709215,0.0007745539,0.0013164727,0.00097052404,4.1959862e-05,0.0013366295,0.0027123592,0.031518698,0.000720608,0.0022951507,0.020705381,0.0020508943,0.0,0.00413215,0.002167743,0.0032620903,0.05329974,0.0126257595,0.014360401,0.0030270547,0.0,0.012588897,0.024721786,0.007865889,0.0,0.020067817,0.002906953,0.09454648,0.015630184,0.038842022,0.016369918,0.06296738,0.0,0.0006391182,0.0018558839,0.0024250536,0.0
0.0004268294,0.0008858462,0.021104865,0.057525273,0.008754296,0.0010556136,0.015864274,0.020547463,0.00084643834,0.016697513,0.108124375,0.01670133,0.020945888,0.005747016,0.031295445,0.032473367,0.00069048116,0.00370325,0.023771137,0.00092367426,0.010956293,0.0061742254,0.01571666,0.052475914,0.0014142618,0.019255517,0.0036330018,0.0010764861,0.016759565,0.029957449,0.014047873,0.0045673014,0.006126793,0.033931997,0.013175239,0.009465887,0.0017517915,0.0,0.0007401537,0.0046449346,0.0,0.00303817,9.1487986e-05,0.0026880372,0.0,0.008180846,0.0,9.349938e-05,0.004741132,4.2022007e-06,0.010062314,0.00013456444,0.0012938367,0.0022377602,0.008663171,0.00082199695,0.0,0.0,0.0050956067,0.0040912223,0.0005117221,0.033408657,0.011917546,0.0040900446,0.0002963235,0.0003073003,0.008743009,0.020797785,0.036901627,0.0011991338,0.0025680528,0.0029438997,0.0,1.5923386e-05,0.010991398,0.0177847,0.010069381,0.00014195616,0.010824552,0.020481883,0.0077173472,0.006004723,0.019170277,0.0015220981,0.0044298735,0.0,0.0003206728,0.02389211,0.0023728334,0.0,0.0,0.0011704465,0.0148464935,0.00040995685,0.015993029,0.0,0.0007772324,0.012955166,0.00025602704,0.0069022537,0.005701358,0.0015356526,0.0012708566,0.0008603462,0.014032027,0.0018495347,0.012709832,0.014967575,0.0069442587,0.009361979,0.012790201,0.013992317,0.0017236243,0.0042734696,0.034877688,0.0007300943,0.01746092,0.015207785,0.0045266063,0.0076917037,0.0,0.0,0.0027238145,0.00990881,0.026515136,0.0004542687,0.024726523,0.010955374,0.0151777,0.01145221,0.0065951385,0.005908147,0.008190055,0.0,0.0024562688,0.03352806,0.03076938,0.0029554092,0.00031712145,0.0,0.0037844155,0.0034592408,0.009385527,0.0033251531,0.0,0.00053834234,0.0012060647,0.042306785,0.0014318129,0.0014132068,0.00054886576,0.00054543104,0.00040056446,0.0016624869,0.00506863,0.0051961644,0.00045019266,0.0,0.0005678945,0.0065653617,0.011155523,0.0025860018,0.0,0.0005804376,0.010714824,0.03682178,0.005643769,0.0,0.0,0.0,0.0026398967,0.022757353,0.004378585,0.00084080634,0.0,0.0,0.0017706631,0.005264478,0.01225971,0.008291544,0.0003814726,0.0,0.003340366,0.008964792,0.05223597,0.0,0.00089784723,0.00028276915,0.0011545098,0.0041318135,0.0,0.010339228,0.0046932623,0.004338675,0.023126883,0.0,0.0004349932,0.0015508335,0.014149715,0.00091991806,0.00823776,0.00048634427,0.0011587454,0.0028439949,0.0012221374,0.0,0.023682866,0.029985273,0.0034214347,0.035789687,0.0058470583,0.017417487,0.0034040862,0.00344195,0.00016998618,0.0010780256,0.0003819195,0.0010639335,0.0030374832,0.044556186,0.025469694,0.0040365667,0.04356288,0.027401868,0.0,0.001881017,0.0005317707,0.008015875,0.006395753,0.016053036,0.0011815719,0.0011643812,0.0,0.002206715,0.031416114,0.0022367311,0.0,0.0040316256,0.0029015935,0.0070009106,0.0034226233,0.0137689775,0.0005202638,0.0019761778,0.0,0.0018362879,0.00037928508,4.4493925e-05,0.0
0.0013155489,0.0018553231,0.031363733,0.031011965,0.0021506008,0.062102694,0.034647547,0.004614922,0.012695642,0.009222527,0.04549195,0.012609495,0.0045791892,0.002979304,0.010312777,0.010616825,0.0051208218,0.01616725,0.0404654,0.01778033,0.0039952006,0.010087529,0.27500182,0.0009501114,0.003669382,0.048243698,0.013141194,0.004742868,0.026714792,0.0043601873,0.009237472,0.0003577694,0.024474816,0.0065337103,0.02125333,0.00480998,0.00480091,0.0,0.000900216,0.06597759,0.0,0.0004634518,0.018213069,0.0059880917,0.0,0.0038083098,0.0,0.009072633,0.0003332319,0.01177862,0.0022711337,0.0010067144,0.0017967075,0.009735839,0.0018852225,0.00051212125,0.0,0.0,0.013867237,0.009219902,0.0030288147,0.041378535,0.0058290204,0.0012751744,0.0010899345,0.0010764655,0.0042231097,0.04953368,0.022604026,6.644454e-05,0.002125556,0.011586565,0.0,9.5651456e-05,0.012341486,0.016076263,0.03051433,0.003800945,0.016008072,0.017062671,0.0043165674,0.011923073,0.021761056,0.009415012,0.0014642187,0.0,0.0009883373,0.018716244,0.0035324802,0.0,0.0,0.00021826653,0.01010927,0.0009859416,0.0018975931,0.0,0.004725588,0.0017388413,0.001057558,0.012536284,0.007141878,0.0007389919,2.1109092e-07,0.0029391472,0.03925166,0.028796641,0.008554488,0.0039066896,0.0048839166,0.009779888,0.023804953,0.00078143756,0.00021042318,0.0007321347,0.006417162,0.010648036,0.044306193,0.040181484,0.0071457378,0.00654447,0.0,0.0,0.009239376,0.005052788,0.02682518,0.0015333829,0.010409576,0.046430364,0.00478326,0.00062927895,0.012630944,0.0047720396,0.0029118918,0.0,0.0012810217,0.02666637,0.021049727,0.011767774,0.0009190489,0.0,0.00058636937,0.007834844,0.008055935,0.006544177,0.0,0.00097230065,0.00032628592,0.009696846,0.070137516,0.008400007,0.0025942025,0.0008337186,0.0010917772,4.246558e-05,0.052651096,0.01279779,0.0010818273,0.0,0.0017853017,0.015537863,0.009117503,0.0009423829,0.0,0.0011847113,0.0053826324,0.05817843,0.016481418,0.0,0.0,0.0,0.019912586,0.032258224,0.035345882,0.000104127255,0.0,0.0,0.0030390916,0.0048474637,0.007483066,0.003983264,0.024302011,0.0,0.0005120393,0.030869154,0.010732367,0.0,7.804072e-05,0.0019185836,0.0032327832,0.016469678,0.0,0.027289676,0.017142368,0.00092721765,0.023428878,0.0,0.0075754332,0.0037851569,0.014415215,0.015213223,0.002394365,0.009346211,0.002115978,0.010390388,0.0008781001,0.0,0.0047095665,0.0074868966,0.0064824373,0.029646115,0.019738011,0.005599391,0.013547293,0.010620027,0.0022828567,0.001488393,0.00014346646,0.0025465076,0.010233879,0.027316093,0.019827649,0.0023471785,0.04015576,0.0029227505,0.0,0.010386735,0.0013224347,0.0019789003,0.0050943685,0.0034148803,0.00092299434,0.0034662571,0.0,0.04344098,0.021452911,0.0056871935,0.0,0.006432571,0.0016765235,0.0065207016,0.02308016,0.058326855,0.006278619,0.016227534,0.0,0.00100109,0.00088961114,0.009348687,0.0
0.0039086347,0.0478006,0.044393666,0.0048294943,0.1310322,0.0006678985,0.0423522,0.09818519,0.012232136,0.007753445,0.009745016,0.041849516,0.005876333,0.007833513,0.008386778,0.020530881,0.10157414,0.09813761,0.0003289743,0.015239033,0.00038519892,0.012793471,8.3503925e-05,0.0038783858,0.018249817,0.015437904,0.0044245566,0.02262468,0.041161925,0.00039382814,0.0080228215,0.005919815,0.003404626,0.00064692367,0.0008881766,0.05122597,0.0011286391,0.0,0.0014386859,0.0015372827,0.0,0.0030245034,0.00021618856,0.002975877,0.0,0.005106178,0.0,0.00157843,0.00016760822,0.00017207717,0.0012696806,0.0023788954,0.0028827183,0.0042279637,0.004120972,0.0009683475,0.0,0.0,0.0019151773,0.0018379688,0.00018378293,0.0030618566,0.012289309,0.0034407685,0.00057659106,0.00084807404,0.029012293,0.0016900636,0.00075367873,0.0005290138,0.001661734,0.0020294085,0.0,0.0020207206,0.031734955,0.007703394,0.005786475,0.0013603754,0.016817506,0.0045274952,0.015177961,0.04360937,0.01827061,0.0001965325,0.0041515753,0.0,0.0015643163,0.025718333,0.005718455,0.0,0.0,0.0003589572,0.030032676,0.004647984,0.0016882572,0.0,0.0040570265,0.04679366,0.0066837436,0.0051337793,0.01586099,2.4232102e-05,0.00074822083,0.017335743,0.0010405539,0.0013373687,0.0029124145,0.0025388268,0.0213094,0.0035459911,0.0075027393,0.026624916,0.001098153,0.00047640494,0.029926065,0.009377449,0.013397619,0.014104752,0.002391788,0.025764244,0.0,0.0,0.011334927,0.011115114,0.0068172286,0.002586292,0.0077961734,0.016229734,0.013478912,0.024278797,0.02501418,0.0071652154,0.004248748,0.0,0.0005254295,0.0014450712,0.028975733,0.0148454225,0.0005668457,0.0,0.0014038833,0.013297122,0.005956623,0.006441966,0.0,3.359621e-05,0.0044272025,0.03305734,0.017836075,0.011127609,0.0008210746,0.0016744718,0.001844539,0.001037074,0.024123022,0.013952558,0.0012559277,0.0,0.0010351852,0.02255373,0.012498021,0.0020502282,0.0,0.0017868106,0.012346144,0.03905613,0.009051697,0.0,0.0,0.0,0.0020801648,0.022216467,0.0054185516,0.00092950114,0.0,0.0,0.0020569547,6.1240054e-05,0.0042719743,0.043995004,0.06378688,0.0,0.0033263352,0.012509824,0.008462737,0.0,0.0009369001,0.0007466179,0.0011364887,0.0060811467,0.0,0.024140127,0.01701805,0.005641532,0.022861103,0.0,0.005829642,0.0020318585,0.00420617,0.0018422112,0.0040286486,0.019099578,0.0033200353,0.0059978175,0.001269728,0.0,0.011148903,0.021366691,0.00052413763,0.04529519,0.005580355,0.00407372,0.0028834564,0.01610257,0.0021798715,7.690242e-06,0.001446351,0.0038865355,0.002450387,0.043899175,0.008246997,0.005426009,0.056955017,0.0037646084,0.0,0.0006443156,6.498388e-05,0.042783547,0.009518401,0.013353149,0.0053166333,0.0036211933,0.0,0.0019564908,0.0077052973,0.0062520113,0.0,0.015292541,0.0032020966,0.011323011,0.0029772583,0.031144217,0.008074293,0.020324124,0.0,0.0018407627,0.0005179534,0.0010528663,0.0
0.031009868,0.00027778823,0.016162533,0.00072992715,0.007281807,0.0018060016,0.035175636,0.016992237,0.0004083583,0.0041861855,0.019898498,0.0042763897,0.0070648985,0.03183896,0.0070327683,0.007586834,0.112242386,0.05053776,0.0021430452,0.0068280636,0.00036679127,0.015137324,0.0075993934,0.013117827,0.012850711,0.004316916,0.01559347,0.0090653235,0.03348715,0.014305186,0.0022832681,0.0054516396,0.017539786,0.0030435058,0.009111783,0.011274857,0.0015389923,0.0,0.0014072752,0.0023833802,0.0,0.054251876,0.0062256795,0.004500589,0.0,0.007099311,0.0,0.0006342449,0.003226048,0.048085384,0.018628905,0.0014907378,0.0024795567,0.008649696,0.012521333,0.0013781198,0.0,0.0,0.004656156,0.0074090054,0.019058859,0.0022128338,0.009288557,0.03227669,0.00030709757,0.00022105298,0.003003682,0.0008475758,0.027385522,0.0025711607,0.0026185021,0.0065682055,0.0,0.00020553885,0.0049485723,0.01421533,0.013774477,0.0035469283,0.022938393,0.011221978,0.004075023,0.00015702691,0.013018803,0.003064017,0.0069406303,0.0,0.00010168078,0.03849853,0.043987125,0.0,0.0,0.0010789962,0.0011459274,0.006965726,0.014101538,0.0,0.005242825,0.0009970998,0.0046095327,0.0025820201,0.0045639784,0.0030744837,0.0008622145,0.0101923635,0.02462743,0.011488566,0.0034361396,0.08985052,0.005234302,0.008889179,0.017189834,0.059215758,0.0030074716,0.008525803,0.013050838,0.030089056,0.04421687,0.057823744,0.002108517,0.00698944,0.0,0.0,0.011395623,0.00901544,0.017705122,0.0018577555,0.0035287368,0.041388925,0.014909257,0.0016903809,0.013727979,0.0015622246,0.0073008845,0.0,0.00032767758,0.013820521,0.029035602,0.0016755727,0.0010420451,0.0,0.0032212252,0.008887755,0.024112418,0.0006875698,0.0,0.0006605899,0.0029543154,0.0032049883,0.021504557,0.021343885,0.0031508603,0.0006299145,0.0014279156,0.0064885747,0.030835222,0.014580932,0.00083696505,0.0,0.0007330431,0.010243535,0.02665724,0.0014927774,0.0,0.00068548485,0.020136576,0.04394226,0.0057804086,0.0,0.0,0.0,0.010678285,0.028120276,0.07990473,0.0008501749,0.0,0.0,0.0022990676,0.0025559405,0.0051964307,0.033825777,0.05183956,0.0,0.001738946,0.0026754194,0.0039387625,0.0,0.00074690266,0.0006927623,0.030682847,0.0014102879,0.0,0.012988995,0.0008201389,0.0008970381,0.008664465,0.0,0.013523683,0.0034952862,0.007409785,0.0007812216,0.005358067,0.004323005,0.0045068795,0.005916832,0.00036384896,0.0,0.000428452,0.0077757905,0.0045536035,0.038589206,0.013348286,0.0024369496,0.007944271,0.007051232,0.0013191112,0.0007003133,0.0011327707,0.0010345295,0.0061238827,0.01048525,0.025387852,0.0028564788,0.029277863,0.0014052078,0.0,0.0001808914,0.0016309741,0.014704173,0.0031091375,0.007934083,0.007362188,0.004765178,0.0,0.0038877078,0.016838629,0.005307634,0.0,0.0049583223,0.051059775,0.014756194,0.0138207,0.039995003,0.0029828167,0.00731063,0.0,2.5866502e-05,0.00078831613,0.0035181802,0.0
0.025213998,0.04025772,0.015608539,0.0018761063,0.22847828,0.016788917,0.07098823,0.018180138,4.931586e-05,0.0012528052,0.04970462,0.046017505,0.0017013361,0.025214083,0.029145278,0.022169169,0.09317167,0.020767,0.03868745,0.014712146,0.18255316,0.28101745,0.025819745,0.012925518,0.038532756,0.00753868,0.09156674,0.033894505,0.029232422,0.037075475,0.0067560314,0.0050346213,0.008422526,0.0041675656,0.007140668,0.0054383636,0.012366728,0.0,0.0012881557,0.0005102153,0.0,0.0040547005,0.00040906976,0.006191602,0.0,0.003474901,0.0,0.0018547666,0.0032730438,0.008942397,0.006266022,0.0015457013,0.00089692464,0.011207493,0.0019420692,0.001310985,0.0,0.0,0.0044651176,0.00073965924,0.0010118376,0.01644857,0.00808199,0.009859729,0.0015897836,0.0016570924,0.016855191,0.00043998513,0.008049996,0.00055815885,0.00369318,0.0069280285,0.0,0.0021757693,0.015547191,0.004895912,0.0035392425,0.0018629121,0.021518456,0.0035309868,0.07089598,0.00018746921,0.00955949,0.004203629,0.01012755,0.0,0.0004823098,0.01836672,0.0045041586,0.0,0.0,0.00027542052,0.04998126,0.0013556837,0.0041176784,0.0,0.0023016948,0.00040001597,0.056374952,0.015707785,0.0011275135,0.00014742886,0.00010466058,0.005680104,0.02435029,0.019974671,0.0035887093,0.022775797,8.103478e-05,0.00092533673,0.008799491,0.0074599544,0.002610069,0.019859305,0.029710619,0.0014910129,0.033996645,0.024366654,0.04602384,0.056548864,0.0,0.0,0.023046955,0.048551172,0.016921312,0.0033716362,0.006410734,0.036086634,0.0047542513,0.009672802,0.0734947,0.005254625,0.001939924,0.0,0.0027066541,0.0001878968,0.03198491,0.0046812324,0.00041152744,0.0,0.0031360572,0.0024883754,0.021139214,0.0014296272,0.0,0.00054741564,0.0019532067,0.020656785,0.014365199,0.0019045044,0.0024932155,9.315109e-05,0.002678316,0.0060919784,0.013803499,0.0147993425,0.0025470885,0.0,0.0032367536,0.015558764,0.0045698564,0.0040955073,0.0,0.0019180945,0.013850153,0.03934126,0.00487215,0.0,0.0,0.0,0.027607096,0.02379357,0.008079211,0.0013902978,0.0,0.0,0.0017183486,0.0037953001,0.009223232,0.027113918,0.010513609,0.0,0.004461874,0.01696958,0.0033197382,0.0,0.08441176,0.000864201,0.02549881,0.001510282,0.0,0.0035734137,0.02952592,0.0032936442,0.083621345,0.0,0.06678313,0.0036790955,0.0044151302,0.0138138,0.002314655,0.08458256,0.001006461,0.019164415,2.7768148e-05,0.0,0.008137594,0.028077122,0.0034257495,0.07093182,0.0012285582,0.0072213975,0.018017666,0.012892057,0.0033737486,0.049537033,0.00061780907,0.11018656,0.0046627466,0.0023769091,0.016930956,0.0069944905,0.043291714,0.009241905,0.0,0.0014113606,0.022024803,0.00739034,0.013351587,0.011858234,0.0056580347,0.008663047,0.0,0.0135547025,0.0062311143,0.046578027,0.0,0.0027351067,0.0083567025,0.0033792893,0.010495284,0.0013059399,0.0020279074,0.01870191,0.0,0.001362905,0.00069276587,0.00094542094,0.0
0.0004418599,0.00726029,0.01813125,0.005887098,0.03755131,0.00026170895,0.018559635,0.0086891735,0.004064369,0.0041552093,0.03168904,0.033728987,0.00489398,0.02624604,0.0012696603,0.009684323,0.04645215,0.0020292401,0.014539729,0.0025034996,0.019333076,0.006507168,0.017309718,0.061768487,0.01669648,0.00074534235,0.0046048905,0.0022105258,0.022324774,0.039116908,0.0034521206,0.009443152,0.0025985918,0.013101045,0.11187077,0.0101828035,0.00040653342,0.0,0.043752905,0.005111093,0.0,0.0036253638,0.0040474855,5.006324e-05,0.0,0.006766796,0.0,0.00097144296,0.00034643078,0.016819336,0.008381806,0.002392867,0.002499125,0.0029699048,0.004113009,0.0017397457,0.0,0.0,0.0021464017,0.0012569877,0.0010998317,0.00599918,0.0077860593,0.0023780155,0.00015703852,0.00032242094,0.05737546,0.009598738,0.014521805,0.00012135724,0.0016397908,0.012794857,0.0,0.0006354382,0.013784152,0.051052053,0.0003812981,0.0013223789,0.0672467,0.0006673104,0.011327429,0.026619537,0.011133351,0.0042905863,0.005856006,0.0,0.002254726,0.0026697968,0.0066538863,0.0,0.0,0.00064088084,0.014226441,0.0021368142,0.014970519,0.0,0.0120287845,0.015112548,0.010969887,0.0027858496,0.0045084613,0.005239956,0.0008167053,0.0007823766,0.015321535,0.014944668,0.008387758,0.008502537,0.0011219378,0.010047465,0.0043872707,0.027091265,0.0010671733,0.008939733,0.011449938,0.0058228015,0.008469272,0.022982994,0.012823355,0.011876936,0.0,0.0,0.015443528,0.011811203,0.012773567,8.1065016e-05,0.0035911768,0.025868336,0.005723744,0.0047259144,0.027936958,0.0021468177,0.00891504,0.0,0.004409308,0.013818814,0.05332845,0.02434371,0.0017561517,0.0,0.0013858743,0.0014399337,0.037952643,0.006684293,0.0,0.0019080073,0.0015207245,0.019985553,0.040745214,0.0023302108,9.83395e-05,0.00042902047,0.0012906574,0.0030612983,0.028283902,0.0028785183,0.0016620855,0.0,0.0005719258,0.028766735,0.033031013,0.0012350666,0.0,0.0005102092,0.01686981,0.027025403,0.01114314,0.0,0.0,0.0,0.0028919652,0.037939444,0.015351758,0.0004969784,0.0,0.0,0.0010129694,0.0003979092,0.012216981,0.0069371965,0.008414528,0.0,0.0020076497,0.021428322,0.00028606367,0.0,0.0017835457,0.00026376412,0.0014177765,0.010482522,0.0,0.006542468,0.02704441,0.0077777575,0.0027196433,0.0,0.00606753,0.0022723416,0.0114633115,0.026602972,0.0054904185,0.035420943,0.0021099632,0.005751337,7.628897e-05,0.0,0.0029606288,0.014347569,0.0065728333,0.03757037,0.011645893,0.0016213456,0.009086645,0.004849482,0.00014621712,0.0010547729,0.0012981811,1.6839874e-06,0.0019174165,0.015716521,0.0001082083,0.0015029252,0.045646176,0.001609574,0.0,0.00036928308,0.0008909471,0.018753849,0.0073063406,0.0010348214,0.005729323,0.0010531272,0.0,0.011218078,0.03161084,0.0039511463,0.0,0.0015527522,0.0013522414,0.05192645,3.5157536e-05,0.022708628,0.0008871086,0.010520663,0.0,0.0021215018,0.0025572954,0.0012258166,0.0
0.03799254,0.02376788,0.014402364,0.03912673,0.112715915,0.039545637,0.024397848,0.05970102,0.0030291905,0.0037680895,0.25536346,0.0046636737,0.18125246,0.01287795,0.06781906,0.0013219435,4.415202e-05,0.056980483,0.049680237,0.02120315,0.00042762447,0.0013006788,0.023152273,0.00035392863,0.06671947,0.01906453,0.016126819,0.0054505076,0.014918557,0.041820284,0.006643056,0.042577807,0.006106148,0.0057591633,0.0063761594,0.0063327597,0.0010713121,0.0,0.00036860694,0.005901186,0.0,0.0110310335,0.023801634,0.0017508104,0.0,0.0066824136,0.0,0.0043112487,0.00092224765,0.010903123,0.019870495,0.0011595023,0.0016421012,0.0070233173,0.0019858542,0.00037841898,0.0,0.0,0.00280347,0.009017772,0.0002267842,0.06016636,0.0127662495,0.0018368212,0.001256607,0.04848883,0.025019156,0.0004169558,0.023089191,0.00030906373,0.0009261231,0.008897951,0.0,0.0015380221,0.006479959,0.017080033,0.01135805,0.0018387401,0.0048357416,0.0026770558,0.014575517,0.0054473327,0.013943102,0.004463142,0.014168626,0.0,0.0011110113,0.007334296,0.0007966637,0.0,0.0,0.0015457523,0.0057076076,0.0015044423,0.010037744,0.0,0.0062979204,0.0043625613,0.0011493998,0.019992467,0.008174746,7.744464e-05,0.000367103,0.010081473,0.031886585,0.045384847,0.0032595831,0.010591815,0.0024090135,0.006498356,0.002622223,0.0012797018,0.015130885,0.004157686,0.00045722688,0.008745631,0.02356573,0.03731422,0.012065607,0.016761031,0.0,0.0,0.014617702,0.0039717024,0.00884084,0.0010896155,0.009671787,0.016139094,0.006679686,0.004543479,0.008330807,0.001698548,0.0045225276,0.0,0.0003629132,0.013898782,0.036413908,0.014443942,0.0005883064,0.0,0.0014514095,0.014373348,0.009772711,0.009761761,0.0,0.0005344491,0.0021848092,0.0046568066,0.0062956815,0.007985043,0.04419046,0.00035036533,0.0038508999,0.0018385235,0.011834257,0.0024219537,0.0004641871,0.0,0.0015857032,0.015333668,0.057168018,0.0023986376,0.0,0.0015003103,0.0128183635,0.056418482,0.009704275,0.0,0.0,0.0,0.027449554,0.004858333,0.005162703,0.00033106902,0.0,0.0,0.0021418256,0.00081298663,0.007980037,0.03704048,0.0071448684,0.0,0.0031327507,0.0061371354,0.0099917855,0.0,0.0004684808,0.0007590121,0.004013745,0.011845929,0.0,0.007451835,0.013700766,0.008362418,0.039999425,0.0,0.003757741,0.004831269,0.0014688418,0.015564116,0.01123958,0.0019186483,0.0029719397,0.00055914733,3.745883e-05,0.0,0.0033077258,0.019876167,0.019248102,0.043958,0.045615237,0.0014812782,0.02532774,0.02916376,0.0012930802,0.0004373249,0.0011743525,0.0050027855,0.0006077887,0.0007013945,0.018451309,0.0056852754,0.033108287,0.006477016,0.0,0.0056034317,0.00079879176,0.0019313087,0.011317192,0.005409328,0.028877074,0.0043560145,0.0,0.0134222815,0.01466892,0.0070803114,0.0,0.020217672,0.0025508632,0.012377231,0.03125615,0.04243342,0.010170133,0.004939699,0.0,0.000691478,0.0002548221,0.0031477825,0.0
0.009175862,0.08065997,0.0357798,0.005549645,0.00049563195,0.00066999544,0.17477447,0.031868696,0.0044584568,0.0046394784,0.007363161,0.005701726,0.0004331276,0.00042379415,0.022385258,0.058085464,0.01942076,0.012588068,0.0007342189,0.0029954333,0.033971783,0.0065961005,0.019828377,0.02916065,0.008130455,0.007383306,0.0044622505,0.00012922482,0.051163204,0.06981975,0.0015163539,0.005954673,0.006875482,0.008775217,0.013003552,0.0017398684,0.0009802748,0.0,0.00045114048,0.0038557905,0.0,0.008298331,0.008824229,0.0016999841,0.0,0.0032205777,0.0,0.0038602897,0.0021214308,0.01599262,0.004520938,0.000604337,0.0018915691,0.00030283592,0.0063699596,0.0020962378,0.0,0.0,0.0059975293,0.01856177,0.0020283037,0.05336382,0.0071798577,0.00051076384,4.1833013e-05,0.00016442212,0.011529868,0.0056839143,0.0066204355,9.717747e-05,0.004098005,0.005680896,0.0,0.00072780263,0.010952496,0.02663073,0.044173744,0.00016656196,0.016314011,0.003435441,0.012654724,0.00044846424,0.030432507,0.006100311,0.0073961513,0.0,0.0005693659,0.0075134933,0.0025205188,0.0,0.0,0.00038029824,0.0075155394,0.0009585679,0.005455169,0.0,0.008904128,0.013804003,0.0079818675,0.016461616,0.0056850016,0.0024738337,0.0009776495,0.0020273968,0.018481527,0.042271547,0.00011006755,6.791009e-05,0.004980775,0.014422992,0.0035569458,0.027998062,0.004941609,0.041178413,0.035233833,0.007050936,0.019661231,0.02715565,0.0025467942,0.006770081,0.0,0.0,0.022888374,0.008159568,0.018826671,0.00027207492,0.0037725882,0.067793086,0.0047816955,0.0072892834,0.02733901,0.0030727214,0.00445444,0.0,0.0019091596,0.0113493195,0.019340925,0.05939472,0.00035395767,0.0,0.0022058045,0.008766161,0.02709606,0.00012902432,0.0,0.0010802732,0.001755356,0.0055975313,0.036903758,0.006848037,0.0039888523,0.001283288,0.0010650663,0.0038764966,0.019147996,0.013639232,0.031854257,0.0,0.004272843,0.0044897646,0.013858968,0.06922398,0.0,0.0016306514,0.0073630814,0.046877414,0.0032358745,0.0,0.0,0.0,0.0072109303,0.02389254,0.007868146,0.00027913335,0.0,0.0,0.0021499458,0.004200521,0.0047830055,0.020513272,0.025702164,0.0,0.0030213788,0.015329484,0.007958781,0.0,9.785145e-05,0.0004005843,0.0011446581,0.012930686,0.0,0.003051858,0.003003158,0.0011962573,0.014196378,0.0,0.002038455,0.0010015803,0.004948917,0.017232962,0.007009005,0.0069922092,0.001856091,0.002190948,0.00053417287,0.0,0.003953957,0.019071646,0.004047033,0.029311914,0.08182382,0.00072756223,0.00024178979,0.00878251,0.00021325155,0.00062732195,1.3518107e-05,0.0035860715,0.002560059,0.027988663,0.012472773,0.00011512419,0.033441793,0.03947104,0.0,0.0011173746,4.0994608e-05,0.023758486,0.008275863,0.004829176,0.004830088,0.0016844413,0.0,0.0171246,0.029454626,0.007837603,0.0,0.0015733492,0.0024321969,0.028151717,0.0033695546,0.07363967,0.008847241,0.016208474,0.0,0.0003056444,0.0010358868,0.0016918407,0.0
0.016905298,0.04776678,0.002874933,0.020789707,0.032611858,0.05439096,0.16770689,0.0008010382,0.0010975411,0.0011908587,0.0250108,0.009284175,0.025843177,0.034404892,2.7124763e-05,0.0851905,0.03740339,0.0028506625,0.00035793078,0.00036862108,0.037964966,0.0003722884,0.00026138092,0.022725446,0.008898115,0.021350997,0.020644654,0.0030839806,0.026282562,0.015227288,0.00547246,0.006912822,0.012270112,0.06167739,0.009337089,0.0022597855,0.0012764953,0.0,0.0017887084,0.005021089,0.0,0.0053624897,0.009427612,0.0023480963,0.0,0.07836245,0.0,0.00070103304,0.005738648,0.014818434,0.011524227,0.0023963035,0.0016527742,0.00049142214,0.010042086,0.00082282635,0.0,0.0,0.008106432,0.0026684739,0.00062559673,0.03039433,0.013623684,0.00046858384,0.00021231323,0.0001642447,0.012156655,0.008112258,0.0046876525,0.00082219543,0.0015154834,0.004373553,0.0,0.0065871743,0.018374665,0.013671528,0.0143222045,0.0012751346,0.00915952,0.005607905,0.017997991,0.00648219,0.030086096,0.0071350173,3.4198616e-05,0.0,0.0012389777,0.016870081,0.0003351981,0.0,0.0,2.3649682e-05,0.004765138,0.0033381428,0.004512451,0.0,0.0030401102,0.0064733727,0.07160185,0.010635793,0.0076023876,0.0020503707,0.0015009481,0.0061059366,0.017918836,0.038994506,0.008615432,0.0013499237,0.0021042605,0.013119769,0.0073630805,0.031129237,0.00082504394,0.0027664339,0.001657948,0.003250669,0.044073097,0.045716316,0.00014540688,0.009701319,0.0,0.0,0.0011768042,0.004979262,0.017206112,0.00036252342,0.005637415,0.055269323,0.006361146,0.015481283,0.0006989486,0.0023950308,0.0041067847,0.0,0.0033064736,0.029361375,0.027278777,0.015218669,0.00045110393,0.0,0.0020554867,0.004955499,0.016896894,0.008066417,0.0,0.0008112356,0.0002984581,0.008792096,0.009137067,0.004675931,0.0021955504,0.0030739235,0.0027090204,0.0024949694,0.012829124,0.006796896,0.00015565778,0.0,0.0006356437,0.0062551517,0.020344852,0.02788533,0.0,0.00081282214,0.0013236378,0.04598565,0.009461185,0.0,0.0,0.0,0.005123098,0.019664649,0.017248698,0.0013946999,0.0,0.0,0.0028835537,0.0038509544,0.017352719,0.048636228,0.001839715,0.0,0.0027163157,0.0019225623,0.008121047,0.0,0.0016326114,0.00011105111,0.0018892245,0.0042453115,0.0,0.00193887,0.00067184994,0.002742663,0.013998523,0.0,0.010290058,0.0025906446,0.0018097938,0.02080825,0.01146917,0.018377028,0.004019176,0.0023706504,0.00060292025,0.0,0.008006783,0.045239523,0.0016077729,0.019854154,0.0076835607,0.0028001799,0.0014970182,0.020978589,0.0026770628,0.002019012,0.00015058494,0.0019241131,0.002389202,0.029014211,0.00971852,0.00665023,0.035225607,0.002519736,0.0,0.0021730924,1.6045897e-05,0.010752368,0.030771833,0.015841054,0.010591139,0.0043855133,0.0,0.028266057,0.0071487213,0.0008048367,0.0,0.009742285,0.0041841823,0.024650032,0.0027184505,0.044318322,0.05256716,0.00456997,0.0,0.00068846415,0.0021013126,0.0006080328,0.0
0.009334356,0.006759941,0.05395398,0.027289234,0.007837053,0.01638184,0.0011907034,0.0080339,0.00045733806,0.05122609,0.030545792,0.03152232,0.017753858,0.0015160792,0.030050771,0.009874777,0.008495268,0.03551095,0.027916197,0.007920434,0.009832475,0.0012513424,0.0077681327,0.016965734,0.011244042,0.006846754,0.009642276,0.00051552465,0.0015041457,0.0033742846,0.00696084,0.0019185735,0.005929354,0.003007357,0.06929917,0.009617441,0.0006283736,0.0,0.00028173823,0.003356009,0.0,0.0068778372,0.005149118,0.0012754907,0.0,0.008855012,0.0,0.0012763157,0.0033001031,0.007775712,0.0035801858,0.00019623322,0.0010808321,0.0045674276,0.0020721746,0.0018840694,0.0,0.0,0.0044115996,0.0100078555,0.0012213868,0.039074287,0.015139992,0.0016063376,0.00079793396,0.00095488294,0.010003542,0.051687546,0.032763176,0.00085057726,0.0008632439,0.002114773,0.0,0.00023369204,0.02507805,0.0030276475,0.011079631,0.00086334324,0.013061769,0.0074605416,0.012858698,0.008057592,0.0061818743,0.0026609327,0.05041524,0.0,0.0002688792,0.011488216,0.007781876,0.0,0.0,0.00036680044,0.0030372837,0.0058132703,0.03226342,0.0,0.00082684634,0.034612644,0.00905782,0.0062970542,0.00031549946,0.0022296521,0.000692643,0.0027675193,0.030070333,0.00017334321,0.04295316,0.0076201838,0.0026192504,0.007204987,0.010642622,0.025218306,0.0013463667,0.0028982742,0.003685704,0.05012209,0.017822651,0.023364818,0.01120463,0.008980726,0.0,0.0,0.01880052,0.014658855,0.0013976492,0.0022282524,0.0022325655,0.0028130452,0.0005396198,0.0033007073,0.02994654,0.005003675,0.0051558674,0.0,0.0017851692,0.0025187558,0.021788236,0.0035454682,0.0017320473,0.0,0.004237546,0.007242252,0.004119119,0.0044271476,0.0,0.0006552732,0.004316621,0.013516548,0.008542174,0.0058898497,0.0023863926,0.0009213069,0.0025881473,0.0045980616,0.0058077034,0.0009992385,0.0014577141,0.0,0.0030774993,0.0042012637,0.0072599286,0.0018064398,0.0,0.0021739367,0.0049432805,0.069180705,0.0022603164,0.0,0.0,0.0,0.004858281,0.011424761,0.012942617,0.00025723418,0.0,0.0,0.0014081761,0.002237235,0.00742255,0.03677677,0.0013142593,0.0,0.0014560529,0.06060763,0.01776646,0.0,0.00018370619,0.0019684774,0.002269373,0.0130473925,0.0,0.027791724,0.017658249,0.00019679575,0.029407848,0.0,0.006827305,0.0012373723,0.05880405,0.0015273514,0.0020211814,0.006695613,0.004739964,0.00018470605,0.0010636827,0.0,0.0024260778,0.008998216,0.0018044697,0.024015443,0.00021235313,0.0030420874,0.0040716543,0.03592377,0.0004908204,0.0007633903,0.002042495,0.0023358269,0.0022799266,0.012325208,0.018861927,0.00050032174,0.03314824,0.009147611,0.0,0.003623741,0.0018796124,0.005827349,0.01569459,0.04256865,0.0038464249,0.006362689,0.0,0.0042443564,0.019423297,0.0022477142,0.0,0.0058461954,0.002162771,0.010197633,0.0080330465,0.025138441,0.06284187,0.009427428,0.0,0.0006281449,0.00085965934,0.0010356314,0.0
0.0065940497,0.027466191,0.005275738,0.0525026,0.010051116,0.0011825322,0.018548919,0.0073842276,0.002436444,0.0048543396,0.012228003,0.016690368,0.029069753,0.00955595,0.02676312,0.029904353,0.013829792,0.0031686055,0.034466166,0.002962941,0.015827473,0.0006477266,0.027530208,0.005432345,0.03680276,0.01452415,0.0052417754,0.0045135054,0.03415892,0.030965375,0.004074236,0.027311224,0.008278179,0.007063164,0.01112271,0.010126782,0.0029691965,0.0,0.0009161369,0.0022658599,0.0,0.00899589,0.004506782,0.0051299585,0.0,0.005130061,0.0,0.004003124,0.0019101406,0.018766088,0.006451093,3.7074562e-05,0.0002921987,0.03308981,0.0007369869,0.001470723,0.0,0.0,1.2400799e-05,0.0047094277,0.000846292,0.023329694,0.014295447,0.0020840056,0.0003158429,0.0007631971,0.014503722,0.003936812,0.015461506,0.0022045183,0.0005459319,0.001187953,0.0,0.017124416,0.016383708,0.02547181,0.0018681748,0.00065478525,0.02318251,0.019937089,0.025354791,0.0016811906,0.0055709025,0.0007475686,0.0065283393,0.0,0.00035670042,0.0061021876,0.0034463424,0.0,0.0,0.0002971558,0.001429364,0.025693856,0.0017020663,0.0,0.00048213388,0.01166093,0.0014705315,0.027141854,0.010326388,0.0017221149,0.0008486977,0.0056192037,0.008037254,0.00096360984,0.014090329,0.0131202955,0.0012338475,0.006490733,0.0057842415,0.034828104,0.002681538,0.00934695,0.017146403,0.004231959,0.00318772,0.0117687015,0.0045689493,0.00092457293,0.0,0.0,0.01439158,0.0032852548,0.014146232,0.00076670886,0.0052875536,0.06518409,0.00075389276,0.00022815984,0.009756568,0.006848113,0.005585275,0.0,0.0054782606,0.01916518,0.034768365,0.054569405,0.0010942066,0.0,0.005285932,0.0040238174,0.027131895,0.0006544448,0.0,0.00046845918,0.00017644993,0.021217952,0.034183543,0.004162629,0.0021264018,0.0011195291,0.0009066745,0.0036278453,0.005579472,0.017759625,0.0011988151,0.0,0.00023077766,0.0059488155,0.021778887,0.003863096,0.0,0.0017354838,0.007700405,0.03651749,0.00898557,0.0,0.0,0.0,0.009130417,0.018361203,0.009237364,0.00029131782,0.0,0.0,0.0008808018,0.04052182,0.0033304505,0.004088384,0.0066351756,0.0,0.0039013736,0.050039746,0.017144788,0.0,0.0012927279,0.0006203036,0.0046075173,0.020158518,0.0,0.02341052,0.016952919,0.0037426243,0.014822421,0.0,0.011271272,0.00025232555,0.011726888,0.0011890369,0.004423369,0.0012079243,0.0020689706,0.0035355492,0.00034451438,0.0,0.0021113052,0.0065769646,0.008509845,0.0687184,0.007066194,0.0063662226,0.0071447967,0.0016650715,0.0011479665,0.00016862233,3.4361638e-05,0.0013315175,0.0044602007,0.009518868,0.0190314,0.005219556,0.019787334,0.012435807,0.0,7.229557e-05,0.0019465929,0.0023661614,0.012416951,0.00704767,0.0044397186,0.005499255,0.0,0.025477063,0.029337682,0.0011269418,0.0,0.0041547883,0.00039387925,0.010642236,0.0035792196,0.04570973,0.028362542,0.0017988433,0.0,0.0015769575,0.00058438984,0.0030788197,0.0
0.035031233,0.03838417,0.00072409183,0.020211035,0.064003564,0.000473828,0.042686637,0.02055117,0.0012369896,0.0415979,0.034812592,0.007390799,0.016260367,0.32899606,0.03585774,0.015202782,0.025413437,0.08547204,0.0046614413,0.009882423,0.02167663,0.0057179043,0.00041580078,0.008516351,0.02019952,0.0110755125,0.009733155,0.011187353,0.030295478,0.03978863,0.0132170115,0.00452327,0.023506472,0.00085784413,0.019663025,0.007916669,0.0010137568,0.0,0.00069201353,0.00033074233,0.0,0.01077716,0.008514634,0.0063717207,0.0,0.0038948043,0.0,0.0006605808,0.0023869018,0.005896978,0.0101116225,0.0012036662,0.002908449,0.006641172,0.0013279219,0.0008821955,0.0,0.0,0.0019010303,0.002721362,0.0026393246,0.060979974,0.022070149,0.0035585398,0.0005546184,0.0011568604,0.010006189,0.004545474,0.0015695655,0.0015631528,0.0022982133,0.020318117,0.0,0.002670225,0.031271365,0.033122964,0.0038043696,0.0024101767,0.012034466,0.08897874,0.028312778,0.14543514,0.012793699,0.0017140745,0.0074968613,0.0,0.00050242775,0.0065689725,0.013641684,0.0,0.0,5.12516e-05,0.019753719,0.00075114676,0.0068678637,0.0,0.014189562,0.014725895,0.0036967853,0.013016147,2.4334038e-05,0.0023362525,0.0010367482,0.0026375705,0.0125075355,0.07174829,0.027365863,0.0059032263,0.015871031,0.0014336598,0.0093414,0.013359733,0.0069460417,0.002822661,0.00054020266,0.007547583,0.023145791,0.019086625,0.00834212,0.023996491,0.0,0.0,0.012380204,0.001960395,0.017007465,0.0022676873,0.0055446555,0.039676573,0.014219299,0.0028255682,0.024356874,0.0004402162,0.00303461,0.0,0.0036247538,0.0034735282,0.02687692,0.009861905,0.0013053113,0.0,0.004608666,0.00404469,0.00478476,0.043587573,0.0,0.0034648112,0.061890565,0.015140028,0.0012239199,0.0007636073,0.0072343433,0.002183514,0.05168559,0.0051835226,0.021141026,0.026702134,0.0015950793,0.0,0.023645157,0.020714125,0.020228473,0.004626011,0.0,0.0021899687,0.056644015,0.04755019,0.002694682,0.0,0.0,0.0,0.05317269,0.006906163,0.014854383,0.001858538,0.0,0.0,0.002357523,0.00024287534,0.00518959,0.059024878,0.006834344,0.0,0.0065762955,0.019523611,0.007984726,0.0,0.0022894358,0.001487818,0.0002956526,0.0033261965,0.0,0.028201653,0.0019758658,0.033442423,0.01776564,0.0,0.0032360998,0.0020169702,0.0079744,0.0062020896,0.001598817,0.034956872,0.0043113776,0.0035098607,0.00041073782,0.0,0.006345559,0.02442245,0.014924237,0.10153964,0.000101581696,0.032471966,0.085206196,0.05121611,0.0011645593,0.00038351782,0.0005873547,0.004757747,0.003357506,0.017794592,0.034144256,0.013018546,0.030841058,0.0045167226,0.0,0.0005942157,0.0014261857,0.0026275336,0.001574658,0.0264255,0.020383803,0.060891792,0.0,0.02542652,0.014543169,0.0056178733,0.0,0.0018619641,0.0056580477,0.005880662,0.0044444143,0.04065378,0.036919866,0.015330978,0.0,0.0039488934,0.0025461228,0.0009642974,0.0
0.011259895,0.066964306,0.0036987946,0.002975407,0.06823796,0.012295454,0.04987597,0.0028792645,0.0070576076,0.0035467728,0.05363192,0.054644063,0.006131233,0.021590916,0.009234142,0.06887051,0.017095022,0.00031466593,0.00055275986,0.011601361,0.016301291,0.005625477,0.06643268,0.020824008,0.056047555,0.018327968,0.002385784,0.033220388,0.03991319,0.026407266,0.0007646627,9.321829e-05,0.02474214,0.0038854065,0.01150409,0.027595999,0.003443133,0.0,0.0011193698,0.001630981,0.0,0.0015068896,0.0052343416,0.004268583,0.0,0.010852726,0.0,0.0032872616,0.00031349665,0.0012123868,0.009860548,0.0015970514,0.0017487985,0.005631775,0.0017461841,0.0007090247,0.0,0.0,0.010440913,0.0024563237,0.00070580764,0.011351105,0.011519925,0.0038441417,0.0015996164,0.0006519713,0.08522368,0.0018868553,0.0009517452,0.0009154076,0.0027558883,0.000335291,0.0,0.0014561568,0.017324578,0.01695467,0.022605795,0.00049824343,0.013708365,0.012387327,0.019065415,0.0032590053,0.02904987,0.003743404,0.0098752035,0.0,0.0013796508,0.015503858,0.0057029617,0.0,0.0,0.0015634769,0.010462273,0.0013285594,0.015047853,0.0,0.008587748,0.02092372,0.0012226428,0.026546942,0.0062321257,0.0010597559,0.00061300804,0.0030964918,0.004418703,0.013855716,0.0069635487,0.004752021,0.0026786875,0.0037060047,0.01011559,0.04360203,0.0028790906,0.014614398,0.016273133,0.006062855,0.0415247,0.083057754,0.014836077,0.006881903,0.0,0.0,0.020559927,0.0007157741,0.011118764,0.0012259072,0.001951269,0.018312294,0.0040899473,0.010887634,0.011580182,0.004957923,0.005218335,0.0,0.0033203808,0.0038326576,0.036033742,0.004329118,0.0003002384,0.0,0.004587462,0.023202095,0.0026260307,0.0008751379,0.0,0.0005652283,0.0015747857,0.04528682,0.01278684,0.007483606,0.0006323858,0.0033317818,0.0013264403,0.0013259677,0.011172688,0.012695269,0.0026200525,0.0,0.0018622628,0.007559333,0.02800788,0.0038233304,0.0,0.0001993748,0.0150901005,0.019422686,0.0019720702,0.0,0.0,0.0,0.0009936561,0.023374764,0.025739288,0.0010701884,0.0,0.0,0.0004267674,0.0065667066,0.010640136,0.031257015,0.0033002093,0.0,0.0017438158,0.013458538,0.053654842,0.0,0.0014533865,0.00024725296,0.0021227214,0.0088459,0.0,0.024911053,0.0053640003,0.0024498173,0.008638601,0.0,0.006482834,0.0018694878,0.028625216,0.01366813,0.0032732587,0.025430674,0.0072750705,0.0016236753,0.00022254388,0.0,0.009269643,0.017750196,0.016490674,0.080798365,0.0065619894,0.038505185,0.0047508194,0.009136432,0.0011946512,0.00095498894,0.0016871018,0.0049043023,0.00912388,0.016758341,0.046484765,0.0005752891,0.05534929,0.007480189,0.0,0.00014011982,0.002016381,0.013394699,0.00015963473,0.0010837234,0.013548224,0.0065074977,0.0,0.008921886,0.050254468,0.010520067,0.0,0.042392407,0.004839296,0.046575543,0.0007398144,0.011885377,0.0051558213,0.012619386,0.0,0.0022556984,0.0006421261,0.0067967945,0.0
0.03919439,0.0059394813,0.007825814,0.059358887,0.05734975,0.02917059,0.1443461,0.02582073,0.015963532,0.015176274,0.04012824,0.022249043,0.019088222,0.0035775409,0.02678088,0.017722262,0.02474778,0.004855609,0.050481077,0.021358434,0.018720573,0.00058510073,0.0049783904,0.037754357,0.009640257,0.002868012,0.024057982,0.019934284,0.05696531,0.017001877,0.013432967,0.0151188485,0.0059272195,0.008989809,0.00917002,0.06602855,0.0011547814,0.0,0.0014648685,0.001750546,0.0,0.03073718,0.0012144297,0.0019569544,0.0,0.008884515,0.0,0.00082367816,0.0013290473,0.005603711,0.0052016303,0.0021383362,0.0018286101,0.052469302,0.0005260173,0.0019218611,0.0,0.0,0.002321632,0.0030218242,0.0005972072,0.04785132,0.022303635,0.0010284815,0.0018620979,0.0015125193,0.024603492,0.009537081,0.033636402,0.0009945565,0.0022364387,0.0034524035,0.0,0.0039521987,0.0033700673,0.01807665,0.012895876,0.0017811682,0.012805641,0.012807117,0.013490891,0.016318312,0.008426025,0.0022471684,0.008644805,0.0,0.0017188258,0.026667928,0.0044148015,0.0,0.0,0.0015390259,0.0030715584,0.006262492,0.0030171787,0.0,0.0019251542,6.4583226e-05,0.0033960422,0.05400241,0.0059326803,0.06609609,0.0021606728,0.049279332,0.008769972,0.028929245,0.0024942346,0.0049713333,0.0018494434,0.004440527,0.0041122064,0.040345963,0.005157681,0.0004067366,0.0022664748,0.004230814,0.022582412,0.066238716,0.016526105,0.000128486,0.0,0.0,0.042958595,0.012605271,0.02149729,0.002670805,6.7072484e-05,0.03069584,0.012852903,0.0024423033,0.05637253,0.008813485,0.0077900803,0.0,0.0032313704,0.0008245218,0.056085203,0.0071271956,0.001344408,0.0,0.00058533694,0.017894149,0.0143768415,0.011625996,0.0,0.0018115359,0.0020307775,0.0025764748,0.00582106,0.012729371,0.0057784845,0.0015832557,0.0010733645,0.005871969,0.02292959,0.025834706,0.0014816122,0.0,0.0039026202,0.015079342,0.009508287,0.0011915726,0.0,0.0026956294,0.010220589,0.0648809,0.0029598593,0.0,0.0,0.0,0.0033071474,0.016755234,0.004888337,0.0008982145,0.0,0.0,0.0014295,0.0015741359,0.044472273,0.045019828,0.0019899514,0.0,0.0014898854,0.020297645,0.011433826,0.0,0.0015824499,0.00054928596,0.0017126561,0.0078448495,0.0,0.021247255,0.029951585,0.0076218913,0.043538433,0.0,0.01127503,0.000532127,0.009219075,0.0056606103,0.050895527,0.013292733,0.002282885,0.0008315695,0.00035556572,0.0,0.00035663505,0.049687,0.047746483,0.07971393,0.06719871,0.003937385,0.0205318,0.04162437,0.0029108864,0.0007423927,0.0007458906,0.004264461,0.00722378,0.009272314,0.00854396,0.0014877255,0.04373542,0.0022609702,0.0,0.0012694567,0.0012841435,0.006799036,0.015232334,0.013829445,0.001728111,0.004754648,0.0,0.019428698,0.027512379,0.0010179521,0.0,0.0037500549,0.0064709764,0.019584144,0.0048393975,0.03915198,0.0005267266,0.06465017,0.0,0.0008807436,0.0006888845,0.0030820358,0.0
1.3103337e-06,0.017566783,0.0072433245,0.07361541,0.061473355,0.050205972,0.011746828,0.040382862,0.0070890067,0.024621047,0.018964319,0.017723214,0.0026253783,0.04066314,0.0006221733,0.0032394582,0.079577826,0.22368525,0.0008102407,0.053485103,0.03711505,0.004559189,0.019395983,0.035449654,0.02231358,0.040666237,0.027156174,0.017096765,0.04384649,0.018426595,0.0025827002,0.011006209,0.018096011,0.0057389047,0.02726784,0.007600544,0.0019385581,0.0,0.00080034306,0.0012682624,0.0,0.008301384,0.016906252,0.0006200749,0.0,0.0038960217,0.0,0.0019331452,0.0039668866,0.010788496,0.023785261,0.0010119637,0.0032403648,0.0038208559,0.0027307416,0.0022178134,0.0,0.0,0.0027507977,0.0027930452,0.00072435057,0.033611145,0.009343903,0.0014774998,0.0020099722,0.0014643086,0.013060003,0.007060465,0.02675648,0.00027943106,0.0035778463,0.005793726,0.0,0.0025407677,0.03633867,0.055834815,0.00056334934,0.00097203976,0.027636757,0.05222088,0.0040769484,0.008831978,0.0038875695,0.042066216,0.009420013,0.0,0.0014994204,0.013495765,0.019180091,0.0,0.0,3.6672904e-05,0.0004689415,0.0008374959,0.02055172,0.0,0.010163298,0.019677676,0.0012978502,0.0004424201,0.006877164,0.002488944,0.0015384441,0.00809363,0.036590897,0.004428122,0.004507668,0.032404315,0.0032821225,0.025822897,0.0022318696,0.065407164,0.0035986032,0.0070138606,0.021990638,0.014600697,0.017585889,0.0043275515,0.024578566,0.029775564,0.0,0.0,0.015468531,0.02939891,0.011933351,0.0020101175,0.008915779,0.028805785,0.002682472,0.062512144,0.00051741325,0.0002689383,0.0064472626,0.0,0.002605567,0.011414037,0.034044985,0.013875212,1.2139228e-05,0.0,0.00025749134,0.006910147,0.034329373,0.0056025186,0.0,0.00030635274,0.001405395,0.019792872,0.047415514,0.016679157,0.002599374,0.00043413934,0.0005633666,0.0017823945,0.012737023,0.0012910594,0.0005323446,0.0,0.0035566718,0.030004906,0.04160188,0.00071641064,0.0,0.0018826148,0.014488281,0.07658289,0.007073145,0.0,0.0,0.0,0.009008332,0.030166235,0.028509902,0.00066548685,0.0,0.0,0.0057429424,0.0017523335,0.008326317,0.03722335,0.038020175,0.0,0.0041640005,0.037995264,0.05160445,0.0,0.0006112328,0.00093145954,0.017352767,0.0053080157,0.0,0.024458162,0.005634205,0.0069248956,0.02660968,0.0,0.007379338,0.00088939915,0.012027003,0.02611587,0.0060227057,0.0047046174,0.001825749,0.00079426053,0.0015207186,0.0,0.0066395467,0.0035938139,0.0005279989,0.09099348,0.026627244,0.008157924,0.018895011,0.021218074,0.07725984,0.0017506406,0.0020674139,0.00017441214,0.0028070128,0.004217983,0.009251054,0.0012039575,0.0691615,0.013857646,0.0,0.003044985,0.001854345,0.004113004,0.0036947732,0.0824291,0.015501064,0.00695015,0.0,0.0057209,0.026472868,0.0030271285,0.0,0.0021175272,0.016796384,0.00896661,0.017163718,0.07920711,0.018397003,0.009585053,0.0,0.00012168806,0.0011553685,0.003904543,0.0
0.006586009,0.04536856,0.0040445095,0.02206355,0.0052625895,0.0015565426,0.008431046,0.011022052,0.0036436568,0.020416655,0.030401222,0.0063614175,0.08109064,0.028704323,0.01336665,0.01018566,0.0028097355,0.09151404,0.025279174,0.004384067,0.00064444006,0.0009515754,0.007687363,0.002459685,0.012456539,0.00017636592,0.028375318,0.0074626715,0.048194513,0.037109874,0.00079505524,0.0067207217,0.025477929,0.0028957617,0.013270863,0.003125968,0.0024627994,0.0,0.0010413461,0.0040537706,0.0,0.0052444455,0.0014626731,0.0051175617,0.0,0.0034321512,0.0,0.00024100029,0.015249201,0.06323699,0.009882901,0.0015051877,0.0014959245,0.01152271,0.0014571486,0.0006737747,0.0,0.0,0.00025375196,0.0040803086,0.0007363492,0.039177805,0.0045694034,0.00044623495,0.0011583611,3.086004e-05,0.010171103,0.0124789225,0.037936423,0.0004488382,0.0016916867,0.011149345,0.0,0.0017362478,0.018800093,0.01745974,0.021950427,0.002844437,0.010136875,0.00036757346,0.011652203,0.012171107,0.027639901,0.0045126206,0.002253214,0.0,0.00026334546,0.009072939,0.0031248603,0.0,0.0,0.0016777524,0.010157401,0.002484655,0.025660073,0.0,0.011892545,0.0042155106,0.007878589,0.05510283,0.017271405,0.0005356244,0.0022112825,0.014045314,0.03262693,0.030565493,0.0022451102,0.037254844,0.0032659564,0.015507207,0.004593787,0.012358188,0.0021011853,0.0055249915,0.030580232,0.005885139,0.027407823,0.030951595,0.069036834,0.03935359,0.0,0.0,0.0073842015,0.011230259,0.013499736,0.0006143851,0.009937774,0.06140054,0.010116557,0.005680875,0.010538903,0.00634478,0.0065997583,0.0,0.0014853192,0.014445038,0.054471016,0.009100894,0.0009272648,0.0,0.004392448,0.0057232524,0.008131492,0.014054239,0.0,0.00090069976,0.0027200424,0.019129477,0.07757289,0.0035679506,0.0030427175,0.00041554184,0.0005122672,0.00028555538,0.0045899996,0.021423139,0.0011740132,0.0,0.0018533168,0.006122917,0.001004992,0.0010661399,0.0,0.0012436432,0.003542684,0.056703568,0.011132974,0.0,0.0,0.0,0.006110937,0.008124507,0.011080512,0.0022478416,0.0,0.0,0.0026796008,0.0011248387,0.002993816,0.033816133,0.0062601846,0.0,0.0006449487,0.010335845,0.0018381404,0.0,0.00018913003,0.00028547406,0.0031976574,0.0004858646,0.0,0.015170018,0.015642263,0.006289318,0.020749308,0.0,0.006184398,0.003918711,0.073873274,0.022898164,0.0047344486,0.0011531109,0.028465247,3.5612924e-05,0.0008149756,0.0,0.0013415995,0.029540619,0.047802143,0.024354957,0.019182956,0.0087708095,0.025643546,0.012067008,0.00027233484,0.0006690591,0.0005402114,0.0024404307,0.0048981276,0.009723555,0.012033479,0.003927335,0.013888304,0.0039456105,0.0,0.0023610361,0.00040286218,0.00090368517,0.008930548,0.007060062,0.006196485,0.0015755175,0.0,0.059142098,0.01953282,0.0019892463,0.0,0.013675373,0.0020165679,0.00069844734,0.06866535,0.054837547,0.004077,0.0128024295,0.0,0.0050083105,0.029334506,0.031340312,0.0
