"source","term_name","term_id","highlighted","adjusted_p_value","negative_log10_of_adjusted_p_value","term_size","query_size","intersection_size","effective_domain_size","intersections"
"GO:MF","signaling receptor binding","GO:0005102","true","6.540545254048662e-11","10.184386045107871","1346","81","28","20208","APOE,APP,BMP4,COL2A1,EPO,FGF2,FGF21,GCG,GFAP,GH1,HBEGF,IGFBP1,IL6,ITGA2,ITGA6,LEP,LYN,MYH9,PARK7,SCP2,SERPINE1,SHC1,SMAD2,SMAD3,SPP1,SRC,VAV3,VWF"
"GO:MF","molecular function activator activity","GO:0140677","true","0.000003954739970562578","5.40288206667006","1209","81","21","20208","AKT2,APOE,APP,BMP4,CDKN1A,EPO,FGF2,FGF21,GCG,GH1,HBEGF,HRAS,IL6,LEP,LYN,NBN,PARK7,PSME1,SPP1,SRC,VAV3"
"GO:MF","integrin binding","GO:0005178","false","0.000007375571149519221","5.1322043431491","158","81","9","20208","FGF2,GFAP,ITGA2,ITGA6,LYN,MYH9,SPP1,SRC,VWF"
"GO:MF","protein binding","GO:0005515","false","0.000010344848920402588","4.985275847532282","15082","81","79","20208","ACY1,AKT2,APOE,APP,ATF2,BMP4,CABP2,CDKN1A,CEACAM6,CEACAM8,CHIT1,COL1A1,COL2A1,COL4A1,CSF2RA,CYB5A,DCTN2,EPO,FABP1,FGF2,FGF21,FOXO3,GCG,GFAP,GH1,GSTA1,HBEGF,HRAS,IGFBP1,IL6,INPPL1,ITGA2,ITGA6,KIF22,LEP,LMNB1,LTBP2,LYN,MYH9,NBN,NID2,PARK7,PDE5A,PGA4,PLIN3,PNLIP,PSMA1,PSMC3,PSMD1,PSMD5,PSMD9,PSME1,PTPN6,SAP18,SCP2,SERPINE1,SFTPA1,SFTPA2,SFTPD,SHC1,SKAP2,SMAD2,SMAD3,SMC3,SNCA,SPARC,SPP1,SRC,STAT5B,TBL1X,TP53BP1,TPMT,TPR,TWF2,VAV3,VIM,VPS28,VPS37A,VWF"
"GO:MF","signaling receptor activator activity","GO:0030546","false","0.00002137009633505584","4.670193520059194","556","81","14","20208","APOE,APP,BMP4,EPO,FGF2,FGF21,GCG,GH1,HBEGF,IL6,LEP,LYN,PARK7,SPP1"
"GO:MF","protein-containing complex binding","GO:0044877","false","0.000039027476879333234","4.408629524885877","1252","81","20","20208","APOE,CDKN1A,DCTN2,FGF2,GFAP,ITGA2,ITGA6,LYN,MYH9,NID2,SMAD3,SMC3,SNCA,SPARC,SPP1,SRC,TPR,TWF2,VPS28,VWF"
"GO:MF","signaling receptor regulator activity","GO:0030545","false","0.00004834047040509251","4.31568912775249","594","81","14","20208","APOE,APP,BMP4,EPO,FGF2,FGF21,GCG,GH1,HBEGF,IL6,LEP,LYN,PARK7,SPP1"
"GO:MF","cell adhesion molecule binding","GO:0050839","false","0.00018519470741247638","3.732371428962943","563","81","13","20208","FGF2,GFAP,ITGA2,ITGA6,LYN,MYH9,PARK7,PLIN3,PTPN6,SPP1,SRC,TWF2,VWF"
"GO:MF","growth factor binding","GO:0019838","true","0.0005570906008516449","3.2540741688295545","133","81","7","20208","COL1A1,COL2A1,COL4A1,IGFBP1,ITGA6,LTBP2,SHC1"
"GO:MF","growth factor receptor binding","GO:0070851","false","0.0007494977285878344","3.1252296789774956","139","81","7","20208","FGF2,FGF21,HBEGF,IL6,LYN,SHC1,VAV3"
"GO:MF","molecular function regulator activity","GO:0098772","false","0.0007963501888769513","3.0988959125979405","2266","81","25","20208","AKT2,APOE,APP,BMP4,CABP2,CDKN1A,EPO,FGF2,FGF21,GCG,GH1,HBEGF,HRAS,IL6,LEP,LYN,NBN,PARK7,PSMD1,PSME1,SERPINE1,SNCA,SPP1,SRC,VAV3"
"GO:MF","receptor ligand activity","GO:0048018","false","0.0009513251169404838","3.021671036833976","548","81","12","20208","APOE,APP,BMP4,EPO,FGF2,FGF21,GCG,GH1,HBEGF,IL6,LEP,SPP1"
"GO:MF","identical protein binding","GO:0042802","false","0.0014345945331399625","2.843270828478744","2179","81","24","20208","ACY1,APOE,APP,ATF2,CEACAM6,COL1A1,COL2A1,DCTN2,FGF2,GCG,GFAP,IL6,MYH9,PARK7,PSMC3,SFTPD,SMAD2,SMAD3,SNCA,STAT5B,TBL1X,TPR,VIM,VWF"
"GO:MF","extracellular matrix structural constituent","GO:0005201","true","0.002748493798318511","2.560905238636067","169","81","7","20208","COL1A1,COL2A1,COL4A1,LTBP2,NID2,SPARC,VWF"
"GO:MF","phosphorylation-dependent protein binding","GO:0140031","true","0.003839843980543137","2.4156864214047964","10","81","3","20208","LYN,NBN,PTPN6"
"GO:MF","platelet-derived growth factor binding","GO:0048407","false","0.005264515322219188","2.2786416059742076","11","81","3","20208","COL1A1,COL2A1,COL4A1"
"GO:MF","collagen binding","GO:0005518","true","0.0054486083119162565","2.26371441141826","72","81","5","20208","ITGA2,NID2,SMAD3,SPARC,VWF"
"GO:MF","sulfur compound binding","GO:1901681","true","0.00551557757362244","2.258409002914954","263","81","8","20208","APOE,APP,BMP4,FGF2,HBEGF,LTBP2,SCP2,TPMT"
"GO:MF","enzyme binding","GO:0019899","false","0.006989084889393093","2.15557968455535","2060","81","22","20208","APOE,APP,ATF2,CDKN1A,COL1A1,CYB5A,DCTN2,FOXO3,GFAP,LMNB1,LYN,PARK7,PSMD1,PTPN6,SERPINE1,SHC1,SMAD2,SMAD3,SRC,TPR,TWF2,VWF"
"GO:MF","kinase regulator activity","GO:0019207","false","0.012615632476838562","1.8990909715185573","295","81","8","20208","BMP4,CDKN1A,EPO,HBEGF,LYN,NBN,SNCA,SRC"
"GO:MF","phosphoprotein binding","GO:0051219","false","0.018952178486162378","1.722340862205595","93","81","5","20208","LYN,PTPN6,SHC1,SNCA,SRC"
"GO:MF","kinase binding","GO:0019900","true","0.024927381916706886","1.6033233323600424","759","81","12","20208","APP,ATF2,CDKN1A,DCTN2,FOXO3,GFAP,PARK7,PTPN6,SHC1,SMAD3,TPR,TWF2"
"GO:MF","growth factor activity","GO:0008083","false","0.025154309126647605","1.5993876062493837","162","81","6","20208","BMP4,FGF2,FGF21,GH1,HBEGF,IL6"
"GO:MF","heparin binding","GO:0008201","false","0.03398288818801024","1.4687397134360178","171","81","6","20208","APOE,APP,BMP4,FGF2,HBEGF,LTBP2"
"GO:MF","protein kinase regulator activity","GO:0019887","false","0.04594089747493415","1.3378005249310585","262","81","7","20208","BMP4,CDKN1A,EPO,HBEGF,NBN,SNCA,SRC"
"GO:MF","enzyme regulator activity","GO:0030234","false","0.04920054939096477","1.3080300477177562","1372","81","16","20208","APOE,APP,BMP4,CDKN1A,EPO,HBEGF,HRAS,LYN,NBN,PARK7,PSMD1,PSME1,SERPINE1,SNCA,SRC,VAV3"
"GO:BP","response to endogenous stimulus","GO:0009719","true","1.4204523526693072e-11","10.847573329572057","1467","81","30","20972","AKT2,APOE,ATF2,BMP4,COL1A1,COL2A1,CSF2RA,EPO,FGF2,FGF21,FOXO3,GCG,GH1,HRAS,IGFBP1,IL6,INPPL1,ITGA2,LEP,LTBP2,LYN,PARK7,SHC1,SMAD2,SMAD3,SPP1,SRC,STAT5B,TPR,TWF2"
"GO:BP","cellular response to chemical stimulus","GO:0070887","false","6.469882444158842e-11","10.189103610261276","2199","81","35","20972","AKT2,APOE,APP,ATF2,COL1A1,COL4A1,CSF2RA,EPO,FABP1,FGF2,FOXO3,GCG,GH1,GSTA1,HBEGF,HRAS,IGFBP1,IL6,ITGA2,LEP,LYN,PARK7,PTPN6,SERPINE1,SFTPD,SHC1,SMAD3,SNCA,SPP1,SRC,STAT5B,TPMT,TWF2,VAV3,VIM"
"GO:BP","response to oxygen-containing compound","GO:1901700","false","2.362219423427423e-10","9.626679763810689","1632","81","30","20972","AKT2,APOE,APP,COL1A1,CSF2RA,EPO,FABP1,FGF2,FOXO3,GCG,GH1,HRAS,IGFBP1,IL6,INPPL1,ITGA2,LEP,LYN,PARK7,PTPN6,SERPINE1,SHC1,SMAD2,SMAD3,SNCA,SPP1,SRC,STAT5B,TWF2,VIM"
"GO:BP","positive regulation of cell communication","GO:0010647","false","2.1776409263794434e-9","8.662013729974257","1778","81","30","20972","APOE,APP,BMP4,COL1A1,CSF2RA,EPO,FGF2,FGF21,GCG,GFAP,GH1,HBEGF,HRAS,IL6,ITGA2,LEP,LYN,PARK7,PSMD9,PTPN6,SHC1,SMAD2,SMAD3,SNCA,SPP1,SRC,TBL1X,TPR,VAV3,VWF"
"GO:BP","positive regulation of multicellular organismal process","GO:0051240","false","1.2165888036146364e-8","7.914856184709159","1639","81","28","20972","APOE,APP,ATF2,BMP4,CDKN1A,COL1A1,EPO,FGF2,FGF21,FOXO3,GFAP,GH1,HRAS,IL6,ITGA2,LEP,LYN,PARK7,PTPN6,SERPINE1,SMAD2,SMAD3,SPP1,SRC,STAT5B,TP53BP1,TWF2,VAV3"
"GO:BP","positive regulation of signaling","GO:0023056","false","1.4074172231283375e-8","7.851577138640561","1779","81","29","20972","APOE,APP,BMP4,COL1A1,CSF2RA,EPO,FGF2,FGF21,GCG,GFAP,GH1,HBEGF,HRAS,IL6,LEP,LYN,PARK7,PSMD9,PTPN6,SHC1,SMAD2,SMAD3,SNCA,SPP1,SRC,TBL1X,TPR,VAV3,VWF"
"GO:BP","cell surface receptor signaling pathway","GO:0007166","false","2.0984129508242985e-8","7.678109042064018","2834","81","36","20972","AKT2,APOE,APP,ATF2,BMP4,COL1A1,COL2A1,COL4A1,CSF2RA,EPO,FGF2,FGF21,FOXO3,GH1,HBEGF,HRAS,IGFBP1,IL6,INPPL1,ITGA2,ITGA6,LEP,LTBP2,LYN,MYH9,PARK7,PTPN6,SERPINE1,SHC1,SMAD2,SMAD3,SNCA,SRC,STAT5B,TBL1X,VAV3"
"GO:BP","cellular response to oxygen-containing compound","GO:1901701","false","2.1629541215750086e-8","7.664952692284498","1194","81","24","20972","AKT2,APP,COL1A1,CSF2RA,FABP1,FOXO3,GCG,GH1,HRAS,IGFBP1,IL6,ITGA2,LEP,LYN,PARK7,PTPN6,SERPINE1,SHC1,SMAD3,SPP1,SRC,STAT5B,TWF2,VIM"
"GO:BP","enzyme-linked receptor protein signaling pathway","GO:0007167","false","2.6815711346869138e-8","7.571610677913206","988","81","22","20972","AKT2,ATF2,BMP4,COL1A1,COL4A1,CSF2RA,FGF2,FGF21,GH1,HBEGF,HRAS,IGFBP1,INPPL1,LEP,LTBP2,LYN,SHC1,SMAD2,SMAD3,SNCA,SRC,STAT5B"
"GO:BP","positive regulation of cellular process","GO:0048522","false","4.398310772579496e-8","7.356714087833779","5739","81","51","20972","AKT2,APOE,APP,ATF2,BMP4,CDKN1A,CEACAM6,COL1A1,CSF2RA,EPO,FGF2,FGF21,FOXO3,GCG,GFAP,GH1,HBEGF,HRAS,IGFBP1,IL6,ITGA2,ITGA6,LEP,LYN,MYH9,NBN,PARK7,PLIN3,PSMC3,PSMD9,PTPN6,SAP18,SCP2,SERPINE1,SFTPD,SHC1,SMAD2,SMAD3,SNCA,SPARC,SPP1,SRC,STAT5B,TBL1X,TP53BP1,TPR,TWF2,VAV3,VIM,VPS28,VWF"
"GO:BP","positive regulation of response to stimulus","GO:0048584","false","6.329038091789806e-8","7.198662290483719","2320","81","32","20972","APOE,APP,BMP4,COL1A1,CSF2RA,EPO,FGF2,FGF21,FOXO3,GCG,GH1,HBEGF,HRAS,IL6,ITGA2,LEP,LYN,NBN,PARK7,PTPN6,SERPINE1,SHC1,SMAD2,SMAD3,SNCA,SRC,STAT5B,TBL1X,TP53BP1,TPR,VAV3,VWF"
"GO:BP","regulation of cell population proliferation","GO:0042127","false","7.619819674775187e-8","7.118055306242649","1639","81","27","20972","APOE,APP,ATF2,BMP4,CDKN1A,CEACAM6,CSF2RA,EPO,FGF2,FGF21,FOXO3,GFAP,HBEGF,HRAS,IL6,INPPL1,ITGA2,LEP,LYN,PTPN6,SFTPD,SHC1,SKAP2,SMAD3,SPARC,STAT5B,VAV3"
"GO:BP","response to wounding","GO:0009611","true","9.755814249557012e-8","7.010736477234935","570","81","17","20972","APOE,CDKN1A,EPO,FGF2,HBEGF,HRAS,IL6,ITGA2,LYN,MYH9,PTPN6,SERPINE1,SMAD3,SPP1,SRC,VAV3,VWF"
"GO:BP","cell population proliferation","GO:0008283","false","1.5075012694179405e-7","6.821742313482355","1961","81","29","20972","APOE,APP,ATF2,BMP4,CDKN1A,CEACAM6,CSF2RA,EPO,FGF2,FGF21,FOXO3,GFAP,HBEGF,HRAS,IL6,INPPL1,ITGA2,LEP,LYN,NBN,PTPN6,SFTPD,SHC1,SKAP2,SMAD2,SMAD3,SPARC,STAT5B,VAV3"
"GO:BP","wound healing","GO:0042060","false","2.3610661625793714e-7","6.626891842806691","439","81","15","20972","APOE,CDKN1A,FGF2,HBEGF,HRAS,IL6,ITGA2,LYN,MYH9,PTPN6,SERPINE1,SMAD3,SRC,VAV3,VWF"
"GO:BP","ERK1 and ERK2 cascade","GO:0070371","false","2.548299606645846e-7","6.593749512810904","300","81","13","20972","APOE,APP,BMP4,EPO,FGF2,FGF21,GCG,HRAS,INPPL1,LYN,PTPN6,SHC1,SRC"
"GO:BP","transport","GO:0006810","false","3.06637252067078e-7","6.51337508567078","4370","81","43","20972","AKT2,APOE,APP,ATF2,BMP4,CDKN1A,COL1A1,CYB5A,DCTN2,EPO,FABP1,FGF2,FGF21,GCG,GFAP,GH1,HRAS,IL6,INPPL1,ITGA2,LEP,LMNB1,LTBP2,LYN,MYH9,PARK7,PLIN3,PSMD9,PTPN6,SCP2,SERPINE1,SFTPA1,SFTPD,SMAD2,SMAD3,SNCA,SPP1,SRC,STAT5B,TPR,VAV3,VPS28,VPS37A"
"GO:BP","response to hormone","GO:0009725","false","3.094460116182525e-7","6.509415110461383","904","81","20","20972","AKT2,COL1A1,CSF2RA,EPO,FOXO3,GCG,GH1,HRAS,IGFBP1,IL6,INPPL1,ITGA2,LEP,LYN,PARK7,SHC1,SMAD3,SPP1,SRC,STAT5B"
"GO:BP","cellular response to endogenous stimulus","GO:0071495","false","3.1168551746607564e-7","6.506283376839909","1238","81","23","20972","AKT2,ATF2,BMP4,COL1A1,COL2A1,CSF2RA,FGF2,FGF21,FOXO3,GCG,GH1,HRAS,IGFBP1,LEP,LTBP2,LYN,PARK7,SHC1,SMAD2,SMAD3,SRC,STAT5B,TWF2"
"GO:BP","cell activation","GO:0001775","false","3.1589553482628304e-7","6.500456512790676","1123","81","22","20972","APOE,APP,ATF2,BMP4,CDKN1A,EPO,FOXO3,IL6,LEP,LYN,MYH9,NBN,PTPN6,SFTPD,SKAP2,SMAD3,SNCA,SRC,STAT5B,TP53BP1,VAV3,VWF"
"GO:BP","apoptotic process","GO:0006915","false","3.8537777123625225e-7","6.41411333925983","1898","81","28","20972","AKT2,APOE,APP,ATF2,BMP4,CDKN1A,CEACAM6,COL2A1,EPO,FGF2,FOXO3,GCG,HRAS,IL6,INPPL1,ITGA6,LEP,LYN,NBN,PARK7,PTPN6,SAP18,SERPINE1,SHC1,SMAD3,SNCA,SRC,STAT5B"
"GO:BP","cell adhesion","GO:0007155","false","4.712778650349044e-7","6.326722957691984","1512","81","25","20972","APP,BMP4,CEACAM6,CEACAM8,COL1A1,EPO,FOXO3,IL6,INPPL1,ITGA2,ITGA6,LEP,LYN,MYH9,NID2,PTPN6,SERPINE1,SFTPD,SHC1,SMAD3,SPP1,SRC,STAT5B,VAV3,VWF"
"GO:BP","positive regulation of cell migration","GO:0030335","false","4.785109185596141e-7","6.320108148135642","544","81","16","20972","AKT2,APP,BMP4,CEACAM6,COL1A1,FGF2,HBEGF,HRAS,IL6,ITGA2,ITGA6,LYN,SERPINE1,SMAD3,SPARC,SRC"
"GO:BP","cell surface receptor protein tyrosine kinase signaling pathway","GO:0007169","false","5.980164948374359e-7","6.223286836884362","641","81","17","20972","AKT2,COL1A1,COL4A1,CSF2RA,FGF2,FGF21,GH1,HBEGF,HRAS,IGFBP1,INPPL1,LEP,LYN,SHC1,SNCA,SRC,STAT5B"
"GO:BP","cell migration","GO:0016477","false","6.212414478237874e-7","6.206739576831653","1532","81","25","20972","AKT2,APOE,APP,BMP4,CEACAM6,COL1A1,FGF2,FGF21,FOXO3,HBEGF,HRAS,IL6,ITGA2,ITGA6,LEP,LYN,MYH9,SERPINE1,SFTPD,SMAD2,SMAD3,SPARC,SRC,STAT5B,VAV3"
"GO:BP","response to nitrogen compound","GO:1901698","false","6.258040281975471e-7","6.203561645698716","941","81","20","20972","AKT2,APP,COL1A1,CSF2RA,FOXO3,GCG,GH1,HRAS,IGFBP1,IL6,INPPL1,ITGA2,LEP,LYN,SHC1,SMAD3,SRC,STAT5B,TPR,VIM"
"GO:BP","positive regulation of biological process","GO:0048518","false","6.870264282069925e-7","6.163026556384842","6150","81","51","20972","AKT2,APOE,APP,ATF2,BMP4,CDKN1A,CEACAM6,COL1A1,CSF2RA,EPO,FGF2,FGF21,FOXO3,GCG,GFAP,GH1,HBEGF,HRAS,IGFBP1,IL6,ITGA2,ITGA6,LEP,LYN,MYH9,NBN,PARK7,PLIN3,PSMC3,PSMD9,PTPN6,SAP18,SCP2,SERPINE1,SFTPD,SHC1,SMAD2,SMAD3,SNCA,SPARC,SPP1,SRC,STAT5B,TBL1X,TP53BP1,TPR,TWF2,VAV3,VIM,VPS28,VWF"
"GO:BP","programmed cell death","GO:0012501","false","7.901163449695599e-7","6.102308953952646","1958","81","28","20972","AKT2,APOE,APP,ATF2,BMP4,CDKN1A,CEACAM6,COL2A1,EPO,FGF2,FOXO3,GCG,HRAS,IL6,INPPL1,ITGA6,LEP,LYN,NBN,PARK7,PTPN6,SAP18,SERPINE1,SHC1,SMAD3,SNCA,SRC,STAT5B"
"GO:BP","MAPK cascade","GO:0000165","false","8.084829665682339e-7","6.092329125545274","749","81","18","20972","APOE,APP,ATF2,BMP4,EPO,FGF2,FGF21,GCG,GH1,HRAS,IL6,INPPL1,LEP,LYN,PTPN6,SHC1,SMAD3,SRC"
"GO:BP","cell death","GO:0008219","false","8.280404987044276e-7","6.0819484217492565","1962","81","28","20972","AKT2,APOE,APP,ATF2,BMP4,CDKN1A,CEACAM6,COL2A1,EPO,FGF2,FOXO3,GCG,HRAS,IL6,INPPL1,ITGA6,LEP,LYN,NBN,PARK7,PTPN6,SAP18,SERPINE1,SHC1,SMAD3,SNCA,SRC,STAT5B"
"GO:BP","positive regulation of cell motility","GO:2000147","false","9.686869217726878e-7","6.013816563626752","571","81","16","20972","AKT2,APP,BMP4,CEACAM6,COL1A1,FGF2,HBEGF,HRAS,IL6,ITGA2,ITGA6,LYN,SERPINE1,SMAD3,SPARC,SRC"
"GO:BP","positive regulation of signal transduction","GO:0009967","false","0.0000010238963847472532","5.989743990439623","1569","81","25","20972","APOE,APP,BMP4,COL1A1,CSF2RA,EPO,FGF2,FGF21,GCG,GH1,HBEGF,HRAS,IL6,LEP,LYN,PARK7,PTPN6,SHC1,SMAD2,SMAD3,SRC,TBL1X,TPR,VAV3,VWF"
"GO:BP","regulation of protein metabolic process","GO:0051246","false","0.0000010942020643787011","5.960902470195149","1574","81","25","20972","AKT2,APOE,APP,BMP4,CDKN1A,FGF2,FOXO3,GFAP,GH1,HRAS,IL6,ITGA2,LEP,LYN,MYH9,PARK7,PSMC3,PSMD1,PSME1,SERPINE1,SMAD3,SNCA,SRC,TPR,VPS28"
"GO:BP","leukocyte activation","GO:0045321","false","0.000001162295164686907","5.934683568919279","975","81","20","20972","APP,ATF2,BMP4,CDKN1A,EPO,FOXO3,IL6,LEP,LYN,MYH9,NBN,PTPN6,SFTPD,SKAP2,SMAD3,SNCA,SRC,STAT5B,TP53BP1,VAV3"
"GO:BP","cellular response to stimulus","GO:0051716","false","0.000001281014303816133","5.892446020892523","7425","81","56","20972","AKT2,APOE,APP,ATF2,BMP4,CABP2,CDKN1A,COL1A1,COL2A1,COL4A1,CSF2RA,EPO,FABP1,FGF2,FGF21,FOXO3,GCG,GFAP,GH1,GSTA1,HBEGF,HRAS,IGFBP1,IL6,INPPL1,ITGA2,ITGA6,KIF22,LEP,LTBP2,LYN,MYH9,NBN,PARK7,PDE5A,PLIN3,PTPN6,SERPINE1,SFTPD,SHC1,SKAP2,SMAD2,SMAD3,SMC3,SNCA,SPP1,SRC,STAT5B,TBL1X,TP53BP1,TPMT,TPR,TWF2,VAV3,VIM,VWF"
"GO:BP","regulation of ERK1 and ERK2 cascade","GO:0070372","false","0.0000013420380788482758","5.872235161365935","276","81","12","20972","APOE,APP,BMP4,EPO,FGF2,FGF21,GCG,HRAS,LYN,PTPN6,SHC1,SRC"
"GO:BP","positive regulation of locomotion","GO:0040017","false","0.0000014103705381827187","5.8506667727722","586","81","16","20972","AKT2,APP,BMP4,CEACAM6,COL1A1,FGF2,HBEGF,HRAS,IL6,ITGA2,ITGA6,LYN,SERPINE1,SMAD3,SPARC,SRC"
"GO:BP","positive regulation of intracellular signal transduction","GO:1902533","false","0.0000016500317220532836","5.782507706343509","1108","81","21","20972","APOE,APP,BMP4,EPO,FGF2,FGF21,GCG,GH1,HBEGF,HRAS,IL6,LEP,LYN,PARK7,PTPN6,SHC1,SMAD3,SRC,TPR,VAV3,VWF"
"GO:BP","regulation of cell communication","GO:0010646","false","0.0000017483165392906043","5.757379933931811","3480","81","37","20972","AKT2,APOE,APP,BMP4,COL1A1,COL2A1,CSF2RA,EPO,FGF2,FGF21,FOXO3,GCG,GFAP,GH1,HBEGF,HRAS,IGFBP1,IL6,INPPL1,ITGA2,ITGA6,LEP,LYN,PARK7,PSMD9,PTPN6,SERPINE1,SHC1,SMAD2,SMAD3,SNCA,SPP1,SRC,TBL1X,TPR,VAV3,VWF"
"GO:BP","locomotion","GO:0040011","false","0.000001928079970443387","5.714874956946669","1236","81","22","20972","AKT2,APOE,APP,BMP4,CEACAM6,COL1A1,FGF2,FGF21,FOXO3,HBEGF,HRAS,IL6,ITGA2,ITGA6,LYN,SERPINE1,SFTPD,SMAD3,SNCA,SPARC,SRC,VAV3"
"GO:BP","response to chemical","GO:0042221","false","0.000002070050324302354","5.684019096426582","3863","81","39","20972","AKT2,APOE,APP,ATF2,BMP4,COL1A1,COL4A1,CSF2RA,EPO,FABP1,FGF2,FOXO3,GCG,GH1,GSTA1,HBEGF,HRAS,IGFBP1,IL6,INPPL1,ITGA2,LEP,LYN,PARK7,PTPN6,SERPINE1,SFTPD,SHC1,SMAD2,SMAD3,SNCA,SPP1,SRC,STAT5B,TPMT,TPR,TWF2,VAV3,VIM"
"GO:BP","regulation of localization","GO:0032879","false","0.000002473600623194742","5.606670418346341","1914","81","27","20972","AKT2,APOE,BMP4,EPO,FGF21,GCG,GFAP,GH1,HRAS,IL6,INPPL1,ITGA2,LEP,LYN,PARK7,PLIN3,PSMD9,PTPN6,SCP2,SERPINE1,SFTPD,SMAD3,SNCA,SPP1,SRC,TPR,VPS28"
"GO:BP","lymphocyte activation","GO:0046649","false","0.0000028659880605738352","5.542725623163274","811","81","18","20972","ATF2,BMP4,CDKN1A,EPO,FOXO3,IL6,LEP,LYN,MYH9,NBN,PTPN6,SFTPD,SKAP2,SMAD3,SRC,STAT5B,TP53BP1,VAV3"
"GO:BP","positive regulation of cell population proliferation","GO:0008284","false","0.0000032141828243014137","5.492929423986154","923","81","19","20972","ATF2,BMP4,CDKN1A,CEACAM6,CSF2RA,EPO,FGF2,FGF21,GFAP,HBEGF,HRAS,IL6,ITGA2,LEP,LYN,PTPN6,SHC1,STAT5B,VAV3"
"GO:BP","positive regulation of MAPK cascade","GO:0043410","false","0.0000035274233098268575","5.452542419524306","450","81","14","20972","APOE,APP,BMP4,EPO,FGF2,FGF21,GCG,GH1,HRAS,IL6,LEP,LYN,SHC1,SRC"
"GO:BP","macromolecule localization","GO:0033036","false","0.0000035517144449689266","5.449561958422573","2876","81","33","20972","AKT2,APOE,ATF2,BMP4,CDKN1A,COL1A1,DCTN2,FABP1,GCG,GFAP,HRAS,IL6,INPPL1,LEP,LMNB1,LTBP2,LYN,MYH9,NBN,PARK7,PLIN3,PSMD9,SCP2,SFTPA1,SMAD2,SMAD3,SNCA,SPP1,SRC,TP53BP1,TPR,VPS28,VPS37A"
"GO:BP","regulation of locomotion","GO:0040012","false","0.000003914746285396896","5.4072963793078594","1046","81","20","20972","AKT2,APOE,APP,BMP4,CEACAM6,COL1A1,FGF2,FGF21,FOXO3,HBEGF,HRAS,IL6,ITGA2,ITGA6,LYN,SERPINE1,SMAD3,SNCA,SPARC,SRC"
"GO:BP","positive regulation of metabolic process","GO:0009893","false","0.000004209828933012227","5.375735551422828","3410","81","36","20972","AKT2,APOE,APP,ATF2,BMP4,CDKN1A,COL1A1,EPO,FGF2,FOXO3,GCG,GH1,HRAS,IL6,ITGA2,ITGA6,LEP,LYN,MYH9,NBN,PARK7,PSMC3,PSMD9,SCP2,SERPINE1,SHC1,SMAD2,SMAD3,SNCA,SPP1,SRC,STAT5B,TBL1X,TP53BP1,VIM,VPS28"
"GO:BP","response to peptide hormone","GO:0043434","false","0.000004300074439815612","5.36652402615964","457","81","14","20972","AKT2,COL1A1,CSF2RA,GCG,GH1,HRAS,IGFBP1,INPPL1,LEP,LYN,SHC1,SMAD3,SRC,STAT5B"
"GO:BP","regulation of cell migration","GO:0030334","false","0.0000046552563314466805","5.332056400554198","944","81","19","20972","AKT2,APOE,APP,BMP4,CEACAM6,COL1A1,FGF2,FGF21,FOXO3,HBEGF,HRAS,IL6,ITGA2,ITGA6,LYN,SERPINE1,SMAD3,SPARC,SRC"
"GO:BP","immune system process","GO:0002376","false","0.000004940312770916453","5.306245555047369","2913","81","33","20972","APOE,APP,ATF2,BMP4,CDKN1A,CEACAM8,CHIT1,EPO,FOXO3,HRAS,IL6,INPPL1,ITGA2,ITGA6,LEP,LYN,MYH9,NBN,PARK7,PSMA1,PSME1,PTPN6,SERPINE1,SFTPA1,SFTPD,SKAP2,SMAD3,SNCA,SRC,STAT5B,TP53BP1,VAV3,VIM"
"GO:BP","response to stress","GO:0006950","false","0.000005204194117301982","5.2836465125522665","3984","81","39","20972","AKT2,APOE,APP,ATF2,CDKN1A,COL1A1,EPO,FABP1,FGF2,FOXO3,GFAP,HBEGF,HRAS,IL6,ITGA2,KIF22,LEP,LYN,MYH9,NBN,PARK7,PLIN3,PNLIPRP2,PSMA1,PTPN6,SERPINE1,SFTPD,SHC1,SMAD3,SMC3,SNCA,SPP1,SRC,STAT5B,TP53BP1,TPR,VAV3,VIM,VWF"
"GO:BP","regulation of multicellular organismal process","GO:0051239","false","0.0000053960023006430394","5.267927873834017","2923","81","33","20972","APOE,APP,ATF2,BMP4,CDKN1A,COL1A1,EPO,FGF2,FGF21,FOXO3,GFAP,GH1,HBEGF,HRAS,IL6,ITGA2,LEP,LYN,PARK7,PTPN6,SERPINE1,SFTPD,SHC1,SMAD2,SMAD3,SNCA,SPARC,SPP1,SRC,STAT5B,TP53BP1,TWF2,VAV3"
"GO:BP","regulation of transport","GO:0051049","false","0.000005479732886990136","5.2612406109560625","1566","81","24","20972","AKT2,APOE,BMP4,EPO,FGF21,GCG,GFAP,GH1,IL6,ITGA2,LEP,LYN,PARK7,PSMD9,PTPN6,SCP2,SERPINE1,SFTPD,SMAD3,SNCA,SPP1,SRC,TPR,VPS28"
"GO:BP","regulation of response to stimulus","GO:0048583","false","0.000005564918966987355","5.254541155219024","3993","81","39","20972","AKT2,APOE,APP,BMP4,COL1A1,COL2A1,CSF2RA,EPO,FGF2,FGF21,FOXO3,GCG,GH1,HBEGF,HRAS,IGFBP1,IL6,INPPL1,ITGA2,ITGA6,LEP,LYN,NBN,PARK7,PSMA1,PTPN6,SERPINE1,SHC1,SMAD2,SMAD3,SNCA,SPP1,SRC,STAT5B,TBL1X,TP53BP1,TPR,VAV3,VWF"
"GO:BP","import into cell","GO:0098657","false","0.000005927288802505111","5.227143911586921","958","81","19","20972","AKT2,APOE,APP,FGF21,GFAP,HRAS,INPPL1,ITGA2,LEP,LYN,MYH9,PARK7,SERPINE1,SFTPA1,SFTPD,SNCA,SRC,VAV3,VPS28"
"GO:BP","positive regulation of ERK1 and ERK2 cascade","GO:0070374","false","0.000006007321744070436","5.221319107201573","189","81","10","20972","APOE,APP,BMP4,EPO,FGF2,FGF21,GCG,HRAS,SHC1,SRC"
"GO:BP","establishment of localization","GO:0051234","false","0.000006942145397365695","5.158506294638629","4804","81","43","20972","AKT2,APOE,APP,ATF2,BMP4,CDKN1A,COL1A1,CYB5A,DCTN2,EPO,FABP1,FGF2,FGF21,GCG,GFAP,GH1,HRAS,IL6,INPPL1,ITGA2,LEP,LMNB1,LTBP2,LYN,MYH9,PARK7,PLIN3,PSMD9,PTPN6,SCP2,SERPINE1,SFTPA1,SFTPD,SMAD2,SMAD3,SNCA,SPP1,SRC,STAT5B,TPR,VAV3,VPS28,VPS37A"
"GO:BP","system development","GO:0048731","false","0.000006947352366187486","5.158180673371225","4023","81","39","20972","AKT2,APOE,APP,ATF2,BMP4,CDKN1A,COL1A1,COL2A1,COL4A1,EPO,FGF2,FGF21,FOXO3,GFAP,GH1,HRAS,IL6,INPPL1,ITGA2,ITGA6,LEP,LYN,MYH9,NBN,PTPN6,SERPINE1,SFTPD,SHC1,SMAD2,SMAD3,SNCA,SPARC,SPP1,SRC,STAT5B,TP53BP1,TWF2,VAV3,VIM"
"GO:BP","regulation of signaling","GO:0023051","false","0.000006990282459140061","5.155505275188873","3473","81","36","20972","AKT2,APOE,APP,BMP4,COL1A1,COL2A1,CSF2RA,EPO,FGF2,FGF21,FOXO3,GCG,GFAP,GH1,HBEGF,HRAS,IGFBP1,IL6,INPPL1,ITGA6,LEP,LYN,PARK7,PSMD9,PTPN6,SERPINE1,SHC1,SMAD2,SMAD3,SNCA,SPP1,SRC,TBL1X,TPR,VAV3,VWF"
"GO:BP","developmental growth","GO:0048589","false","0.000007929520033795561","5.100753099313228","661","81","16","20972","APOE,APP,ATF2,BMP4,CDKN1A,FGF2,FOXO3,GH1,IGFBP1,LEP,NBN,SMAD2,SMAD3,SPP1,STAT5B,TWF2"
"GO:BP","regulation of programmed cell death","GO:0043067","false","0.00000839290858748789","5.0760875070389","1467","81","23","20972","APOE,BMP4,CDKN1A,CEACAM6,COL2A1,EPO,FGF2,FOXO3,GCG,HRAS,IL6,ITGA6,LEP,LYN,PARK7,PTPN6,SAP18,SERPINE1,SHC1,SMAD3,SNCA,SRC,STAT5B"
"GO:BP","positive regulation of macromolecule metabolic process","GO:0010604","false","0.000008936570561801809","5.048829111162398","3152","81","34","20972","AKT2,APOE,APP,ATF2,BMP4,CDKN1A,COL1A1,EPO,FGF2,FOXO3,GH1,HRAS,IL6,ITGA2,ITGA6,LEP,LYN,MYH9,NBN,PARK7,PSMC3,PSMD9,SERPINE1,SHC1,SMAD2,SMAD3,SNCA,SPP1,SRC,STAT5B,TBL1X,TP53BP1,VIM,VPS28"
"GO:BP","response to lipid","GO:0033993","false","0.000010327452126502268","4.986006809543735","880","81","18","20972","COL1A1,EPO,FOXO3,GH1,IL6,ITGA2,LEP,LYN,PARK7,PTPN6,SERPINE1,SMAD2,SNCA,SPP1,SRC,STAT5B,TWF2,VIM"
"GO:BP","localization","GO:0051179","false","0.000010642419691703626","4.972959618348999","5493","81","46","20972","AKT2,APOE,APP,ATF2,BMP4,CDKN1A,COL1A1,CYB5A,DCTN2,EPO,FABP1,FGF2,FGF21,GCG,GFAP,GH1,HRAS,IL6,INPPL1,ITGA2,KIF22,LEP,LMNB1,LTBP2,LYN,MYH9,NBN,PARK7,PLIN3,PSMD9,PTPN6,SCP2,SERPINE1,SFTPA1,SFTPD,SMAD2,SMAD3,SNCA,SPP1,SRC,STAT5B,TP53BP1,TPR,VAV3,VPS28,VPS37A"
"GO:BP","regulation of cell motility","GO:2000145","false","0.000012946491560531753","4.887847907439083","1005","81","19","20972","AKT2,APOE,APP,BMP4,CEACAM6,COL1A1,FGF2,FGF21,FOXO3,HBEGF,HRAS,IL6,ITGA2,ITGA6,LYN,SERPINE1,SMAD3,SPARC,SRC"
"GO:BP","regulation of signal transduction","GO:0009966","false","0.000013645463194274098","4.865011717648682","3031","81","33","20972","AKT2,APOE,APP,BMP4,COL1A1,COL2A1,CSF2RA,EPO,FGF2,FGF21,FOXO3,GCG,GH1,HBEGF,HRAS,IGFBP1,IL6,INPPL1,ITGA6,LEP,LYN,PARK7,PTPN6,SERPINE1,SHC1,SMAD2,SMAD3,SNCA,SRC,TBL1X,TPR,VAV3,VWF"
"GO:BP","regulation of leukocyte proliferation","GO:0070663","false","0.000013822730942672687","4.859406145372549","269","81","11","20972","BMP4,CDKN1A,CSF2RA,EPO,IL6,LEP,LYN,PTPN6,SFTPD,STAT5B,VAV3"
"GO:BP","endocytosis","GO:0006897","false","0.000015802815856557828","4.801265520513615","694","81","16","20972","APOE,APP,HRAS,INPPL1,ITGA2,LEP,LYN,MYH9,PARK7,SERPINE1,SFTPA1,SFTPD,SNCA,SRC,VAV3,VPS28"
"GO:BP","cell motility","GO:0048870","false","0.000016064241696136626","4.794139770265355","1794","81","25","20972","AKT2,APOE,APP,BMP4,CEACAM6,COL1A1,FGF2,FGF21,FOXO3,HBEGF,HRAS,IL6,ITGA2,ITGA6,LEP,LYN,MYH9,SERPINE1,SFTPD,SMAD2,SMAD3,SPARC,SRC,STAT5B,VAV3"
"GO:BP","regulation of apoptotic process","GO:0042981","false","0.000026765885002126432","4.572418392288556","1426","81","22","20972","APOE,BMP4,CEACAM6,COL2A1,EPO,FGF2,FOXO3,GCG,HRAS,IL6,ITGA6,LEP,LYN,PARK7,PTPN6,SAP18,SERPINE1,SHC1,SMAD3,SNCA,SRC,STAT5B"
"GO:BP","regulation of cell activation","GO:0050865","false","0.00003029797729542492","4.518586364195967","627","81","15","20972","APOE,BMP4,CDKN1A,EPO,FOXO3,IL6,LEP,LYN,PTPN6,SFTPD,SNCA,SRC,STAT5B,TP53BP1,VAV3"
"GO:BP","response to stimulus","GO:0050896","false","0.000030854498177219935","4.510681512631107","9051","81","60","20972","AKT2,APOE,APP,ATF2,BMP4,CABP2,CDKN1A,CEACAM8,CHIT1,COL1A1,COL2A1,COL4A1,CSF2RA,EPO,FABP1,FGF2,FGF21,FOXO3,GCG,GFAP,GH1,GSTA1,HBEGF,HRAS,IGFBP1,IL6,INPPL1,ITGA2,ITGA6,KIF22,LEP,LTBP2,LYN,MYH9,NBN,PARK7,PDE5A,PLIN3,PNLIPRP2,PSMA1,PTPN6,SERPINE1,SFTPD,SHC1,SKAP2,SMAD2,SMAD3,SMC3,SNCA,SPP1,SRC,STAT5B,TBL1X,TP53BP1,TPMT,TPR,TWF2,VAV3,VIM,VWF"
"GO:BP","catabolic process","GO:0009056","true","0.00003565844907566073","4.447837549902392","2641","81","30","20972","AKT2,APOE,APP,CHIT1,FGF2,FOXO3,GFAP,IL6,LEP,LYN,MMP10,PARK7,PDE5A,PNLIP,PNLIPRP2,PSMA1,PSMC3,PSMD1,PSMD9,PSME1,SCP2,SMAD3,SNCA,SPP1,SRC,TBL1X,TPMT,VIM,VPS28,VPS37A"
"GO:BP","positive regulation of biosynthetic process","GO:0009891","false","0.000036929582354250365","4.432625603864594","2645","81","30","20972","AKT2,APOE,APP,ATF2,BMP4,COL1A1,EPO,FGF2,FOXO3,GCG,HRAS,IL6,ITGA2,ITGA6,LEP,MYH9,PARK7,PSMC3,PSMD9,SERPINE1,SHC1,SMAD2,SMAD3,SNCA,SPP1,SRC,STAT5B,TBL1X,TP53BP1,VIM"
"GO:BP","regulation of MAPK cascade","GO:0043408","false","0.00003815722497993303","4.418423217294069","638","81","15","20972","APOE,APP,BMP4,EPO,FGF2,FGF21,GCG,GH1,HRAS,IL6,LEP,LYN,PTPN6,SHC1,SRC"
"GO:BP","regulation of immune system process","GO:0002682","false","0.00004011820067244813","4.396658553606521","1594","81","23","20972","APOE,APP,BMP4,CDKN1A,EPO,FOXO3,HRAS,IL6,INPPL1,ITGA2,LEP,LYN,PARK7,PSMA1,PTPN6,SERPINE1,SFTPD,SMAD3,SNCA,SRC,STAT5B,TP53BP1,VAV3"
"GO:BP","negative regulation of cellular process","GO:0048523","false","0.00004342829942173705","4.36222717653728","5510","81","45","20972","AKT2,APOE,APP,ATF2,BMP4,CDKN1A,CEACAM6,COL1A1,COL2A1,EPO,FGF2,FOXO3,GCG,GFAP,HRAS,IGFBP1,IL6,INPPL1,ITGA6,LEP,LMNB1,LYN,MYH9,NBN,PARK7,PSMD9,PTPN6,SAP18,SERPINE1,SFTPD,SHC1,SKAP2,SMAD2,SMAD3,SNCA,SPARC,SPP1,SRC,STAT5B,TBL1X,TP53BP1,TPR,TWF2,VIM,VPS28"
"GO:BP","negative regulation of apoptotic process","GO:0043066","false","0.00004559191571827091","4.3411121588751564","856","81","17","20972","BMP4,CEACAM6,COL2A1,EPO,FGF2,GCG,HRAS,IL6,ITGA6,LEP,PARK7,SERPINE1,SHC1,SMAD3,SNCA,SRC,STAT5B"
"GO:BP","negative regulation of biological process","GO:0048519","false","0.00005089772772072468","4.293301605882858","5753","81","46","20972","AKT2,APOE,APP,ATF2,BMP4,CDKN1A,CEACAM6,COL1A1,COL2A1,EPO,FGF2,FOXO3,GCG,GFAP,HRAS,IGFBP1,IL6,INPPL1,ITGA6,LEP,LMNB1,LYN,MYH9,NBN,PARK7,PSMA1,PSMD9,PTPN6,SAP18,SERPINE1,SFTPD,SHC1,SKAP2,SMAD2,SMAD3,SNCA,SPARC,SPP1,SRC,STAT5B,TBL1X,TP53BP1,TPR,TWF2,VIM,VPS28"
"GO:BP","regulation of lymphocyte proliferation","GO:0050670","false","0.00005664403865365473","4.246845789526139","239","81","10","20972","BMP4,CDKN1A,EPO,IL6,LEP,LYN,PTPN6,SFTPD,STAT5B,VAV3"
"GO:BP","leukocyte migration","GO:0050900","false","0.000057501797848845805","4.240318576464687","386","81","12","20972","APP,IL6,ITGA2,ITGA6,LEP,LYN,MYH9,SERPINE1,SFTPD,SRC,STAT5B,VAV3"
"GO:BP","blood coagulation","GO:0007596","false","0.00006128496767431148","4.2126460386414495","241","81","10","20972","APOE,IL6,ITGA2,LYN,MYH9,PTPN6,SERPINE1,SRC,VAV3,VWF"
"GO:BP","regulation of mononuclear cell proliferation","GO:0032944","false","0.00006625869825910589","4.178757100667167","243","81","10","20972","BMP4,CDKN1A,EPO,IL6,LEP,LYN,PTPN6,SFTPD,STAT5B,VAV3"
"GO:BP","regulation of leukocyte activation","GO:0002694","false","0.0000731799848698338","4.135607684640998","572","81","14","20972","BMP4,CDKN1A,EPO,FOXO3,IL6,LEP,LYN,PTPN6,SFTPD,SNCA,SRC,STAT5B,TP53BP1,VAV3"
"GO:BP","regulation of inflammatory response","GO:0050727","false","0.00007404889128469295","4.130481439675448","395","81","12","20972","APOE,APP,IL6,LYN,PARK7,PSMA1,PTPN6,SERPINE1,SMAD3,SNCA,SRC,STAT5B"
"GO:BP","positive regulation of phosphate metabolic process","GO:0045937","false","0.00007404889128469295","4.130481439675448","395","81","12","20972","APP,BMP4,CDKN1A,FGF2,GH1,HRAS,IL6,ITGA6,LEP,LYN,SNCA,SRC"
"GO:BP","positive regulation of phosphorus metabolic process","GO:0010562","false","0.00007404889128469295","4.130481439675448","395","81","12","20972","APP,BMP4,CDKN1A,FGF2,GH1,HRAS,IL6,ITGA6,LEP,LYN,SNCA,SRC"
"GO:BP","coagulation","GO:0050817","false","0.00007438833782962252","4.1284951452772045","246","81","10","20972","APOE,IL6,ITGA2,LYN,MYH9,PTPN6,SERPINE1,SRC,VAV3,VWF"
"GO:BP","intracellular protein localization","GO:0008104","false","0.0000751230247569215","4.124226933936919","2401","81","28","20972","AKT2,APOE,ATF2,BMP4,CDKN1A,COL1A1,DCTN2,GCG,GFAP,HRAS,IL6,INPPL1,LEP,LMNB1,LTBP2,MYH9,NBN,PARK7,PSMD9,SCP2,SMAD2,SMAD3,SNCA,SRC,TP53BP1,TPR,VPS28,VPS37A"
"GO:BP","negative regulation of programmed cell death","GO:0043069","false","0.00007654222988088297","4.116098889761687","887","81","17","20972","BMP4,CEACAM6,COL2A1,EPO,FGF2,GCG,HRAS,IL6,ITGA6,LEP,PARK7,SERPINE1,SHC1,SMAD3,SNCA,SRC,STAT5B"
"GO:BP","hemostasis","GO:0007599","false","0.00008028588432033232","4.09536080466739","248","81","10","20972","APOE,IL6,ITGA2,LYN,MYH9,PTPN6,SERPINE1,SRC,VAV3,VWF"
"GO:BP","regulation of cell adhesion","GO:0030155","false","0.00008072631180852129","4.092984888936095","780","81","16","20972","BMP4,CEACAM6,COL1A1,EPO,FOXO3,IL6,ITGA2,LEP,LYN,PTPN6,SERPINE1,SFTPD,SMAD3,SRC,STAT5B,VAV3"
"GO:BP","regulation of cellular component organization","GO:0051128","false","0.00009479278247085765","4.023224728615608","2427","81","28","20972","APOE,APP,BMP4,CDKN1A,EPO,GFAP,HBEGF,HRAS,IGFBP1,IL6,INPPL1,ITGA2,ITGA6,LYN,MYH9,NBN,PARK7,SERPINE1,SFTPD,SMAD3,SNCA,SPARC,SPP1,SRC,TPR,TWF2,VIM,VPS28"
"GO:BP","response to external stimulus","GO:0009605","false","0.00009479278247085765","4.023224728615608","2427","81","28","20972","APOE,APP,ATF2,BMP4,CHIT1,COL1A1,EPO,FGF2,HBEGF,HRAS,IL6,ITGA2,LEP,LYN,PARK7,PNLIPRP2,PSMA1,PTPN6,SERPINE1,SFTPD,SHC1,SMAD3,SNCA,SPP1,SRC,STAT5B,VAV3,VIM"
"GO:BP","regulation of response to stress","GO:0080134","false","0.00011389189914127157","3.9435071651514577","1410","81","21","20972","AKT2,APOE,APP,EPO,FGF2,HBEGF,HRAS,IL6,LEP,LYN,NBN,PARK7,PSMA1,PTPN6,SERPINE1,SMAD3,SNCA,SPP1,SRC,STAT5B,TP53BP1"
"GO:BP","positive regulation of lymphocyte activation","GO:0051251","false","0.00011625386193647114","3.9345926109985236","331","81","11","20972","CDKN1A,EPO,FOXO3,IL6,LEP,LYN,PTPN6,SRC,STAT5B,TP53BP1,VAV3"
"GO:BP","platelet activation","GO:0030168","false","0.0001230497198416427","3.909919370757336","138","81","8","20972","APOE,IL6,LYN,MYH9,PTPN6,SRC,VAV3,VWF"
"GO:BP","regulation of biological quality","GO:0065008","false","0.00012770177089179742","3.8938030801586443","2963","81","31","20972","AKT2,APOE,APP,ATF2,EPO,GCG,GFAP,HRAS,IL6,ITGA2,LEP,LYN,MYH9,PARK7,PNLIP,PSMD9,PTPN6,SCP2,SERPINE1,SMAD2,SMAD3,SNCA,SPARC,SPP1,SRC,STAT5B,TBL1X,TWF2,VAV3,VIM,VWF"
"GO:BP","growth","GO:0040007","false","0.0001298082764048445","3.886697616608342","920","81","17","20972","APOE,APP,ATF2,BMP4,CDKN1A,FGF2,FOXO3,GH1,HBEGF,IGFBP1,LEP,NBN,SMAD2,SMAD3,SPP1,STAT5B,TWF2"
"GO:BP","regulation of lymphocyte activation","GO:0051249","false","0.00013545028085827502","3.868220090113481","506","81","13","20972","BMP4,CDKN1A,EPO,FOXO3,IL6,LEP,LYN,PTPN6,SFTPD,SRC,STAT5B,TP53BP1,VAV3"
"GO:BP","leukocyte proliferation","GO:0070661","false","0.00014808520278122535","3.8294883356146654","339","81","11","20972","BMP4,CDKN1A,CSF2RA,EPO,IL6,LEP,LYN,PTPN6,SFTPD,STAT5B,VAV3"
"GO:BP","positive regulation of transport","GO:0051050","false","0.00015529779480326743","3.808834711119941","818","81","16","20972","AKT2,APOE,FGF21,GCG,GH1,ITGA2,LEP,PSMD9,SCP2,SERPINE1,SFTPD,SMAD3,SNCA,SPP1,TPR,VPS28"
"GO:BP","multicellular organismal process","GO:0032501","false","0.0001558344913045583","3.807336412354047","7337","81","52","20972","AKT2,APOE,APP,ATF2,BMP4,CABP2,CDKN1A,CHIT1,COL1A1,COL2A1,COL4A1,EPO,FGF2,FGF21,FOXO3,GCG,GFAP,GH1,HBEGF,HRAS,IL6,INPPL1,ITGA2,ITGA6,LEP,LYN,MYH9,NBN,PARK7,PGA4,PNLIP,PTPN6,SERPINE1,SFTPA1,SFTPA2,SFTPD,SHC1,SKAP2,SMAD2,SMAD3,SMC3,SNCA,SPARC,SPP1,SRC,STAT5B,TBL1X,TP53BP1,TWF2,VAV3,VIM,VWF"
"GO:BP","intracellular signaling cassette","GO:0141124","false","0.00016300871342006388","3.787789180325423","1866","81","24","20972","AKT2,APOE,APP,ATF2,BMP4,CDKN1A,EPO,FGF2,FGF21,GCG,GH1,HBEGF,HRAS,IL6,INPPL1,LEP,LYN,PARK7,PTPN6,SHC1,SMAD2,SMAD3,SRC,VAV3"
"GO:BP","apoptotic signaling pathway","GO:0097190","false","0.0001687103188274999","3.7728583538495712","612","81","14","20972","ATF2,BMP4,CDKN1A,COL2A1,EPO,FGF2,FOXO3,HRAS,ITGA6,NBN,PARK7,SERPINE1,SMAD3,SRC"
"GO:BP","cellular response to peptide hormone stimulus","GO:0071375","false","0.000210408539365957","3.676936638452439","351","81","11","20972","AKT2,CSF2RA,GCG,GH1,HRAS,IGFBP1,LEP,LYN,SHC1,SRC,STAT5B"
"GO:BP","response to growth factor","GO:0070848","false","0.00023891835463665237","3.621750484778319","734","81","15","20972","ATF2,BMP4,COL1A1,COL2A1,FGF2,FGF21,FOXO3,LTBP2,SHC1,SMAD2,SMAD3,SRC,STAT5B,TPR,TWF2"
"GO:BP","positive regulation of macromolecule biosynthetic process","GO:0010557","false","0.00024663643504393973","3.607942765657215","2538","81","28","20972","AKT2,APOE,APP,ATF2,BMP4,COL1A1,EPO,FGF2,FOXO3,HRAS,IL6,ITGA2,ITGA6,LEP,MYH9,PARK7,PSMC3,PSMD9,SERPINE1,SHC1,SMAD2,SMAD3,SPP1,SRC,STAT5B,TBL1X,TP53BP1,VIM"
"GO:BP","positive regulation of cellular component organization","GO:0051130","false","0.0002742582727795403","3.56184026341299","1091","81","18","20972","APOE,APP,EPO,HRAS,IL6,ITGA2,ITGA6,LYN,NBN,PARK7,SERPINE1,SFTPD,SMAD3,SNCA,SRC,TPR,TWF2,VPS28"
"GO:BP","tube development","GO:0035295","false","0.0002857133617347544","3.544069448829788","1094","81","18","20972","APOE,ATF2,BMP4,COL2A1,COL4A1,FGF2,IL6,LEP,MYH9,PTPN6,SERPINE1,SFTPD,SHC1,SMAD2,SMAD3,SPARC,SRC,VAV3"
"GO:BP","signal transduction","GO:0007165","false","0.0002873699700536708","3.5415586172783073","6063","81","46","20972","AKT2,APOE,APP,ATF2,BMP4,CABP2,CDKN1A,COL1A1,COL2A1,COL4A1,CSF2RA,EPO,FGF2,FGF21,FOXO3,GCG,GH1,HBEGF,HRAS,IGFBP1,IL6,INPPL1,ITGA2,ITGA6,LEP,LTBP2,LYN,MYH9,NBN,PARK7,PDE5A,PTPN6,SERPINE1,SHC1,SKAP2,SMAD2,SMAD3,SNCA,SPP1,SRC,STAT5B,TBL1X,TP53BP1,TPR,VAV3,VWF"
"GO:BP","positive regulation of leukocyte activation","GO:0002696","false","0.0002950260010172479","3.5301397074092726","363","81","11","20972","CDKN1A,EPO,FOXO3,IL6,LEP,LYN,PTPN6,SRC,STAT5B,TP53BP1,VAV3"
"GO:BP","regulation of primary metabolic process","GO:0080090","false","0.00032033110890345725","3.494400882850206","5215","81","42","20972","AKT2,APOE,APP,ATF2,BMP4,CDKN1A,COL1A1,EPO,FGF2,FOXO3,GCG,GFAP,GH1,HRAS,IL6,ITGA2,ITGA6,LEP,LYN,MYH9,NBN,PARK7,PSMC3,PSMD1,PSMD9,PSME1,SAP18,SCP2,SERPINE1,SHC1,SMAD2,SMAD3,SMC3,SNCA,SPP1,SRC,STAT5B,TBL1X,TP53BP1,TPR,VIM,VPS28"
"GO:BP","positive regulation of protein metabolic process","GO:0051247","false","0.0003220422908541627","3.492087092656402","863","81","16","20972","AKT2,APOE,APP,BMP4,CDKN1A,FGF2,GH1,HRAS,IL6,ITGA2,LEP,LYN,MYH9,PSMC3,SRC,VPS28"
"GO:BP","signaling","GO:0023052","false","0.00035823958425771593","3.445826427769859","6558","81","48","20972","AKT2,APOE,APP,ATF2,BMP4,CABP2,CDKN1A,COL1A1,COL2A1,COL4A1,CSF2RA,EPO,FGF2,FGF21,FOXO3,GCG,GFAP,GH1,HBEGF,HRAS,IGFBP1,IL6,INPPL1,ITGA2,ITGA6,LEP,LTBP2,LYN,MYH9,NBN,PARK7,PDE5A,PSMD9,PTPN6,SERPINE1,SHC1,SKAP2,SMAD2,SMAD3,SNCA,SPP1,SRC,STAT5B,TBL1X,TP53BP1,TPR,VAV3,VWF"
"GO:BP","regulation of body fluid levels","GO:0050878","false","0.0003978262767891626","3.4003065347167487","374","81","11","20972","APOE,IL6,ITGA2,LYN,MYH9,PTPN6,SERPINE1,SRC,STAT5B,VAV3,VWF"
"GO:BP","tube morphogenesis","GO:0035239","false","0.00040033066117915685","3.3975811461652663","877","81","16","20972","APOE,ATF2,BMP4,COL4A1,FGF2,IL6,LEP,MYH9,PTPN6,SERPINE1,SHC1,SMAD2,SMAD3,SPARC,SRC,VAV3"
"GO:BP","lymphocyte proliferation","GO:0046651","false","0.0004054969197693315","3.392012440422648","295","81","10","20972","BMP4,CDKN1A,EPO,IL6,LEP,LYN,PTPN6,SFTPD,STAT5B,VAV3"
"GO:BP","positive regulation of miRNA metabolic process","GO:2000630","false","0.00041543586652557625","3.3814960115040456","66","81","6","20972","BMP4,FGF2,FOXO3,HRAS,IL6,SMAD3"
"GO:BP","cell communication","GO:0007154","false","0.0004396758994583774","3.3568673392906776","6598","81","48","20972","AKT2,APOE,APP,ATF2,BMP4,CABP2,CDKN1A,COL1A1,COL2A1,COL4A1,CSF2RA,EPO,FGF2,FGF21,FOXO3,GCG,GFAP,GH1,HBEGF,HRAS,IGFBP1,IL6,INPPL1,ITGA2,ITGA6,LEP,LTBP2,LYN,MYH9,NBN,PARK7,PDE5A,PSMD9,PTPN6,SERPINE1,SHC1,SKAP2,SMAD2,SMAD3,SNCA,SPP1,SRC,STAT5B,TBL1X,TP53BP1,TPR,VAV3,VWF"
"GO:BP","regulation of response to wounding","GO:1903034","false","0.0004455168730821477","3.351135843259647","163","81","8","20972","APOE,FGF2,HBEGF,HRAS,PTPN6,SERPINE1,SMAD3,SPP1"
"GO:BP","positive regulation of cell activation","GO:0050867","false","0.0004663412047068856","3.331296209709075","380","81","11","20972","CDKN1A,EPO,FOXO3,IL6,LEP,LYN,PTPN6,SRC,STAT5B,TP53BP1,VAV3"
"GO:BP","protein localization to organelle","GO:0033365","false","0.000466457027333172","3.3311883597453713","887","81","16","20972","ATF2,BMP4,CDKN1A,COL1A1,DCTN2,HRAS,LEP,LMNB1,NBN,PARK7,SMAD3,SRC,TP53BP1,TPR,VPS28,VPS37A"
"GO:BP","circulatory system development","GO:0072359","false","0.0004930707083306003","3.30709079667438","1135","81","18","20972","APOE,ATF2,BMP4,CDKN1A,COL1A1,COL2A1,COL4A1,FGF2,IL6,LEP,MYH9,PTPN6,SERPINE1,SHC1,SMAD2,SMAD3,SPARC,VAV3"
"GO:BP","mononuclear cell proliferation","GO:0032943","false","0.0005034861262340142","3.2980124921074334","302","81","10","20972","BMP4,CDKN1A,EPO,IL6,LEP,LYN,PTPN6,SFTPD,STAT5B,VAV3"
"GO:BP","positive regulation of leukocyte proliferation","GO:0070665","false","0.0005123637005607591","3.290421646305541","166","81","8","20972","CDKN1A,CSF2RA,EPO,IL6,LEP,LYN,STAT5B,VAV3"
"GO:BP","negative regulation of response to stimulus","GO:0048585","false","0.0005568905586985862","3.254230144904034","1693","81","22","20972","AKT2,APOE,BMP4,COL2A1,EPO,FGF2,FOXO3,IGFBP1,IL6,INPPL1,ITGA6,LEP,LYN,PARK7,PSMA1,PTPN6,SERPINE1,SMAD3,SNCA,SPP1,SRC,TP53BP1"
"GO:BP","multicellular organism development","GO:0007275","false","0.0005607570553042029","3.2512252535267017","4690","81","39","20972","AKT2,APOE,APP,ATF2,BMP4,CDKN1A,COL1A1,COL2A1,COL4A1,EPO,FGF2,FGF21,FOXO3,GFAP,GH1,HRAS,IL6,INPPL1,ITGA2,ITGA6,LEP,LYN,MYH9,NBN,PTPN6,SERPINE1,SFTPD,SHC1,SMAD2,SMAD3,SNCA,SPARC,SPP1,SRC,STAT5B,TP53BP1,TWF2,VAV3,VIM"
"GO:BP","cellular response to nitrogen compound","GO:1901699","false","0.0005668330528266761","3.246544833368634","676","81","14","20972","AKT2,APP,CSF2RA,FOXO3,GCG,GH1,HRAS,IGFBP1,LEP,LYN,SHC1,SRC,STAT5B,VIM"
"GO:BP","extracellular matrix organization","GO:0030198","true","0.0005856664693589936","3.232349639535662","307","81","10","20972","APP,COL1A1,COL2A1,COL4A1,GFAP,IL6,ITGA2,MMP10,NID2,SMAD3"
"GO:BP","extracellular structure organization","GO:0043062","false","0.0006034470712727106","3.2193608161420313","308","81","10","20972","APP,COL1A1,COL2A1,COL4A1,GFAP,IL6,ITGA2,MMP10,NID2,SMAD3"
"GO:BP","external encapsulating structure organization","GO:0045229","false","0.0006216999434813423","3.206419172113495","309","81","10","20972","APP,COL1A1,COL2A1,COL4A1,GFAP,IL6,ITGA2,MMP10,NID2,SMAD3"
"GO:BP","regulation of establishment of protein localization","GO:0070201","false","0.0006229514414944196","3.2055458048864547","481","81","12","20972","AKT2,APOE,BMP4,GCG,HRAS,IL6,LEP,PARK7,PSMD9,SMAD3,TPR,VPS28"
"GO:BP","positive regulation of cell adhesion","GO:0045785","false","0.0006511126328385302","3.186343878422354","483","81","12","20972","CEACAM6,EPO,FOXO3,IL6,ITGA2,LEP,LYN,PTPN6,SMAD3,SRC,STAT5B,VAV3"
"GO:BP","T cell activation","GO:0042110","false","0.0006625010378918906","3.178813437013241","581","81","13","20972","ATF2,BMP4,EPO,FOXO3,IL6,LEP,LYN,MYH9,PTPN6,SFTPD,SMAD3,SRC,STAT5B"
"GO:BP","negative regulation of cell population proliferation","GO:0008285","false","0.0006766548929304437","3.16963277342688","686","81","14","20972","APOE,APP,BMP4,CDKN1A,FGF2,HRAS,IL6,INPPL1,LYN,PTPN6,SFTPD,SKAP2,SMAD3,SPARC"
"GO:BP","protein localization to nucleus","GO:0034504","false","0.000832662472104111","3.079531008447711","319","81","10","20972","ATF2,BMP4,CDKN1A,COL1A1,LEP,LMNB1,PARK7,SMAD3,SRC,TPR"
"GO:BP","regulation of phosphorus metabolic process","GO:0051174","false","0.0008926788899740991","3.0493047352789704","702","81","14","20972","APOE,APP,BMP4,CDKN1A,FGF2,GH1,HRAS,IL6,ITGA6,LEP,LYN,SCP2,SNCA,SRC"
"GO:BP","anatomical structure morphogenesis","GO:0009653","false","0.0008952346310048423","3.0480631260290814","2699","81","28","20972","APOE,APP,ATF2,BMP4,COL1A1,COL2A1,COL4A1,FGF2,FOXO3,HBEGF,HRAS,IL6,INPPL1,ITGA2,ITGA6,LEP,LYN,MYH9,PTPN6,SERPINE1,SHC1,SMAD2,SMAD3,SPARC,SPP1,SRC,TWF2,VAV3"
"GO:BP","positive regulation of gene expression","GO:0010628","false","0.0009172724612663047","3.0375016448654693","1184","81","18","20972","AKT2,APP,ATF2,BMP4,FGF2,HRAS,IL6,ITGA2,LEP,MYH9,PARK7,SERPINE1,SMAD2,SMAD3,SRC,STAT5B,TP53BP1,VIM"
"GO:BP","cellular response to lipid","GO:0071396","false","0.0009537797037599533","3.0205519235029494","600","81","13","20972","COL1A1,FOXO3,IL6,ITGA2,LEP,LYN,PARK7,PTPN6,SERPINE1,SPP1,SRC,TWF2,VIM"
"GO:BP","cellular response to growth factor stimulus","GO:0071363","false","0.0009555801334055374","3.019732887848527","706","81","14","20972","ATF2,BMP4,COL1A1,COL2A1,FGF2,FGF21,FOXO3,LTBP2,SHC1,SMAD2,SMAD3,SRC,STAT5B,TWF2"
"GO:BP","regulation of smooth muscle cell proliferation","GO:0048660","false","0.001088639077707231","2.963116080336772","125","81","7","20972","APOE,BMP4,CDKN1A,FGF2,HBEGF,IL6,ITGA2"
"GO:BP","negative regulation of macromolecule metabolic process","GO:0010605","false","0.001132899995177885","2.9458084250521144","3080","81","30","20972","APOE,APP,ATF2,BMP4,CDKN1A,EPO,FGF2,FOXO3,HRAS,IL6,INPPL1,LEP,LMNB1,LYN,NBN,PARK7,PTPN6,SAP18,SERPINE1,SFTPD,SHC1,SMAD2,SMAD3,SNCA,SRC,TBL1X,TP53BP1,TPR,VIM,VPS28"
"GO:BP","glial cell development","GO:0021782","true","0.0012124002737039644","2.916353974260776","127","81","7","20972","AKT2,APP,GFAP,HRAS,IL6,LYN,VIM"
"GO:BP","primary miRNA processing","GO:0031053","true","0.0012126463541217705","2.916265834621152","18","81","4","20972","BMP4,IL6,SMAD2,SMAD3"
"GO:BP","smooth muscle cell proliferation","GO:0048659","false","0.001278582249896363","2.8932713290164758","128","81","7","20972","APOE,BMP4,CDKN1A,FGF2,HBEGF,IL6,ITGA2"
"GO:BP","positive regulation of phosphorylation","GO:0042327","false","0.001301543310081247","2.8855413757557873","335","81","10","20972","BMP4,CDKN1A,FGF2,GH1,HRAS,IL6,ITGA6,LEP,LYN,SRC"
"GO:BP","blood vessel development","GO:0001568","false","0.0013561239007946482","2.8677006298102357","727","81","14","20972","APOE,ATF2,BMP4,COL1A1,COL4A1,FGF2,IL6,LEP,MYH9,PTPN6,SERPINE1,SHC1,SPARC,VAV3"
"GO:BP","cell-cell adhesion","GO:0098609","false","0.0014361191160969793","2.8428095368916417","965","81","16","20972","BMP4,CEACAM6,CEACAM8,EPO,FOXO3,IL6,ITGA2,ITGA6,LEP,LYN,MYH9,PTPN6,SFTPD,SHC1,SRC,STAT5B"
"GO:BP","collagen biosynthetic process","GO:0032964","false","0.0014637420697877724","2.8345354448191467","44","81","5","20972","BMP4,COL1A1,IL6,ITGA2,VIM"
"GO:BP","regulation of developmental process","GO:0050793","false","0.0015305251525941058","2.815159528828446","2431","81","26","20972","APOE,APP,ATF2,BMP4,CDKN1A,COL1A1,EPO,FGF2,FOXO3,GFAP,GH1,IL6,LEP,LYN,MYH9,PTPN6,SERPINE1,SHC1,SMAD2,SMAD3,SPARC,SPP1,SRC,STAT5B,TP53BP1,TWF2"
"GO:BP","positive regulation of phosphatidylinositol 3-kinase/protein kinase B signal transduction","GO:0051897","false","0.0015499396414723218","2.8096852140141646","192","81","8","20972","FGF2,GH1,HBEGF,LEP,PARK7,PTPN6,SRC,VAV3"
"GO:BP","regulation of B cell activation","GO:0050864","false","0.0016568449541823256","2.780718130502543","133","81","7","20972","CDKN1A,IL6,LYN,PTPN6,STAT5B,TP53BP1,VAV3"
"GO:BP","positive regulation of protein localization","GO:1903829","false","0.0016948929436643105","2.7708577284014217","433","81","11","20972","APOE,BMP4,GCG,LEP,PARK7,PSMD9,SMAD3,SNCA,SRC,TPR,VPS28"
"GO:BP","blood vessel morphogenesis","GO:0048514","false","0.0017103508932824628","2.766914781196692","632","81","13","20972","APOE,ATF2,BMP4,COL4A1,FGF2,IL6,LEP,MYH9,PTPN6,SERPINE1,SHC1,SPARC,VAV3"
"GO:BP","response to cytokine","GO:0034097","false","0.0017366338024571713","2.760291749969016","979","81","16","20972","APP,COL1A1,CSF2RA,EPO,FOXO3,GH1,IL6,LEP,LYN,PTPN6,SNCA,SPP1,SRC,STAT5B,TPR,VIM"
"GO:BP","intracellular signal transduction","GO:0035556","false","0.0017408351282162142","2.7592423582890517","2963","81","29","20972","AKT2,APOE,APP,ATF2,BMP4,CDKN1A,EPO,FGF2,FGF21,FOXO3,GCG,GH1,HBEGF,HRAS,IL6,INPPL1,LEP,LYN,NBN,PARK7,PTPN6,SHC1,SMAD2,SMAD3,SRC,TP53BP1,TPR,VAV3,VWF"
"GO:BP","regulation of protein localization","GO:0032880","false","0.0017673927931020972","2.7526669202616185","859","81","15","20972","AKT2,APOE,BMP4,GCG,HRAS,IL6,INPPL1,LEP,PARK7,PSMD9,SMAD3,SNCA,SRC,TPR,VPS28"
"GO:BP","cell cycle","GO:0007049","true","0.0018769063693517207","2.726557391890174","1668","81","21","20972","AKT2,APP,ATF2,BMP4,CDKN1A,DCTN2,FGF2,HRAS,INPPL1,KIF22,LEP,LYN,MYH9,NBN,PSME1,PTPN6,SERPINE1,SMC3,STAT5B,TP53BP1,TPR"
"GO:BP","positive regulation of DNA-templated transcription","GO:0045893","false","0.0019513936478054012","2.709655113063169","1672","81","21","20972","APOE,APP,ATF2,BMP4,COL1A1,EPO,FGF2,FOXO3,HRAS,IL6,ITGA6,PARK7,PSMC3,PSMD9,SHC1,SMAD2,SMAD3,SPP1,STAT5B,TBL1X,TP53BP1"
"GO:BP","positive regulation of RNA biosynthetic process","GO:1902680","false","0.0019896464416913505","2.7012240904568134","1674","81","21","20972","APOE,APP,ATF2,BMP4,COL1A1,EPO,FGF2,FOXO3,HRAS,IL6,ITGA6,PARK7,PSMC3,PSMD9,SHC1,SMAD2,SMAD3,SPP1,STAT5B,TBL1X,TP53BP1"
"GO:BP","response to peptide","GO:1901652","false","0.0020930269155781307","2.679225186753574","993","81","16","20972","APP,COL1A1,CSF2RA,EPO,FOXO3,GH1,IL6,LEP,LYN,PTPN6,SNCA,SPP1,SRC,STAT5B,TPR,VIM"
"GO:BP","vasculature development","GO:0001944","false","0.0022250453592078095","2.6526611311761457","758","81","14","20972","APOE,ATF2,BMP4,COL1A1,COL4A1,FGF2,IL6,LEP,MYH9,PTPN6,SERPINE1,SHC1,SPARC,VAV3"
"GO:BP","angiogenesis","GO:0001525","false","0.002372907188527745","2.6247192480020125","546","81","12","20972","ATF2,BMP4,COL4A1,FGF2,IL6,LEP,MYH9,PTPN6,SERPINE1,SHC1,SPARC,VAV3"
"GO:BP","regulation of miRNA metabolic process","GO:2000628","false","0.002644864660215159","2.577596546247152","90","81","6","20972","BMP4,FGF2,FOXO3,HRAS,IL6,SMAD3"
"GO:BP","tissue development","GO:0009888","false","0.00270708998369633","2.5674973080369297","2014","81","23","20972","AKT2,ATF2,BMP4,CDKN1A,COL1A1,COL2A1,COL4A1,FGF2,GSTA1,HBEGF,HRAS,IL6,ITGA2,ITGA6,LEP,MYH9,SERPINE1,SMAD2,SMAD3,SPP1,SRC,STAT5B,VIM"
"GO:BP","chemotaxis","GO:0006935","false","0.0028075257987658668","2.5516762442525502","456","81","11","20972","BMP4,FGF2,HBEGF,HRAS,IL6,ITGA2,LYN,SERPINE1,SFTPD,SMAD3,VAV3"
"GO:BP","positive regulation of small molecule metabolic process","GO:0062013","false","0.0028281763987013215","2.5484935062636014","144","81","7","20972","AKT2,APOE,APP,GCG,PARK7,SNCA,SRC"
"GO:BP","positive regulation of establishment of protein localization","GO:1904951","false","0.0028322214935402375","2.54787278570656","282","81","9","20972","AKT2,APOE,GCG,HRAS,LEP,PSMD9,SMAD3,TPR,VPS28"
"GO:BP","taxis","GO:0042330","false","0.002929383408029111","2.5332237826051727","458","81","11","20972","BMP4,FGF2,HBEGF,HRAS,IL6,ITGA2,LYN,SERPINE1,SFTPD,SMAD3,VAV3"
"GO:BP","regulation of catabolic process","GO:0009894","false","0.0031283548251372774","2.504683994148084","1024","81","16","20972","AKT2,APOE,APP,FOXO3,GFAP,IL6,LEP,PARK7,PSMC3,PSMD1,PSME1,SMAD3,SNCA,SRC,VIM,VPS28"
"GO:BP","B cell activation","GO:0042113","false","0.0031811102554290495","2.4974212782379297","286","81","9","20972","CDKN1A,IL6,LYN,NBN,PTPN6,SKAP2,STAT5B,TP53BP1,VAV3"
"GO:BP","positive regulation of protein localization to nucleus","GO:1900182","false","0.003416651023116961","2.466399377793119","94","81","6","20972","BMP4,LEP,PARK7,SMAD3,SRC,TPR"
"GO:BP","negative regulation of response to wounding","GO:1903035","false","0.003416651023116961","2.466399377793119","94","81","6","20972","APOE,FGF2,PTPN6,SERPINE1,SMAD3,SPP1"
"GO:BP","regulation of leukocyte cell-cell adhesion","GO:1903037","false","0.0036041368681545695","2.4431987249194957","375","81","10","20972","BMP4,EPO,FOXO3,IL6,LEP,LYN,PTPN6,SFTPD,SRC,STAT5B"
"GO:BP","bone development","GO:0060348","false","0.003625637551030924","2.440615613769183","215","81","8","20972","ATF2,BMP4,COL1A1,COL2A1,GH1,INPPL1,LEP,SRC"
"GO:BP","cellular response to hormone stimulus","GO:0032870","false","0.003673156890957247","2.4349605213084464","677","81","13","20972","AKT2,CSF2RA,FOXO3,GCG,GH1,HRAS,IGFBP1,LEP,LYN,PARK7,SHC1,SRC,STAT5B"
"GO:BP","positive regulation of developmental process","GO:0051094","false","0.003730192547335568","2.428268749937405","1305","81","18","20972","APOE,BMP4,COL1A1,EPO,FGF2,FOXO3,GFAP,GH1,IL6,LEP,LYN,SERPINE1,SMAD2,SMAD3,SRC,STAT5B,TP53BP1,TWF2"
"GO:BP","negative regulation of signaling","GO:0023057","false","0.0038567623831134183","2.413777117390518","1449","81","19","20972","AKT2,APOE,BMP4,COL2A1,EPO,FGF2,FOXO3,IGFBP1,IL6,INPPL1,ITGA6,LEP,LYN,PARK7,PSMD9,PTPN6,SERPINE1,SNCA,SRC"
"GO:BP","negative regulation of cell communication","GO:0010648","false","0.0038567623831134183","2.413777117390518","1449","81","19","20972","AKT2,APOE,BMP4,COL2A1,EPO,FGF2,FOXO3,IGFBP1,IL6,INPPL1,ITGA6,LEP,LYN,PARK7,PSMD9,PTPN6,SERPINE1,SNCA,SRC"
"GO:BP","negative regulation of developmental process","GO:0051093","false","0.00392631201834613","2.406015190609286","916","81","15","20972","ATF2,BMP4,CDKN1A,FOXO3,IL6,LEP,LYN,PTPN6,SERPINE1,SHC1,SMAD2,SMAD3,SPARC,SPP1,STAT5B"
"GO:BP","response to nutrient levels","GO:0031667","false","0.004168107712670538","2.3800610664806032","475","81","11","20972","APOE,ATF2,CDKN1A,COL1A1,EPO,FOXO3,GH1,ITGA2,LEP,PLIN3,SPP1"
"GO:BP","regulation of lipid localization","GO:1905952","false","0.004242017413809695","2.3724275530033476","153","81","7","20972","AKT2,APOE,IL6,LEP,PLIN3,SCP2,SPP1"
"GO:BP","negative regulation of metabolic process","GO:0009892","false","0.004263890517759112","2.370193955047035","3276","81","30","20972","APOE,APP,ATF2,BMP4,CDKN1A,EPO,FGF2,FOXO3,HRAS,IL6,INPPL1,LEP,LMNB1,LYN,NBN,PARK7,PTPN6,SAP18,SERPINE1,SFTPD,SHC1,SMAD2,SMAD3,SNCA,SRC,TBL1X,TP53BP1,TPR,VIM,VPS28"
"GO:BP","negative regulation of extrinsic apoptotic signaling pathway","GO:2001237","false","0.00436323447246315","2.3601914481727557","98","81","6","20972","BMP4,COL2A1,ITGA6,PARK7,SERPINE1,SRC"
"GO:BP","positive regulation of epithelial to mesenchymal transition","GO:0010718","false","0.004535593363934388","2.343365888796737","55","81","5","20972","BMP4,COL1A1,IL6,SMAD2,SMAD3"
"GO:BP","response to carbohydrate","GO:0009743","false","0.004603611855423785","2.3369013001929226","222","81","8","20972","COL1A1,FOXO3,GCG,ITGA2,LEP,LYN,SMAD2,SMAD3"
"GO:BP","regulation of T cell activation","GO:0050863","false","0.004667198481984947","2.3309437294774136","386","81","10","20972","BMP4,EPO,FOXO3,IL6,LEP,LYN,PTPN6,SFTPD,SRC,STAT5B"
"GO:BP","regulation of macromolecule metabolic process","GO:0060255","false","0.004669144887535097","2.330762649333129","6392","81","45","20972","AKT2,APOE,APP,ATF2,BMP4,CDKN1A,COL1A1,COL2A1,EPO,FGF2,FOXO3,GFAP,GH1,HRAS,IL6,INPPL1,ITGA2,ITGA6,LEP,LMNB1,LYN,MYH9,NBN,PARK7,PSMC3,PSMD1,PSMD9,PSME1,PTPN6,SAP18,SERPINE1,SFTPD,SHC1,SMAD2,SMAD3,SMC3,SNCA,SPP1,SRC,STAT5B,TBL1X,TP53BP1,TPR,VIM,VPS28"
"GO:BP","anatomical structure formation involved in morphogenesis","GO:0048646","false","0.004750481535677827","2.3232623655986813","1190","81","17","20972","ATF2,BMP4,COL1A1,COL2A1,COL4A1,FGF2,IL6,ITGA2,LEP,MYH9,PTPN6,SERPINE1,SHC1,SMAD2,SMAD3,SPARC,VAV3"
"GO:BP","protein metabolic process","GO:0019538","false","0.005055073790145691","2.2962725005241778","4467","81","36","20972","AKT2,APOE,APP,ATF2,BMP4,CDKN1A,COL2A1,EPO,FGF2,FOXO3,GFAP,GH1,HRAS,IL6,ITGA2,LEP,LYN,MMP10,MYH9,NBN,PARK7,PGA4,PSMA1,PSMC3,PSMD1,PSMD9,PSME1,PTPN6,SERPINE1,SMAD3,SNCA,SRC,TBL1X,TPR,VPS28,VPS37A"
"GO:BP","biological process involved in interspecies interaction between organisms","GO:0044419","true","0.005195050529452652","2.2844102239382305","1777","81","21","20972","APOE,ATF2,CHIT1,EPO,HRAS,IL6,ITGA2,LEP,LYN,MYH9,PNLIPRP2,PSMC3,PTPN6,SERPINE1,SFTPD,SHC1,SMAD3,SNCA,SRC,STAT5B,VIM"
"GO:BP","regulation of growth","GO:0040008","false","0.005299543673838301","2.2757615244494067","590","81","12","20972","APOE,APP,CDKN1A,FGF2,GH1,HBEGF,IGFBP1,LEP,SMAD3,SPP1,STAT5B,TWF2"
"GO:BP","positive regulation of miRNA transcription","GO:1902895","false","0.005426279077284404","2.2654978739345695","57","81","5","20972","BMP4,FGF2,FOXO3,IL6,SMAD3"
"GO:BP","collagen metabolic process","GO:0032963","false","0.005513625211530617","2.2585627583782504","102","81","6","20972","BMP4,COL1A1,IL6,ITGA2,MMP10,VIM"
"GO:BP","phosphatidylinositol 3-kinase/protein kinase B signal transduction","GO:0043491","false","0.005539338623131492","2.256542085356591","306","81","9","20972","FGF2,GH1,HBEGF,INPPL1,LEP,PARK7,PTPN6,SRC,VAV3"
"GO:BP","regulation of developmental growth","GO:0048638","false","0.005539338623131492","2.256542085356591","306","81","9","20972","APOE,APP,CDKN1A,FGF2,GH1,LEP,SPP1,STAT5B,TWF2"
"GO:BP","negative regulation of apoptotic signaling pathway","GO:2001234","false","0.005612388436181351","2.2508522788674408","228","81","8","20972","BMP4,COL2A1,EPO,FGF2,ITGA6,PARK7,SERPINE1,SRC"
"GO:BP","regulation of metabolic process","GO:0019222","false","0.005741997279109388","2.240937017633323","6900","81","47","20972","AKT2,APOE,APP,ATF2,BMP4,CDKN1A,COL1A1,COL2A1,EPO,FGF2,FOXO3,GCG,GFAP,GH1,HRAS,IL6,INPPL1,ITGA2,ITGA6,LEP,LMNB1,LYN,MYH9,NBN,PARK7,PSMC3,PSMD1,PSMD9,PSME1,PTPN6,SAP18,SCP2,SERPINE1,SFTPD,SHC1,SMAD2,SMAD3,SMC3,SNCA,SPP1,SRC,STAT5B,TBL1X,TP53BP1,TPR,VIM,VPS28"
"GO:BP","regulation of intracellular signal transduction","GO:1902531","false","0.005779877992337052","2.238081329021343","1945","81","22","20972","AKT2,APOE,APP,BMP4,EPO,FGF2,FGF21,GCG,GH1,HBEGF,HRAS,IL6,LEP,LYN,PARK7,PTPN6,SHC1,SMAD3,SRC,TPR,VAV3,VWF"
"GO:BP","regulation of cell-cell adhesion","GO:0022407","false","0.005960680975378791","2.224704121643134","493","81","11","20972","BMP4,CEACAM6,EPO,FOXO3,IL6,LEP,LYN,PTPN6,SFTPD,SRC,STAT5B"
"GO:BP","positive regulation of neuroepithelial cell differentiation","GO:1902913","true","0.006130529605688728","2.2125020059231746","8","81","3","20972","BMP4,FGF2,SERPINE1"
"GO:BP","endochondral bone morphogenesis","GO:0060350","false","0.0064489856834240725","2.1905085871837353","59","81","5","20972","ATF2,BMP4,COL1A1,COL2A1,INPPL1"
"GO:BP","extrinsic apoptotic signaling pathway","GO:0097191","false","0.006591022143501511","2.1810472292816354","233","81","8","20972","BMP4,COL2A1,FOXO3,ITGA6,PARK7,SERPINE1,SMAD3,SRC"
"GO:BP","positive regulation of RNA metabolic process","GO:0051254","false","0.0065991239538129905","2.180513714045604","1804","81","21","20972","APOE,APP,ATF2,BMP4,COL1A1,EPO,FGF2,FOXO3,HRAS,IL6,ITGA6,PARK7,PSMC3,PSMD9,SHC1,SMAD2,SMAD3,SPP1,STAT5B,TBL1X,TP53BP1"
"GO:BP","miRNA metabolic process","GO:0010586","false","0.006899984782514446","2.161151867071048","106","81","6","20972","BMP4,FGF2,FOXO3,HRAS,IL6,SMAD3"
"GO:BP","regulation of response to external stimulus","GO:0032101","false","0.00717663288643279","2.1440792691047723","1092","81","16","20972","APOE,APP,FGF2,IL6,ITGA2,LEP,LYN,PARK7,PSMA1,PTPN6,SERPINE1,SMAD3,SNCA,SPP1,SRC,STAT5B"
"GO:BP","phagocytosis","GO:0006909","false","0.007710950104236174","2.1128921070845585","238","81","8","20972","ITGA2,LEP,LYN,MYH9,SFTPA1,SFTPD,SRC,VAV3"
"GO:BP","leukocyte cell-cell adhesion","GO:0007159","false","0.008504976080888032","2.0703269034450567","413","81","10","20972","BMP4,EPO,FOXO3,IL6,LEP,LYN,PTPN6,SFTPD,SRC,STAT5B"
"GO:BP","response to abiotic stimulus","GO:0009628","false","0.008642472499300356","2.0633619937260943","1108","81","16","20972","AKT2,APP,ATF2,CDKN1A,COL1A1,EPO,FABP1,FGF2,FOXO3,HRAS,ITGA2,LEP,LYN,SMAD3,TP53BP1,TPR"
"GO:BP","positive regulation of immune system process","GO:0002684","false","0.008945539427205754","2.048393465807026","1111","81","16","20972","APP,CDKN1A,EPO,FOXO3,HRAS,IL6,ITGA2,LEP,LYN,PARK7,PTPN6,SERPINE1,SRC,STAT5B,TP53BP1,VAV3"
"GO:BP","growth hormone receptor signaling pathway","GO:0060396","false","0.00911300944263471","2.0403381797229905","29","81","4","20972","CSF2RA,GH1,LYN,STAT5B"
"GO:BP","regulation of cellular localization","GO:0060341","false","0.009384017143299339","2.0276112074959474","517","81","11","20972","AKT2,BMP4,EPO,GCG,HRAS,LEP,PARK7,SCP2,SMAD3,SRC,TPR"
"GO:BP","positive regulation of cell-cell adhesion","GO:0022409","false","0.009742199756301391","2.011342969799148","328","81","9","20972","CEACAM6,EPO,FOXO3,IL6,LEP,LYN,PTPN6,SRC,STAT5B"
"GO:BP","cellular response to stress","GO:0033554","false","0.010320868007125445","1.986283776075826","1856","81","21","20972","AKT2,ATF2,CDKN1A,EPO,FABP1,FOXO3,GFAP,HRAS,IL6,KIF22,LYN,NBN,PARK7,PLIN3,SMC3,SNCA,SPP1,SRC,TP53BP1,TPR,VAV3"
"GO:BP","epithelial cell differentiation","GO:0030855","true","0.010453803315618732","1.980725675248888","745","81","13","20972","AKT2,BMP4,CDKN1A,COL4A1,FGF2,GSTA1,ITGA2,SERPINE1,SMAD2,SMAD3,SRC,STAT5B,VIM"
"GO:BP","cellular response to growth hormone stimulus","GO:0071378","false","0.010484184856527873","1.9794653302032863","30","81","4","20972","CSF2RA,GH1,LYN,STAT5B"
"GO:BP","regulation of Wnt signaling pathway","GO:0030111","false","0.010486700064937942","1.9793611532796458","331","81","9","20972","APOE,APP,COL1A1,FGF2,FOXO3,IGFBP1,SMAD3,SRC,TBL1X"
"GO:BP","ossification","GO:0001503","false","0.010721495132276817","1.9697446472532805","424","81","10","20972","BMP4,COL1A1,COL2A1,FGF2,IL6,INPPL1,LEP,SMAD2,SMAD3,SPP1"
"GO:BP","female pregnancy","GO:0007565","false","0.010726843694288264","1.9695280476336436","176","81","7","20972","EPO,ITGA2,LEP,SMAD2,SMAD3,SPP1,STAT5B"
"GO:BP","glial cell differentiation","GO:0010001","false","0.010754204774545683","1.968421698228202","249","81","8","20972","AKT2,APP,FGF2,GFAP,HRAS,IL6,LYN,VIM"
"GO:BP","positive regulation of reactive oxygen species metabolic process","GO:2000379","false","0.011271548385526175","1.9480164203248087","66","81","5","20972","CDKN1A,FOXO3,LEP,PARK7,SNCA"
"GO:BP","animal organ morphogenesis","GO:0009887","false","0.011447209618395073","1.9413003644177085","1000","81","15","20972","ATF2,BMP4,COL1A1,COL2A1,FGF2,FOXO3,HRAS,INPPL1,ITGA2,ITGA6,SERPINE1,SMAD2,SMAD3,SPARC,SRC"
"GO:BP","inflammatory response","GO:0006954","false","0.011491049063647894","1.9396403210283444","873","81","14","20972","APOE,APP,EPO,IL6,LEP,LYN,PARK7,PSMA1,PTPN6,SERPINE1,SMAD3,SNCA,SRC,STAT5B"
"GO:BP","response to reactive oxygen species","GO:0000302","false","0.011554146610652093","1.9372621259937388","178","81","7","20972","APOE,COL1A1,FABP1,FOXO3,IL6,PARK7,SRC"
"GO:BP","replacement ossification","GO:0036075","false","0.012002111352505118","1.9207423482786221","31","81","4","20972","BMP4,COL1A1,COL2A1,INPPL1"
"GO:BP","endochondral ossification","GO:0001958","false","0.012002111352505118","1.9207423482786221","31","81","4","20972","BMP4,COL1A1,COL2A1,INPPL1"
"GO:BP","protein transport","GO:0015031","false","0.012446548189386144","1.904951075086843","1422","81","18","20972","APOE,ATF2,BMP4,CDKN1A,COL1A1,GCG,GFAP,IL6,LEP,LTBP2,MYH9,PARK7,PSMD9,SMAD2,SMAD3,TPR,VPS28,VPS37A"
"GO:BP","regulation of canonical Wnt signaling pathway","GO:0060828","false","0.012805529786103774","1.8926024493375329","255","81","8","20972","APOE,COL1A1,FGF2,FOXO3,IGFBP1,SMAD3,SRC,TBL1X"
"GO:BP","positive regulation of T cell activation","GO:0050870","false","0.012805529786103774","1.8926024493375329","255","81","8","20972","EPO,FOXO3,IL6,LEP,LYN,PTPN6,SRC,STAT5B"
"GO:BP","regulation of protein transport","GO:0051223","false","0.012891974916771095","1.8896805481425218","433","81","10","20972","APOE,BMP4,GCG,IL6,LEP,PARK7,PSMD9,SMAD3,TPR,VPS28"
"GO:BP","regulation of T cell proliferation","GO:0042129","false","0.01336863619283041","1.8739128952165995","182","81","7","20972","BMP4,EPO,IL6,LEP,PTPN6,SFTPD,STAT5B"
"GO:BP","regulation of collagen biosynthetic process","GO:0032965","false","0.013676493410215184","1.8640252394440076","32","81","4","20972","BMP4,IL6,ITGA2,VIM"
"GO:BP","skeletal system development","GO:0001501","false","0.013682989406041233","1.8638190092887317","538","81","11","20972","ATF2,BMP4,COL1A1,COL2A1,FGF2,GH1,INPPL1,LEP,SMAD2,SMAD3,SRC"
"GO:BP","anatomical structure development","GO:0048856","false","0.013846866717986916","1.8586484880460847","5948","81","42","20972","AKT2,APOE,APP,ATF2,BMP4,CDKN1A,COL1A1,COL2A1,COL4A1,EPO,FGF2,FGF21,FOXO3,GFAP,GH1,GSTA1,HBEGF,HRAS,IGFBP1,IL6,INPPL1,ITGA2,ITGA6,LEP,LYN,MYH9,NBN,PTPN6,SERPINE1,SFTPD,SHC1,SMAD2,SMAD3,SNCA,SPARC,SPP1,SRC,STAT5B,TP53BP1,TWF2,VAV3,VIM"
"GO:BP","negative regulation of macromolecule biosynthetic process","GO:0010558","false","0.013888614873589946","1.8573410647557163","2733","81","26","20972","APOE,APP,ATF2,BMP4,CDKN1A,EPO,FGF2,FOXO3,HRAS,IL6,INPPL1,LEP,LMNB1,PARK7,PTPN6,SAP18,SERPINE1,SFTPD,SHC1,SMAD2,SMAD3,SNCA,SRC,TBL1X,TPR,VIM"
"GO:BP","regulation of hormone levels","GO:0010817","false","0.01599811888806081","1.7959310801292865","547","81","11","20972","GCG,IL6,LEP,LYN,PARK7,PNLIP,PSMD9,SCP2,SMAD2,SPP1,STAT5B"
"GO:BP","cell-substrate adhesion","GO:0031589","false","0.01606279725132751","1.7941788223803947","349","81","9","20972","CEACAM6,COL1A1,ITGA2,ITGA6,NID2,SERPINE1,SMAD3,SRC,VWF"
"GO:BP","muscle cell proliferation","GO:0033002","false","0.017713118692096907","1.7517049672387057","190","81","7","20972","APOE,BMP4,CDKN1A,FGF2,HBEGF,IL6,ITGA2"
"GO:BP","growth hormone receptor signaling pathway via JAK-STAT","GO:0060397","false","0.017912543514957874","1.746842741561347","11","81","3","20972","GH1,LYN,STAT5B"
"GO:BP","lipid localization","GO:0010876","false","0.01839807642709263","1.7352275813800992","451","81","10","20972","AKT2,APOE,FABP1,IL6,LEP,LYN,PLIN3,SCP2,SFTPA1,SPP1"
"GO:BP","regulation of phosphatidylinositol 3-kinase/protein kinase B signal transduction","GO:0051896","false","0.018408017497464645","1.7349929815271177","268","81","8","20972","FGF2,GH1,HBEGF,LEP,PARK7,PTPN6,SRC,VAV3"
"GO:BP","regulation of protein serine/threonine kinase activity","GO:0071900","true","0.019618316689573544","1.7073382591269106","193","81","7","20972","APOE,CDKN1A,FGF2,GH1,HRAS,LYN,SRC"
"GO:BP","regulation of phosphorylation","GO:0042325","false","0.01994396266876049","1.7001885474187683","560","81","11","20972","APOE,BMP4,CDKN1A,FGF2,GH1,HRAS,IL6,ITGA6,LEP,LYN,SRC"
"GO:BP","establishment of localization in cell","GO:0051649","false","0.020192165759630655","1.6948170972518555","1938","81","21","20972","APOE,APP,ATF2,BMP4,CDKN1A,DCTN2,GCG,GFAP,INPPL1,LEP,LMNB1,LYN,MYH9,PARK7,SCP2,SMAD3,SNCA,SRC,TPR,VPS28,VPS37A"
"GO:BP","regulation of miRNA transcription","GO:1902893","false","0.02118523210117125","1.673966773593332","75","81","5","20972","BMP4,FGF2,FOXO3,IL6,SMAD3"
"GO:BP","regulation of wound healing","GO:0061041","false","0.021442597353649236","1.6687226094626615","129","81","6","20972","APOE,FGF2,HBEGF,HRAS,SERPINE1,SMAD3"
"GO:BP","multi-organism reproductive process","GO:0044703","false","0.02169053959654379","1.6637296438877658","196","81","7","20972","EPO,ITGA2,LEP,SMAD2,SMAD3,SPP1,STAT5B"
"GO:BP","negative regulation of biosynthetic process","GO:0009890","false","0.02188108716241577","1.6599311038692948","2802","81","26","20972","APOE,APP,ATF2,BMP4,CDKN1A,EPO,FGF2,FOXO3,HRAS,IL6,INPPL1,LEP,LMNB1,PARK7,PTPN6,SAP18,SERPINE1,SFTPD,SHC1,SMAD2,SMAD3,SNCA,SRC,TBL1X,TPR,VIM"
"GO:BP","positive regulation of smooth muscle cell proliferation","GO:0048661","false","0.02260888134551476","1.6457209253808174","76","81","5","20972","BMP4,FGF2,HBEGF,IL6,ITGA2"
"GO:BP","miRNA transcription","GO:0061614","false","0.02260888134551476","1.6457209253808174","76","81","5","20972","BMP4,FGF2,FOXO3,IL6,SMAD3"
"GO:BP","positive regulation of leukocyte cell-cell adhesion","GO:1903039","false","0.02279127918638114","1.6422312988654293","276","81","8","20972","EPO,FOXO3,IL6,LEP,LYN,PTPN6,SRC,STAT5B"
"GO:BP","negative regulation of signal transduction","GO:0009968","false","0.02326028021476818","1.633385057664555","1341","81","17","20972","AKT2,APOE,BMP4,COL2A1,EPO,FGF2,FOXO3,IGFBP1,IL6,INPPL1,ITGA6,LYN,PARK7,PTPN6,SERPINE1,SNCA,SRC"
"GO:BP","skin morphogenesis","GO:0043589","true","0.023816840065540044","1.623115859693454","12","81","3","20972","COL1A1,ITGA2,ITGA6"
"GO:BP","positive regulation of carbohydrate metabolic process","GO:0045913","false","0.0241061566562532","1.617872025459684","77","81","5","20972","AKT2,APP,GCG,SNCA,SRC"
"GO:BP","regulation of collagen metabolic process","GO:0010712","false","0.024752694395311366","1.6063775200707784","37","81","4","20972","BMP4,IL6,ITGA2,VIM"
"GO:BP","response to monosaccharide","GO:0034284","false","0.026381886430066115","1.5786941535630878","202","81","7","20972","COL1A1,FOXO3,GCG,ITGA2,LEP,SMAD2,SMAD3"
"GO:BP","mammary gland development","GO:0030879","true","0.026647673273050766","1.5743407051660627","134","81","6","20972","AKT2,BMP4,FGF2,ITGA2,SRC,STAT5B"
"GO:BP","animal organ development","GO:0048513","false","0.02718556961204673","1.5656615629095736","3018","81","27","20972","AKT2,ATF2,BMP4,CDKN1A,COL1A1,COL2A1,COL4A1,FGF2,FOXO3,GH1,HBEGF,HRAS,IL6,INPPL1,ITGA2,ITGA6,LEP,SERPINE1,SFTPD,SHC1,SMAD2,SMAD3,SPARC,SPP1,SRC,STAT5B,VIM"
"GO:BP","response to oxidative stress","GO:0006979","false","0.02789743612149191","1.554435708176337","374","81","9","20972","APOE,ATF2,COL1A1,FABP1,FOXO3,IL6,PARK7,SNCA,SRC"
"GO:BP","multi-multicellular organism process","GO:0044706","false","0.02902527796459432","1.5372236124882193","205","81","7","20972","EPO,ITGA2,LEP,SMAD2,SMAD3,SPP1,STAT5B"
"GO:BP","regulation of anatomical structure morphogenesis","GO:0022603","false","0.029917954273241232","1.524068105935157","822","81","13","20972","ATF2,BMP4,FGF2,IL6,LEP,MYH9,PTPN6,SERPINE1,SHC1,SPARC,SPP1,SRC,TWF2"
"GO:BP","astrocyte development","GO:0014002","false","0.030646118540928413","1.5136245228748404","39","81","4","20972","APP,GFAP,IL6,VIM"
"GO:BP","response to vitamin","GO:0033273","true","0.03088578121745552","1.5102414092481184","81","81","5","20972","COL1A1,EPO,ITGA2,LEP,SPP1"
"GO:BP","regulation of cell cycle","GO:0051726","false","0.03127586398648063","1.504790684212378","1088","81","15","20972","AKT2,APP,ATF2,BMP4,CDKN1A,FGF2,HRAS,LEP,LYN,NBN,PSME1,PTPN6,STAT5B,TP53BP1,TPR"
"GO:BP","homeostatic process","GO:0042592","false","0.03190951836463321","1.4960797509039723","1677","81","19","20972","APOE,APP,BMP4,COL1A1,COL2A1,EPO,FGF21,FOXO3,GCG,IL6,LEP,LYN,PARK7,PNLIP,SFTPD,SMAD3,SPP1,SRC,STAT5B"
"GO:BP","negative regulation of multicellular organismal process","GO:0051241","false","0.03230590194075682","1.4907181294906862","1091","81","15","20972","APOE,ATF2,BMP4,IL6,LEP,LYN,PTPN6,SERPINE1,SFTPD,SHC1,SMAD2,SMAD3,SPARC,SPP1,SRC"
"GO:BP","regulation of reactive oxygen species metabolic process","GO:2000377","false","0.032829953828486684","1.483729728054929","139","81","6","20972","CDKN1A,FOXO3,LEP,PARK7,SHC1,SNCA"
"GO:BP","connective tissue development","GO:0061448","false","0.03340059844341886","1.4762457518008252","291","81","8","20972","ATF2,BMP4,COL1A1,COL2A1,FGF2,HRAS,LEP,SMAD3"
"GO:BP","regulation of defense response","GO:0031347","false","0.033559676483612626","1.4741822344362772","831","81","13","20972","APOE,APP,IL6,LEP,LYN,PARK7,PSMA1,PTPN6,SERPINE1,SMAD3,SNCA,SRC,STAT5B"
"GO:BP","regulation of endocytosis","GO:0030100","false","0.034235154022873","1.4655277139151563","292","81","8","20972","APOE,ITGA2,PARK7,SERPINE1,SFTPD,SNCA,SRC,VPS28"
"GO:BP","regulation of angiogenesis","GO:0045765","false","0.034235154022873","1.4655277139151563","292","81","8","20972","ATF2,FGF2,IL6,LEP,PTPN6,SERPINE1,SHC1,SPARC"
"GO:BP","multicellular organismal-level homeostasis","GO:0048871","false","0.03711882087827566","1.430405828094118","839","81","13","20972","APOE,BMP4,COL2A1,EPO,FGF21,FOXO3,IL6,LEP,LYN,SFTPD,SPP1,SRC,STAT5B"
"GO:BP","cartilage development","GO:0051216","false","0.03716536498801474","1.4298615977862998","213","81","7","20972","ATF2,BMP4,COL1A1,COL2A1,FGF2,LEP,SMAD3"
"GO:BP","regulation of immune response","GO:0050776","false","0.03769988052192487","1.423660026153649","970","81","14","20972","APOE,HRAS,IL6,INPPL1,LEP,LYN,PARK7,PSMA1,PTPN6,SMAD3,SRC,STAT5B,TP53BP1,VAV3"
"GO:BP","T cell proliferation","GO:0042098","false","0.038303754137212924","1.416758658898851","214","81","7","20972","BMP4,EPO,IL6,LEP,PTPN6,SFTPD,STAT5B"
"GO:BP","response to hydrogen peroxide","GO:0042542","false","0.03906706319007118","1.4081892350072343","85","81","5","20972","COL1A1,FABP1,IL6,PARK7,SRC"
"GO:BP","regulation of vasculature development","GO:1901342","false","0.040583134397137614","1.3916544137143985","299","81","8","20972","ATF2,FGF2,IL6,LEP,PTPN6,SERPINE1,SHC1,SPARC"
"GO:BP","negative regulation of response to external stimulus","GO:0032102","false","0.04127418491756455","1.3843214944261437","393","81","9","20972","APOE,FGF2,LYN,PSMA1,PTPN6,SERPINE1,SMAD3,SPP1,SRC"
"GO:BP","response to growth hormone","GO:0060416","false","0.041338932412553465","1.383640743318886","42","81","4","20972","CSF2RA,GH1,LYN,STAT5B"
"GO:BP","regulation of inflammatory response to antigenic stimulus","GO:0002861","false","0.041338932412553465","1.383640743318886","42","81","4","20972","LYN,PARK7,PSMA1,SRC"
"GO:BP","cellular response to chemical stress","GO:0062197","false","0.041565935300647686","1.3812624427251774","300","81","8","20972","ATF2,EPO,FABP1,FOXO3,IL6,PARK7,SNCA,SRC"
"GO:BP","establishment of protein localization","GO:0045184","false","0.041737938293140896","1.3794690073555276","1869","81","20","20972","AKT2,APOE,ATF2,BMP4,CDKN1A,COL1A1,GCG,GFAP,HRAS,IL6,LEP,LTBP2,MYH9,PARK7,PSMD9,SMAD2,SMAD3,TPR,VPS28,VPS37A"
"GO:BP","regulation of protein localization to nucleus","GO:1900180","false","0.043381253801736894","1.3626979001939594","146","81","6","20972","BMP4,LEP,PARK7,SMAD3,SRC,TPR"
"GO:BP","positive regulation of lymphocyte proliferation","GO:0050671","false","0.043381253801736894","1.3626979001939594","146","81","6","20972","CDKN1A,EPO,IL6,LEP,STAT5B,VAV3"
"GO:BP","positive regulation of cell differentiation","GO:0045597","false","0.043613452812318945","1.3603795295160364","852","81","13","20972","BMP4,COL1A1,EPO,FGF2,FOXO3,GFAP,IL6,LYN,SERPINE1,SMAD2,SMAD3,STAT5B,TWF2"
"GO:BP","positive regulation of B cell activation","GO:0050871","false","0.04374336750618504","1.3590877866148219","87","81","5","20972","CDKN1A,IL6,STAT5B,TP53BP1,VAV3"
"GO:BP","positive regulation of receptor signaling pathway via JAK-STAT","GO:0046427","true","0.0454453530132707","1.342510518687853","43","81","4","20972","CSF2RA,GH1,IL6,LEP"
"GO:BP","miRNA processing","GO:0035196","false","0.0454453530132707","1.342510518687853","43","81","4","20972","BMP4,IL6,SMAD2,SMAD3"
"GO:BP","positive regulation of mononuclear cell proliferation","GO:0032946","false","0.046850692969901526","1.329283981066947","148","81","6","20972","CDKN1A,EPO,IL6,LEP,STAT5B,VAV3"
"GO:BP","regulation of protein phosphorylation","GO:0001932","false","0.04791467229418286","1.319531477803009","504","81","10","20972","APOE,BMP4,CDKN1A,FGF2,GH1,HRAS,IL6,LEP,LYN,SRC"
"GO:BP","regulation of protein catabolic process","GO:0042176","false","0.048357041457885094","1.3155402776586476","401","81","9","20972","APOE,GFAP,PARK7,PSMC3,PSMD1,PSME1,SMAD3,SNCA,VPS28"
"GO:BP","vesicle-mediated transport","GO:0016192","false","0.04870943073595685","1.3123869459707747","1572","81","18","20972","APOE,APP,HRAS,INPPL1,ITGA2,LEP,LYN,MYH9,PARK7,PLIN3,SERPINE1,SFTPA1,SFTPD,SNCA,SRC,VAV3,VPS28,VPS37A"
"GO:BP","cell adhesion mediated by integrin","GO:0033627","false","0.04884390746351076","1.3111896002152712","89","81","5","20972","ITGA2,ITGA6,LYN,PTPN6,SERPINE1"
"GO:CC","extracellular space","GO:0005615","true","1.7607862182808702e-15","14.754293369675514","3252","80","45","22155","ACY1,APOE,APP,BMP4,CEACAM6,CEACAM8,CHIT1,COL1A1,COL2A1,COL4A1,DCTN2,EPO,FABP1,FGF2,FGF21,GCG,GH1,GSTA1,HBEGF,IGFBP1,IL6,LEP,LTBP2,LYN,MMP10,MYH9,NID2,PARK7,PGA4,PNLIP,PSMA1,PSME1,PTPN6,SERPINE1,SFTPA1,SFTPA2,SFTPD,SNCA,SPARC,SPP1,SRC,TWF2,VIM,VPS28,VWF"
"GO:CC","extracellular region","GO:0005576","false","2.4140930013938334e-13","12.617246002998346","4249","80","48","22155","ACY1,APOE,APP,BMP4,CEACAM6,CEACAM8,CHIT1,COL1A1,COL2A1,COL4A1,CSF2RA,DCTN2,EPO,FABP1,FGF2,FGF21,GCG,GH1,GSTA1,HBEGF,IGFBP1,IL6,LEP,LTBP2,LYN,MMP10,MYH9,NID2,PARK7,PGA4,PNLIP,PSMA1,PSMC3,PSMD1,PSME1,PTPN6,SERPINE1,SFTPA1,SFTPA2,SFTPD,SNCA,SPARC,SPP1,SRC,TWF2,VIM,VPS28,VWF"
"GO:CC","cytoplasm","GO:0005737","false","2.257680870690245e-8","7.646337446774756","12601","80","72","22155","ACY1,AKT2,APOE,APP,ATF2,BMP4,CABP2,CDKN1A,CEACAM6,CEACAM8,CHIT1,COL1A1,COL2A1,COL4A1,CSF2RA,CYB5A,DCTN2,FABP1,FGF2,FGF21,FOXO3,GCG,GFAP,GH1,GSTA1,HBEGF,HRAS,IGFBP1,IL6,INPPL1,ITGA2,KIF22,LEP,LYN,MYH9,NBN,PARK7,PDE5A,PGA4,PLIN3,PSMA1,PSMC3,PSMD1,PSMD5,PSMD9,PSME1,PTPN6,SAP18,SCP2,SERPINE1,SFTPA1,SFTPA2,SFTPD,SHC1,SKAP2,SMAD2,SMAD3,SMC3,SNCA,SPARC,SPP1,SRC,STAT5B,TP53BP1,TPMT,TPR,TWF2,VAV3,VIM,VPS28,VPS37A,VWF"
"GO:CC","vesicle","GO:0031982","false","1.1965724579002942e-7","6.922060997749682","4032","80","39","22155","ACY1,AKT2,APOE,APP,CEACAM6,CEACAM8,CHIT1,COL1A1,DCTN2,FABP1,GCG,GH1,GSTA1,HBEGF,LTBP2,LYN,MYH9,NID2,PARK7,PGA4,PLIN3,PSMA1,PSMC3,PSMD1,PSME1,PTPN6,SERPINE1,SFTPA1,SFTPA2,SFTPD,SNCA,SPARC,SPP1,SRC,TWF2,VIM,VPS28,VPS37A,VWF"
"GO:CC","endomembrane system","GO:0012505","false","9.754781168021462e-7","6.010782468820641","4949","80","42","22155","AKT2,APOE,APP,BMP4,CABP2,CEACAM6,CEACAM8,CHIT1,COL1A1,COL2A1,COL4A1,CYB5A,GCG,GH1,HRAS,IGFBP1,IL6,INPPL1,LMNB1,LYN,MYH9,NBN,PARK7,PGA4,PLIN3,PSMC3,PSMD1,PTPN6,SCP2,SERPINE1,SFTPA1,SFTPA2,SFTPD,SMAD3,SNCA,SPARC,SPP1,SRC,TPR,VPS28,VPS37A,VWF"
"GO:CC","cytoplasmic vesicle","GO:0031410","false","0.000001831134549596443","5.737279743082034","2548","80","29","22155","AKT2,APOE,APP,CEACAM6,CEACAM8,CHIT1,COL1A1,GCG,GH1,HBEGF,LYN,MYH9,PARK7,PGA4,PLIN3,PSMC3,PSMD1,PTPN6,SERPINE1,SFTPA1,SFTPA2,SFTPD,SNCA,SPARC,SRC,VIM,VPS28,VPS37A,VWF"
"GO:CC","intracellular vesicle","GO:0097708","false","0.0000019669403562980167","5.706208809030016","2556","80","29","22155","AKT2,APOE,APP,CEACAM6,CEACAM8,CHIT1,COL1A1,GCG,GH1,HBEGF,LYN,MYH9,PARK7,PGA4,PLIN3,PSMC3,PSMD1,PTPN6,SERPINE1,SFTPA1,SFTPA2,SFTPD,SNCA,SPARC,SRC,VIM,VPS28,VPS37A,VWF"
"GO:CC","endoplasmic reticulum lumen","GO:0005788","false","0.000005823753784561395","5.234796994317735","322","80","11","22155","APOE,APP,BMP4,COL1A1,COL2A1,COL4A1,GCG,IGFBP1,IL6,SFTPD,SPP1"
"GO:CC","proteasome accessory complex","GO:0022624","true","0.000007144569301891411","5.146023946782011","25","80","5","22155","PSMC3,PSMD1,PSMD5,PSMD9,PSME1"
"GO:CC","cytosol","GO:0005829","false","0.000013253256620833182","4.877677392770438","5607","80","43","22155","ACY1,AKT2,APP,CDKN1A,CSF2RA,CYB5A,DCTN2,FABP1,FOXO3,GFAP,GSTA1,HRAS,INPPL1,KIF22,LEP,LYN,MYH9,NBN,PARK7,PDE5A,PLIN3,PSMA1,PSMC3,PSMD1,PSMD5,PSMD9,PSME1,PTPN6,SAP18,SCP2,SHC1,SKAP2,SMAD2,SMAD3,SMC3,SNCA,SRC,STAT5B,TPMT,VAV3,VIM,VPS28,VPS37A"
"GO:CC","proteasome regulatory particle, base subcomplex","GO:0008540","false","0.00002008203338596545","4.697192315252379","12","80","4","22155","PSMC3,PSMD1,PSMD5,PSMD9"
"GO:CC","secretory granule","GO:0030141","false","0.00003262313059004672","4.486474365406557","906","80","16","22155","APP,CEACAM6,CEACAM8,CHIT1,COL1A1,GCG,MYH9,PSMC3,PSMD1,PTPN6,SERPINE1,SFTPA1,SFTPA2,SNCA,SPARC,VWF"
"GO:CC","proteasome complex","GO:0000502","false","0.00004036852434369687","4.393957125771823","67","80","6","22155","PSMA1,PSMC3,PSMD1,PSMD5,PSMD9,PSME1"
"GO:CC","organelle lumen","GO:0043233","false","0.0000469639341203036","4.328235529835941","6791","80","47","22155","AKT2,APOE,APP,ATF2,BMP4,CDKN1A,CHIT1,COL1A1,COL2A1,COL4A1,FABP1,FOXO3,GCG,GH1,HRAS,IGFBP1,IL6,INPPL1,KIF22,LMNB1,MYH9,NBN,PARK7,PGA4,PSMA1,PSMC3,PSMD1,PSME1,PTPN6,SAP18,SCP2,SERPINE1,SFTPD,SHC1,SKAP2,SMAD2,SMAD3,SMC3,SPARC,SPP1,STAT5B,TBL1X,TP53BP1,TPR,VIM,VPS37A,VWF"
"GO:CC","intracellular organelle lumen","GO:0070013","false","0.0000469639341203036","4.328235529835941","6791","80","47","22155","AKT2,APOE,APP,ATF2,BMP4,CDKN1A,CHIT1,COL1A1,COL2A1,COL4A1,FABP1,FOXO3,GCG,GH1,HRAS,IGFBP1,IL6,INPPL1,KIF22,LMNB1,MYH9,NBN,PARK7,PGA4,PSMA1,PSMC3,PSMD1,PSME1,PTPN6,SAP18,SCP2,SERPINE1,SFTPD,SHC1,SKAP2,SMAD2,SMAD3,SMC3,SPARC,SPP1,STAT5B,TBL1X,TP53BP1,TPR,VIM,VPS37A,VWF"
"GO:CC","membrane-enclosed lumen","GO:0031974","false","0.0000469639341203036","4.328235529835941","6791","80","47","22155","AKT2,APOE,APP,ATF2,BMP4,CDKN1A,CHIT1,COL1A1,COL2A1,COL4A1,FABP1,FOXO3,GCG,GH1,HRAS,IGFBP1,IL6,INPPL1,KIF22,LMNB1,MYH9,NBN,PARK7,PGA4,PSMA1,PSMC3,PSMD1,PSME1,PTPN6,SAP18,SCP2,SERPINE1,SFTPD,SHC1,SKAP2,SMAD2,SMAD3,SMC3,SPARC,SPP1,STAT5B,TBL1X,TP53BP1,TPR,VIM,VPS37A,VWF"
"GO:CC","secretory vesicle","GO:0099503","false","0.00006717394131210121","4.172799169493762","1084","80","17","22155","APP,CEACAM6,CEACAM8,CHIT1,COL1A1,GCG,MYH9,PARK7,PSMC3,PSMD1,PTPN6,SERPINE1,SFTPA1,SFTPA2,SNCA,SPARC,VWF"
"GO:CC","extracellular exosome","GO:0070062","false","0.000245351418311063","3.610211427135326","2111","80","23","22155","ACY1,APOE,APP,CEACAM8,DCTN2,FABP1,GSTA1,LTBP2,LYN,MYH9,NID2,PARK7,PGA4,PSMA1,PSME1,PTPN6,SERPINE1,SPP1,SRC,TWF2,VIM,VPS28,VWF"
"GO:CC","collagen trimer","GO:0005581","true","0.0002862170699258326","3.543304468572311","93","80","6","22155","COL1A1,COL2A1,COL4A1,SFTPA1,SFTPA2,SFTPD"
"GO:CC","proteasome regulatory particle","GO:0005838","false","0.0002887297409533327","3.5395084787910323","22","80","4","22155","PSMC3,PSMD1,PSMD5,PSMD9"
"GO:CC","extracellular vesicle","GO:1903561","false","0.00031370850443329223","3.503473707702042","2141","80","23","22155","ACY1,APOE,APP,CEACAM8,DCTN2,FABP1,GSTA1,LTBP2,LYN,MYH9,NID2,PARK7,PGA4,PSMA1,PSME1,PTPN6,SERPINE1,SPP1,SRC,TWF2,VIM,VPS28,VWF"
"GO:CC","extracellular organelle","GO:0043230","false","0.00031626350892011585","3.4999509149096837","2142","80","23","22155","ACY1,APOE,APP,CEACAM8,DCTN2,FABP1,GSTA1,LTBP2,LYN,MYH9,NID2,PARK7,PGA4,PSMA1,PSME1,PTPN6,SERPINE1,SPP1,SRC,TWF2,VIM,VPS28,VWF"
"GO:CC","extracellular membrane-bounded organelle","GO:0065010","false","0.00031626350892011585","3.4999509149096837","2142","80","23","22155","ACY1,APOE,APP,CEACAM8,DCTN2,FABP1,GSTA1,LTBP2,LYN,MYH9,NID2,PARK7,PGA4,PSMA1,PSME1,PTPN6,SERPINE1,SPP1,SRC,TWF2,VIM,VPS28,VWF"
"GO:CC","endopeptidase complex","GO:1905369","false","0.0004387277452681835","3.3578048998192345","100","80","6","22155","PSMA1,PSMC3,PSMD1,PSMD5,PSMD9,PSME1"
"GO:CC","secretory granule lumen","GO:0034774","false","0.000671852891078564","3.172725809664674","324","80","9","22155","APP,CHIT1,GCG,PSMC3,PSMD1,PTPN6,SERPINE1,SPARC,VWF"
"GO:CC","cytoplasmic vesicle lumen","GO:0060205","false","0.0007613524913789931","3.118414226780487","329","80","9","22155","APP,CHIT1,GCG,PSMC3,PSMD1,PTPN6,SERPINE1,SPARC,VWF"
"GO:CC","vesicle lumen","GO:0031983","false","0.0007804338687020615","3.1076638916721313","330","80","9","22155","APP,CHIT1,GCG,PSMC3,PSMD1,PTPN6,SERPINE1,SPARC,VWF"
"GO:CC","extracellular matrix","GO:0031012","true","0.0009715384168060754","3.012540021747656","339","80","9","22155","APOE,COL1A1,COL2A1,COL4A1,LTBP2,MMP10,NID2,SPARC,VWF"
"GO:CC","external encapsulating structure","GO:0030312","false","0.0009950668399743106","3.002147746131602","340","80","9","22155","APOE,COL1A1,COL2A1,COL4A1,LTBP2,MMP10,NID2,SPARC,VWF"
"GO:CC","multivesicular body","GO:0005771","true","0.0014335349345451706","2.843591719044439","70","80","5","22155","APOE,PGA4,SFTPA1,SFTPA2,SFTPD"
"GO:CC","peptidase complex","GO:1905368","false","0.0020142899633933684","2.6958780112216836","130","80","6","22155","PSMA1,PSMC3,PSMD1,PSMD5,PSMD9,PSME1"
"GO:CC","clathrin-coated endocytic vesicle","GO:0045334","false","0.004660186422844258","2.331596709749236","89","80","5","22155","APOE,HBEGF,SFTPA1,SFTPA2,SFTPD"
"GO:CC","platelet alpha granule","GO:0031091","false","0.005474833218288448","2.261629106347253","92","80","5","22155","APP,SERPINE1,SNCA,SPARC,VWF"
"GO:CC","late endosome","GO:0005770","false","0.0059981817870455156","2.221980376203304","325","80","8","22155","APOE,PGA4,SFTPA1,SFTPA2,SFTPD,SRC,VPS28,VPS37A"
"GO:CC","integrin alpha2-beta1 complex","GO:0034666","true","0.010141687112218764","1.9938897922828183","3","80","2","22155","ITGA2,LYN"
"GO:CC","endocytic vesicle","GO:0030139","false","0.011227347367545982","1.9497228403296534","355","80","8","22155","APOE,HBEGF,LYN,SFTPA1,SFTPA2,SFTPD,SPARC,VIM"
"GO:CC","growth hormone receptor complex","GO:0070195","true","0.020235775211863597","1.6938801535760548","4","80","2","22155","CSF2RA,GH1"
"GO:CC","platelet alpha granule lumen","GO:0031093","false","0.026744343043570734","1.5727680657837821","67","80","4","22155","APP,SERPINE1,SPARC,VWF"
"GO:CC","receptor complex","GO:0043235","false","0.03332781537005401","1.4771931533009393","532","80","9","22155","APP,CSF2RA,GH1,IL6,ITGA2,ITGA6,LYN,PTPN6,SMAD3"
"GO:CC","clathrin-coated vesicle","GO:0030136","false","0.03839999389602215","1.4156688446669512","220","80","6","22155","APOE,HBEGF,SFTPA1,SFTPA2,SFTPD,VWF"
"GO:CC","complex of collagen trimers","GO:0098644","false","0.04514855112157792","1.3453561822275546","30","80","3","22155","COL1A1,COL2A1,COL4A1"
"GO:CC","integrin complex","GO:0008305","false","0.04985607534455016","1.3022819120193818","31","80","3","22155","ITGA2,ITGA6,LYN"
"KEGG","PI3K-Akt signaling pathway","KEGG:04151","false","1.3198577834698315e-7","6.87947286211365","358","69","17","8716","AKT2,ATF2,CDKN1A,COL1A1,COL2A1,COL4A1,EPO,FGF2,FGF21,FOXO3,GH1,HRAS,IL6,ITGA2,ITGA6,SPP1,VWF"
"KEGG","Focal adhesion","KEGG:04510","false","0.000004048828538749526","5.3926706145014425","202","69","12","8716","AKT2,COL1A1,COL2A1,COL4A1,HRAS,ITGA2,ITGA6,SHC1,SPP1,SRC,VAV3,VWF"
"KEGG","AGE-RAGE signaling pathway in diabetic complications","KEGG:04933","false","0.000007071386123775694","5.150495448027298","101","69","9","8716","AKT2,COL1A1,COL4A1,HRAS,IL6,SERPINE1,SMAD2,SMAD3,STAT5B"
"KEGG","Proteoglycans in cancer","KEGG:05205","false","0.00004141640240362751","4.382827628380992","204","69","11","8716","AKT2,CDKN1A,COL1A1,FGF2,HBEGF,HRAS,ITGA2,PTPN6,SMAD2,SRC,VAV3"
"KEGG","JAK-STAT signaling pathway","KEGG:04630","false","0.00004411575580285084","4.3554062759250485","163","69","10","8716","AKT2,CDKN1A,EPO,GFAP,GH1,HRAS,IL6,LEP,PTPN6,STAT5B"
"KEGG","Pathways in cancer","KEGG:05200","false","0.00022172840881473567","3.6541786596096553","530","69","16","8716","AKT2,BMP4,CDKN1A,COL4A1,EPO,FGF2,FGF21,GSTA1,HRAS,IL6,ITGA2,ITGA6,SMAD2,SMAD3,STAT5B,TPR"
"KEGG","EGFR tyrosine kinase inhibitor resistance","KEGG:01521","false","0.00024253003149924147","3.6152344768272022","80","69","7","8716","AKT2,FGF2,FOXO3,HRAS,IL6,SHC1,SRC"
"KEGG","Integrin signaling","KEGG:04518","false","0.00025725743716104813","3.589632061186263","154","69","9","8716","AKT2,COL1A1,COL2A1,COL4A1,ITGA2,ITGA6,SPP1,SRC,VWF"
"KEGG","Cellular senescence","KEGG:04218","false","0.00028623472437436557","3.543277681235254","156","69","9","8716","AKT2,CDKN1A,FOXO3,HRAS,IL6,NBN,SERPINE1,SMAD2,SMAD3"
"KEGG","ErbB signaling pathway","KEGG:04012","false","0.00036524392016911366","3.437417004576365","85","69","7","8716","AKT2,CDKN1A,HBEGF,HRAS,SHC1,SRC,STAT5B"
"KEGG","ECM-receptor interaction","KEGG:04512","false","0.0004972848547833286","3.3033947673597477","89","69","7","8716","COL1A1,COL2A1,COL4A1,ITGA2,ITGA6,SPP1,VWF"
"KEGG","Relaxin signaling pathway","KEGG:04926","false","0.0006494998017705012","3.1874209771390527","130","69","8","8716","AKT2,ATF2,COL1A1,COL4A1,HRAS,SHC1,SMAD2,SRC"
"KEGG","Prolactin signaling pathway","KEGG:04917","false","0.001592924965213353","2.7978046811739405","71","69","6","8716","AKT2,FOXO3,HRAS,SHC1,SRC,STAT5B"
"KEGG","Gastric cancer","KEGG:05226","false","0.001854896636236094","2.7316802863524514","150","69","8","8716","AKT2,CDKN1A,FGF2,FGF21,HRAS,SHC1,SMAD2,SMAD3"
"KEGG","Proteasome","KEGG:03050","false","0.002416772309164259","2.616764263755157","46","69","5","8716","PSMA1,PSMC3,PSMD1,PSMD9,PSME1"
"KEGG","Chronic myeloid leukemia","KEGG:05220","false","0.0025406769115170215","2.5950505590608666","77","69","6","8716","AKT2,CDKN1A,HRAS,SHC1,SMAD3,STAT5B"
"KEGG","Hepatitis B","KEGG:05161","false","0.0033761181027894666","2.4715823693649197","163","69","8","8716","AKT2,ATF2,CDKN1A,HRAS,IL6,SMAD3,SRC,STAT5B"
"KEGG","B cell receptor signaling pathway","KEGG:04662","false","0.0036377277572689827","2.439169806080652","82","69","6","8716","AKT2,HRAS,INPPL1,LYN,PTPN6,VAV3"
"KEGG","Regulation of actin cytoskeleton","KEGG:04810","false","0.0061890296862699415","2.2083774341673728","229","69","9","8716","AKT2,FGF2,FGF21,HRAS,ITGA2,ITGA6,MYH9,SRC,VAV3"
"KEGG","Endocrine resistance","KEGG:01522","false","0.008830197184086107","2.0540295982339427","96","69","6","8716","AKT2,CDKN1A,HBEGF,HRAS,SHC1,SRC"
"KEGG","Chemokine signaling pathway","KEGG:04062","false","0.010334426305463336","1.9857136273373253","191","69","8","8716","AKT2,FOXO3,HRAS,LYN,SHC1,SRC,STAT5B,VAV3"
"KEGG","Human papillomavirus infection","KEGG:05165","false","0.0212748622266064","1.6721332436719683","331","69","10","8716","AKT2,CDKN1A,COL1A1,COL2A1,COL4A1,HRAS,ITGA2,ITGA6,SPP1,VWF"
"KEGG","Melanoma","KEGG:05218","false","0.022453141713475448","1.6487228825731706","73","69","5","8716","AKT2,CDKN1A,FGF2,FGF21,HRAS"
"KEGG","Non-small cell lung cancer","KEGG:05223","false","0.022453141713475448","1.6487228825731706","73","69","5","8716","AKT2,CDKN1A,FOXO3,HRAS,STAT5B"
"KEGG","Bladder cancer","KEGG:05219","false","0.024672562461384304","1.607785742887766","41","69","4","8716","CDKN1A,HBEGF,HRAS,SRC"
"KEGG","Human T-cell leukemia virus 1 infection","KEGG:05166","false","0.027234674935870545","1.564877803956121","220","69","8","8716","AKT2,ATF2,CDKN1A,HRAS,IL6,SMAD2,SMAD3,STAT5B"
"KEGG","Hepatocellular carcinoma","KEGG:05225","false","0.03016885154780094","1.5204412220075125","169","69","7","8716","AKT2,CDKN1A,GSTA1,HRAS,SHC1,SMAD2,SMAD3"
"KEGG","Growth hormone synthesis, secretion and action","KEGG:04935","false","0.031356738669001065","1.503669113452867","121","69","6","8716","AKT2,ATF2,GH1,HRAS,SHC1,STAT5B"
"KEGG","Platelet activation","KEGG:04611","false","0.03733395292479822","1.42789602447123","125","69","6","8716","AKT2,COL1A1,ITGA2,LYN,SRC,VWF"
"KEGG","Cytoskeleton in muscle cells","KEGG:04820","false","0.04002958543528652","1.397618907624092","233","69","8","8716","COL1A1,COL4A1,ITGA2,ITGA6,LMNB1,MYH9,NID2,VIM"
"REAC","Diseases of signal transduction by growth factor receptors and second messengers","REAC:R-HSA-5663202","false","1.8165318682161258e-11","10.740756978715657","449","80","23","11056","AKT2,CDKN1A,FGF2,FOXO3,HBEGF,HRAS,LYN,MYH9,PSMA1,PSMC3,PSMD1,PSMD5,PSMD9,PSME1,PTPN6,SHC1,SMAD2,SMAD3,SRC,STAT5B,TBL1X,TPR,VWF"
"REAC","Cytokine Signaling in Immune system","REAC:R-HSA-1280215","false","8.786592307474216e-10","9.056179524130423","780","80","27","11056","AKT2,APP,ATF2,CDKN1A,CSF2RA,FGF2,FOXO3,GH1,HRAS,IL6,INPPL1,LMNB1,LYN,PSMA1,PSMC3,PSMD1,PSMD5,PSMD9,PSME1,PTPN6,SHC1,SMAD3,SNCA,SRC,STAT5B,TPR,VIM"
"REAC","Signaling by Interleukins","REAC:R-HSA-449147","false","5.037936300824465e-9","8.29774732798029","476","80","21","11056","APP,ATF2,CDKN1A,CSF2RA,FGF2,FOXO3,IL6,INPPL1,LMNB1,LYN,PSMA1,PSMC3,PSMD1,PSMD5,PSMD9,PSME1,PTPN6,SHC1,SMAD3,STAT5B,VIM"
"REAC","Extracellular matrix organization","REAC:R-HSA-1474244","false","1.1560942109146837e-8","7.937006773516502","298","80","17","11056","APP,BMP4,CEACAM6,CEACAM8,COL1A1,COL2A1,COL4A1,FGF2,ITGA2,ITGA6,LTBP2,MMP10,NID2,SERPINE1,SPARC,SPP1,VWF"
"REAC","Transcriptional regulation by RUNX3","REAC:R-HSA-8878159","false","2.6624659105983928e-8","7.574715944091717","95","80","11","11056","CDKN1A,FOXO3,PSMA1,PSMC3,PSMD1,PSMD5,PSMD9,PSME1,SMAD3,SPP1,SRC"
"REAC","Disease","REAC:R-HSA-1643685","false","5.606186450898675e-8","7.251332462542573","1848","80","38","11056","ACY1,AKT2,APP,CDKN1A,COL1A1,CSF2RA,FGF2,FOXO3,HBEGF,HRAS,IL6,LMNB1,LYN,MYH9,NBN,PSMA1,PSMC3,PSMD1,PSMD5,PSMD9,PSME1,PTPN6,SAP18,SFTPA1,SFTPA2,SFTPD,SHC1,SMAD2,SMAD3,SRC,STAT5B,TBL1X,TPMT,TPR,VAV3,VPS28,VPS37A,VWF"
"REAC","Signal Transduction","REAC:R-HSA-162582","false","7.259632663262247e-8","7.139085354004355","2570","80","45","11056","AKT2,APOE,APP,ATF2,CDKN1A,COL1A1,COL2A1,COL4A1,CSF2RA,EPO,FGF2,FOXO3,GCG,GFAP,HBEGF,HRAS,IL6,ITGA2,LEP,LMNB1,LTBP2,LYN,MYH9,PDE5A,PLIN3,PSMA1,PSMC3,PSMD1,PSMD5,PSMD9,PSME1,PTPN6,SERPINE1,SHC1,SMAD2,SMAD3,SMC3,SPARC,SPP1,SRC,STAT5B,TBL1X,VAV3,VIM,VWF"
"REAC","Immune System","REAC:R-HSA-168256","false","4.932571839221205e-7","6.306926580855263","2086","80","39","11056","AKT2,APP,ATF2,CDKN1A,CEACAM6,CEACAM8,CHIT1,COL1A1,COL2A1,CSF2RA,DCTN2,FGF2,FOXO3,GH1,HRAS,IL6,INPPL1,KIF22,LMNB1,LYN,MYH9,PSMA1,PSMC3,PSMD1,PSMD5,PSMD9,PSME1,PTPN6,SFTPA1,SFTPA2,SFTPD,SHC1,SMAD3,SNCA,SRC,STAT5B,TPR,VAV3,VIM"
"REAC","Signaling by Receptor Tyrosine Kinases","REAC:R-HSA-9006934","false","0.000001198905082001646","5.921215198881697","516","80","19","11056","AKT2,APOE,ATF2,COL1A1,COL2A1,COL4A1,FGF2,GFAP,HBEGF,HRAS,ITGA2,LYN,PTPN6,SHC1,SPARC,SPP1,SRC,STAT5B,VAV3"
"REAC","MAPK family signaling cascades","REAC:R-HSA-5683057","false","0.000001888169938055821","5.72395892114038","310","80","15","11056","CSF2RA,FGF2,FOXO3,HBEGF,HRAS,IL6,PSMA1,PSMC3,PSMD1,PSMD5,PSMD9,PSME1,SHC1,SRC,VWF"
"REAC","MAPK1/MAPK3 signaling","REAC:R-HSA-5684996","false","0.0000028471127413559734","5.545595335108282","271","80","14","11056","CSF2RA,FGF2,HBEGF,HRAS,IL6,PSMA1,PSMC3,PSMD1,PSMD5,PSMD9,PSME1,SHC1,SRC,VWF"
"REAC","Transcriptional regulation by RUNX2","REAC:R-HSA-8878166","false","0.00000455029761658028","5.341960196966738","118","80","10","11056","AKT2,CDKN1A,COL1A1,PSMA1,PSMC3,PSMD1,PSMD5,PSMD9,PSME1,SRC"
"REAC","Gastrulation","REAC:R-HSA-9758941","false","0.000007952099053617428","5.099518218880922","125","80","10","11056","BMP4,FGF2,PSMA1,PSMC3,PSMD1,PSMD5,PSMD9,PSME1,SMAD2,SMAD3"
"REAC","Signal regulatory protein family interactions","REAC:R-HSA-391160","false","0.00001319536355988924","4.87957863955696","14","80","5","11056","PTPN6,SFTPA1,SFTPA2,SFTPD,SKAP2"
"REAC","PIP3 activates AKT signaling","REAC:R-HSA-1257604","false","0.000013363071098830484","4.874093720902291","257","80","13","11056","AKT2,ATF2,CDKN1A,FGF2,FOXO3,HBEGF,PSMA1,PSMC3,PSMD1,PSMD5,PSMD9,PSME1,SRC"
"REAC","RAF/MAP kinase cascade","REAC:R-HSA-5673001","false","0.000020066493786563186","4.697528505049798","266","80","13","11056","CSF2RA,FGF2,HBEGF,HRAS,PSMA1,PSMC3,PSMD1,PSMD5,PSMD9,PSME1,SHC1,SRC,VWF"
"REAC","Signaling by ERBB4","REAC:R-HSA-1236394","false","0.00004251675253975702","4.37143991460792","54","80","7","11056","APOE,GFAP,HBEGF,HRAS,SHC1,SPARC,SRC"
"REAC","Cyclin E associated events during G1/S transition ","REAC:R-HSA-69202","false","0.00004828878882432661","4.316153687403715","82","80","8","11056","AKT2,CDKN1A,PSMA1,PSMC3,PSMD1,PSMD5,PSMD9,PSME1"
"REAC","Regulation of RUNX3 expression and activity","REAC:R-HSA-8941858","false","0.0000484356701392045","4.3148346871371235","55","80","7","11056","PSMA1,PSMC3,PSMD1,PSMD5,PSMD9,PSME1,SRC"
"REAC","Cyclin A:Cdk2-associated events at S phase entry","REAC:R-HSA-69656","false","0.0000583822145522627","4.233719435391402","84","80","8","11056","AKT2,CDKN1A,PSMA1,PSMC3,PSMD1,PSMD5,PSMD9,PSME1"
"REAC","Defective CSF2RB causes SMDP5","REAC:R-HSA-5688849","false","0.00006906574097475304","4.160737324480215","8","80","4","11056","CSF2RA,SFTPA1,SFTPA2,SFTPD"
"REAC","Defective CSF2RA causes SMDP4","REAC:R-HSA-5688890","false","0.00006906574097475304","4.160737324480215","8","80","4","11056","CSF2RA,SFTPA1,SFTPA2,SFTPD"
"REAC","Intracellular signaling by second messengers","REAC:R-HSA-9006925","false","0.00007267890326961176","4.138591634852576","297","80","13","11056","AKT2,ATF2,CDKN1A,FGF2,FOXO3,HBEGF,PSMA1,PSMC3,PSMD1,PSMD5,PSMD9,PSME1,SRC"
"REAC","SCF(Skp2)-mediated degradation of p27/p21","REAC:R-HSA-187577","false","0.00008954957546573257","4.047936468701904","60","80","7","11056","CDKN1A,PSMA1,PSMC3,PSMD1,PSMD5,PSMD9,PSME1"
"REAC","Cellular response to chemical stress","REAC:R-HSA-9711123","false","0.00009721167328043394","4.0122815814021","206","80","11","11056","AKT2,CDKN1A,FABP1,GSTA1,PSMA1,PSMC3,PSMD1,PSMD5,PSMD9,PSME1,TBL1X"
"REAC","KEAP1-NFE2L2 pathway","REAC:R-HSA-9755511","false","0.00009875949596544102","4.005421135224372","124","80","9","11056","AKT2,CDKN1A,GSTA1,PSMA1,PSMC3,PSMD1,PSMD5,PSMD9,PSME1"
"REAC","p53-Dependent G1/S DNA damage checkpoint","REAC:R-HSA-69580","false","0.00017440885516685974","3.75843146864386","66","80","7","11056","CDKN1A,PSMA1,PSMC3,PSMD1,PSMD5,PSMD9,PSME1"
"REAC","p53-Dependent G1 DNA Damage Response","REAC:R-HSA-69563","false","0.00017440885516685974","3.75843146864386","66","80","7","11056","CDKN1A,PSMA1,PSMC3,PSMD1,PSMD5,PSMD9,PSME1"
"REAC","Regulation of RAS by GAPs","REAC:R-HSA-5658442","false","0.00019363168153267946","3.7130235830341154","67","80","7","11056","HRAS,PSMA1,PSMC3,PSMD1,PSMD5,PSMD9,PSME1"
"REAC","Diseases associated with surfactant metabolism","REAC:R-HSA-5687613","false","0.00020492538872870865","3.688404232415196","10","80","4","11056","CSF2RA,SFTPA1,SFTPA2,SFTPD"
"REAC","Signaling by Erythropoietin","REAC:R-HSA-9006335","false","0.00021075891747650893","3.676214040765344","23","80","5","11056","EPO,HRAS,LYN,SHC1,STAT5B"
"REAC","G1/S DNA Damage Checkpoints","REAC:R-HSA-69615","false","0.00021460501994534289","3.6683601234275547","68","80","7","11056","CDKN1A,PSMA1,PSMC3,PSMD1,PSMD5,PSMD9,PSME1"
"REAC","Cellular responses to stress","REAC:R-HSA-2262752","false","0.0002295327832844326","3.6391552770865085","792","80","20","11056","AKT2,ATF2,CDKN1A,DCTN2,EPO,FABP1,GSTA1,IGFBP1,IL6,LMNB1,NBN,PSMA1,PSMC3,PSMD1,PSMD5,PSMD9,PSME1,SHC1,TBL1X,TPR"
"REAC","Formation of paraxial mesoderm","REAC:R-HSA-9793380","false","0.00023745521317174566","3.624418291329934","69","80","7","11056","BMP4,PSMA1,PSMC3,PSMD1,PSMD5,PSMD9,PSME1"
"REAC","Regulation of PTEN stability and activity","REAC:R-HSA-8948751","false","0.00023745521317174566","3.624418291329934","69","80","7","11056","AKT2,PSMA1,PSMC3,PSMD1,PSMD5,PSMD9,PSME1"
"REAC","Cellular responses to stimuli","REAC:R-HSA-8953897","false","0.0003030145140998947","3.518536568717073","806","80","20","11056","AKT2,ATF2,CDKN1A,DCTN2,EPO,FABP1,GSTA1,IGFBP1,IL6,LMNB1,NBN,PSMA1,PSMC3,PSMD1,PSMD5,PSMD9,PSME1,SHC1,TBL1X,TPR"
"REAC","Cellular response to hypoxia","REAC:R-HSA-1234174","false","0.0004219223560422366","3.374767462414867","75","80","7","11056","EPO,PSMA1,PSMC3,PSMD1,PSMD5,PSMD9,PSME1"
"REAC","Mitotic G1 phase and G1/S transition","REAC:R-HSA-453279","false","0.0004434794681054784","3.353126482021442","148","80","9","11056","AKT2,CDKN1A,LYN,PSMA1,PSMC3,PSMD1,PSMD5,PSMD9,PSME1"
"REAC","ECM proteoglycans","REAC:R-HSA-3000178","false","0.000462042390230783","3.3353181781261663","76","80","7","11056","APP,COL1A1,COL2A1,COL4A1,ITGA2,SERPINE1,SPARC"
"REAC","Erythropoietin activates RAS","REAC:R-HSA-9027284","false","0.00047774375338022776","3.3208049827454422","12","80","4","11056","EPO,HRAS,LYN,SHC1"
"REAC","Cross-presentation of soluble exogenous antigens (endosomes)","REAC:R-HSA-1236978","false","0.0005140411958284558","3.289002074771165","49","80","6","11056","PSMA1,PSMC3,PSMD1,PSMD5,PSMD9,PSME1"
"REAC","Interleukin-3, Interleukin-5 and GM-CSF signaling","REAC:R-HSA-512988","false","0.0005140411958284558","3.289002074771165","49","80","6","11056","CSF2RA,INPPL1,LYN,PTPN6,SHC1,STAT5B"
"REAC","Interleukin-1 family signaling","REAC:R-HSA-446652","false","0.0005247040225622497","3.2800856063374115","151","80","9","11056","APP,PSMA1,PSMC3,PSMD1,PSMD5,PSMD9,PSME1,PTPN6,SMAD3"
"REAC","Regulation of activated PAK-2p34 by proteasome mediated degradation","REAC:R-HSA-211733","false","0.0005807911385409224","3.2359800185340957","50","80","6","11056","PSMA1,PSMC3,PSMD1,PSMD5,PSMD9,PSME1"
"REAC","The role of GTSE1 in G2/M progression after G2 checkpoint","REAC:R-HSA-8852276","false","0.0006020880602949805","3.2203399849825534","79","80","7","11056","CDKN1A,PSMA1,PSMC3,PSMD1,PSMD5,PSMD9,PSME1"
"REAC","Regulation of ornithine decarboxylase (ODC)","REAC:R-HSA-350562","false","0.0006544590745892108","3.184117506081577","51","80","6","11056","PSMA1,PSMC3,PSMD1,PSMD5,PSMD9,PSME1"
"REAC","Downstream signaling events of B Cell Receptor (BCR)","REAC:R-HSA-1168372","false","0.0006560125276452442","3.1830878669730422","80","80","7","11056","HRAS,PSMA1,PSMC3,PSMD1,PSMD5,PSMD9,PSME1"
"REAC","Signaling by NOTCH4","REAC:R-HSA-9013694","false","0.0007139215249188981","3.1463495237528853","81","80","7","11056","PSMA1,PSMC3,PSMD1,PSMD5,PSMD9,PSME1,SMAD3"
"REAC","Autodegradation of the E3 ubiquitin ligase COP1","REAC:R-HSA-349425","false","0.0007355851924726504","3.1333670218104492","52","80","6","11056","PSMA1,PSMC3,PSMD1,PSMD5,PSMD9,PSME1"
"REAC","Ubiquitin-dependent degradation of Cyclin D","REAC:R-HSA-75815","false","0.0007355851924726504","3.1333670218104492","52","80","6","11056","PSMA1,PSMC3,PSMD1,PSMD5,PSMD9,PSME1"
"REAC","p53-Independent G1/S DNA Damage Checkpoint","REAC:R-HSA-69613","false","0.0007355851924726504","3.1333670218104492","52","80","6","11056","PSMA1,PSMC3,PSMD1,PSMD5,PSMD9,PSME1"
"REAC","Ubiquitin-Mediated Degradation of Phosphorylated Cdc25A","REAC:R-HSA-69601","false","0.0007355851924726504","3.1333670218104492","52","80","6","11056","PSMA1,PSMC3,PSMD1,PSMD5,PSMD9,PSME1"
"REAC","Vpu mediated degradation of CD4","REAC:R-HSA-180534","false","0.0007355851924726504","3.1333670218104492","52","80","6","11056","PSMA1,PSMC3,PSMD1,PSMD5,PSMD9,PSME1"
"REAC","GSK3B and BTRC:CUL1-mediated-degradation of NFE2L2","REAC:R-HSA-9762114","false","0.0007355851924726504","3.1333670218104492","52","80","6","11056","PSMA1,PSMC3,PSMD1,PSMD5,PSMD9,PSME1"
"REAC","Negative regulation of NOTCH4 signaling","REAC:R-HSA-9604323","false","0.0008247381510877631","3.0836839151935505","53","80","6","11056","PSMA1,PSMC3,PSMD1,PSMD5,PSMD9,PSME1"
"REAC","Vif-mediated degradation of APOBEC3G","REAC:R-HSA-180585","false","0.0008247381510877631","3.0836839151935505","53","80","6","11056","PSMA1,PSMC3,PSMD1,PSMD5,PSMD9,PSME1"
"REAC","Regulation of Apoptosis","REAC:R-HSA-169911","false","0.0008247381510877631","3.0836839151935505","53","80","6","11056","PSMA1,PSMC3,PSMD1,PSMD5,PSMD9,PSME1"
"REAC","Surfactant metabolism","REAC:R-HSA-5683826","false","0.0008578997463135844","3.0665634605973433","30","80","5","11056","CSF2RA,PGA4,SFTPA1,SFTPA2,SFTPD"
"REAC","Integrin cell surface interactions","REAC:R-HSA-216083","false","0.0009139271506674863","3.0390884205944246","84","80","7","11056","COL1A1,COL2A1,COL4A1,ITGA2,ITGA6,SPP1,VWF"
"REAC","AUF1 (hnRNP D0) binds and destabilizes mRNA","REAC:R-HSA-450408","false","0.0009225158259062645","3.0350261747138267","54","80","6","11056","PSMA1,PSMC3,PSMD1,PSMD5,PSMD9,PSME1"
"REAC","Signaling by PDGF","REAC:R-HSA-186797","false","0.0009225158259062645","3.0350261747138267","54","80","6","11056","COL2A1,COL4A1,HRAS,SPP1,SRC,STAT5B"
"REAC","S Phase","REAC:R-HSA-69242","false","0.0009424629238978571","3.025735725751654","162","80","9","11056","AKT2,CDKN1A,PSMA1,PSMC3,PSMD1,PSMD5,PSMD9,PSME1,SMC3"
"REAC","Signaling by the B Cell Receptor (BCR)","REAC:R-HSA-983705","false","0.0009917556751532276","3.0035953056703697","163","80","9","11056","HRAS,LYN,PSMA1,PSMC3,PSMD1,PSMD5,PSMD9,PSME1,PTPN6"
"REAC","Nuclear signaling by ERBB4","REAC:R-HSA-1251985","false","0.0010171081829313906","2.9926328516481453","31","80","5","11056","APOE,GFAP,HBEGF,SPARC,SRC"
"REAC","Somitogenesis","REAC:R-HSA-9824272","false","0.0010295460490614145","2.987354223687997","55","80","6","11056","PSMA1,PSMC3,PSMD1,PSMD5,PSMD9,PSME1"
"REAC","FBXL7 down-regulates AURKA during mitotic entry and in early mitosis","REAC:R-HSA-8854050","false","0.0010295460490614145","2.987354223687997","55","80","6","11056","PSMA1,PSMC3,PSMD1,PSMD5,PSMD9,PSME1"
"REAC","Degradation of AXIN","REAC:R-HSA-4641257","false","0.0010295460490614145","2.987354223687997","55","80","6","11056","PSMA1,PSMC3,PSMD1,PSMD5,PSMD9,PSME1"
"REAC","SCF-beta-TrCP mediated degradation of Emi1","REAC:R-HSA-174113","false","0.0010295460490614145","2.987354223687997","55","80","6","11056","PSMA1,PSMC3,PSMD1,PSMD5,PSMD9,PSME1"
"REAC","Hh mutants are degraded by ERAD","REAC:R-HSA-5362768","false","0.0011464873428763385","2.940630735482063","56","80","6","11056","PSMA1,PSMC3,PSMD1,PSMD5,PSMD9,PSME1"
"REAC","Degradation of DVL","REAC:R-HSA-4641258","false","0.0012740296463851115","2.8948204659475607","57","80","6","11056","PSMA1,PSMC3,PSMD1,PSMD5,PSMD9,PSME1"
"REAC","Stabilization of p53","REAC:R-HSA-69541","false","0.0012740296463851115","2.8948204659475607","57","80","6","11056","PSMA1,PSMC3,PSMD1,PSMD5,PSMD9,PSME1"
"REAC","MAPK6/MAPK4 signaling","REAC:R-HSA-5687128","false","0.0013506324536486525","2.8694628190529814","89","80","7","11056","FOXO3,PSMA1,PSMC3,PSMD1,PSMD5,PSMD9,PSME1"
"REAC","Metabolism of polyamines","REAC:R-HSA-351202","false","0.0014128950344142752","2.8498901011860807","58","80","6","11056","PSMA1,PSMC3,PSMD1,PSMD5,PSMD9,PSME1"
"REAC","Infectious disease","REAC:R-HSA-5663205","false","0.0015507543253958061","2.80945699881822","1062","80","22","11056","AKT2,APP,HBEGF,IL6,LYN,MYH9,PSMA1,PSMC3,PSMD1,PSMD5,PSMD9,PSME1,PTPN6,SAP18,SFTPD,SMAD3,SRC,TBL1X,TPR,VAV3,VPS28,VPS37A"
"REAC","Hh mutants abrogate ligand secretion","REAC:R-HSA-5387390","false","0.0015638384288087486","2.8058081189881414","59","80","6","11056","PSMA1,PSMC3,PSMD1,PSMD5,PSMD9,PSME1"
"REAC","NIK-->noncanonical NF-kB signaling","REAC:R-HSA-5676590","false","0.0015638384288087486","2.8058081189881414","59","80","6","11056","PSMA1,PSMC3,PSMD1,PSMD5,PSMD9,PSME1"
"REAC","Non-integrin membrane-ECM interactions","REAC:R-HSA-3000171","false","0.0015638384288087486","2.8058081189881414","59","80","6","11056","COL1A1,COL2A1,COL4A1,FGF2,ITGA2,ITGA6"
"REAC","Late endosomal microautophagy","REAC:R-HSA-9615710","false","0.0016376396017342787","2.7857816680209804","34","80","5","11056","PARK7,PLIN3,VIM,VPS28,VPS37A"
"REAC","Platelet Adhesion to exposed collagen","REAC:R-HSA-75892","false","0.0017182741191661647","2.764907551247067","16","80","4","11056","COL1A1,ITGA2,LYN,VWF"
"REAC","Degradation of GLI1 by the proteasome","REAC:R-HSA-5610780","false","0.0017276483014024135","2.7625446624971386","60","80","6","11056","PSMA1,PSMC3,PSMD1,PSMD5,PSMD9,PSME1"
"REAC","Degradation of GLI2 by the proteasome","REAC:R-HSA-5610783","false","0.0017276483014024135","2.7625446624971386","60","80","6","11056","PSMA1,PSMC3,PSMD1,PSMD5,PSMD9,PSME1"
"REAC","Dectin-1 mediated noncanonical NF-kB signaling","REAC:R-HSA-5607761","false","0.0017276483014024135","2.7625446624971386","60","80","6","11056","PSMA1,PSMC3,PSMD1,PSMD5,PSMD9,PSME1"
"REAC","GLI3 is processed to GLI3R by the proteasome","REAC:R-HSA-5610785","false","0.0017276483014024135","2.7625446624971386","60","80","6","11056","PSMA1,PSMC3,PSMD1,PSMD5,PSMD9,PSME1"
"REAC","G1/S Transition","REAC:R-HSA-69206","false","0.0017628169687357248","2.7537927776579085","131","80","8","11056","AKT2,CDKN1A,PSMA1,PSMC3,PSMD1,PSMD5,PSMD9,PSME1"
"REAC","Apoptosis","REAC:R-HSA-109581","false","0.0018655838457836554","2.7291852274900084","176","80","9","11056","AKT2,LMNB1,PSMA1,PSMC3,PSMD1,PSMD5,PSMD9,PSME1,VIM"
"REAC","Defective CFTR causes cystic fibrosis","REAC:R-HSA-5678895","false","0.001905147368349208","2.7200714248253863","61","80","6","11056","PSMA1,PSMC3,PSMD1,PSMD5,PSMD9,PSME1"
"REAC","Hemostasis","REAC:R-HSA-109582","false","0.0019958285909508567","2.699876760243425","675","80","17","11056","APP,CEACAM6,CEACAM8,COL1A1,HRAS,ITGA2,ITGA6,KIF22,LYN,PDE5A,PTPN6,SERPINE1,SHC1,SPARC,SRC,VAV3,VWF"
"REAC","Nuclear events mediated by NFE2L2","REAC:R-HSA-9759194","false","0.0020920916334643226","2.6794192973208384","95","80","7","11056","GSTA1,PSMA1,PSMC3,PSMD1,PSMD5,PSMD9,PSME1"
"REAC","FOXO-mediated transcription of cell cycle genes","REAC:R-HSA-9617828","false","0.002234635951901894","2.6507932183745275","17","80","4","11056","CDKN1A,FOXO3,SMAD2,SMAD3"
"REAC","C-type lectin receptors (CLRs)","REAC:R-HSA-5621481","false","0.0023295611842711816","2.6327258786296244","136","80","8","11056","HRAS,LYN,PSMA1,PSMC3,PSMD1,PSMD5,PSMD9,PSME1"
"REAC","Fc epsilon receptor (FCERI) signaling","REAC:R-HSA-2454202","false","0.0024530490526137815","2.61029376729851","182","80","9","11056","HRAS,LYN,PSMA1,PSMC3,PSMD1,PSMD5,PSMD9,PSME1,VAV3"
"REAC","Asymmetric localization of PCP proteins","REAC:R-HSA-4608870","false","0.0025285348875599867","2.5971310497948292","64","80","6","11056","PSMA1,PSMC3,PSMD1,PSMD5,PSMD9,PSME1"
"REAC","Autodegradation of Cdh1 by Cdh1:APC/C","REAC:R-HSA-174084","false","0.0025285348875599867","2.5971310497948292","64","80","6","11056","PSMA1,PSMC3,PSMD1,PSMD5,PSMD9,PSME1"
"REAC","PTEN Regulation","REAC:R-HSA-6807070","false","0.0025959282690167637","2.585707312180066","138","80","8","11056","AKT2,ATF2,PSMA1,PSMC3,PSMD1,PSMD5,PSMD9,PSME1"
"REAC","Axon guidance","REAC:R-HSA-422475","false","0.002619595229633499","2.581765809106625","543","80","15","11056","COL2A1,COL4A1,HRAS,ITGA2,LYN,MYH9,PSMA1,PSMC3,PSMD1,PSMD5,PSMD9,PSME1,SHC1,SRC,VAV3"
"REAC","Hedgehog ligand biogenesis","REAC:R-HSA-5358346","false","0.0027697265672105395","2.5575631032146395","65","80","6","11056","PSMA1,PSMC3,PSMD1,PSMD5,PSMD9,PSME1"
"REAC","Oxygen-dependent proline hydroxylation of Hypoxia-inducible Factor Alpha","REAC:R-HSA-1234176","false","0.003029258338414906","2.518663687986435","66","80","6","11056","PSMA1,PSMC3,PSMD1,PSMD5,PSMD9,PSME1"
"REAC","FOXO-mediated transcription","REAC:R-HSA-9614085","false","0.003029258338414906","2.518663687986435","66","80","6","11056","AKT2,CDKN1A,FOXO3,IGFBP1,SMAD2,SMAD3"
"REAC","Activation of NF-kappaB in B cells","REAC:R-HSA-1169091","false","0.0033081724358131623","2.4804118612808064","67","80","6","11056","PSMA1,PSMC3,PSMD1,PSMD5,PSMD9,PSME1"
"REAC","APC/C:Cdc20 mediated degradation of Securin","REAC:R-HSA-174154","false","0.0036075499276713428","2.44278764965592","68","80","6","11056","PSMA1,PSMC3,PSMD1,PSMD5,PSMD9,PSME1"
"REAC","Developmental Biology","REAC:R-HSA-1266738","false","0.003729476531479614","2.428352121393395","1394","80","25","11056","AKT2,BMP4,CDKN1A,COL2A1,COL4A1,FGF2,FOXO3,HRAS,ITGA2,ITGA6,LEP,LYN,MYH9,PSMA1,PSMC3,PSMD1,PSMD5,PSMD9,PSME1,SHC1,SMAD2,SMAD3,SRC,TBL1X,VAV3"
"REAC","Nervous system development","REAC:R-HSA-9675108","false","0.004499727496655561","2.3468137862873792","568","80","15","11056","COL2A1,COL4A1,HRAS,ITGA2,LYN,MYH9,PSMA1,PSMC3,PSMD1,PSMD5,PSMD9,PSME1,SHC1,SRC,VAV3"
"REAC","Regulation of RUNX2 expression and activity","REAC:R-HSA-8939902","false","0.004639868753312096","2.33349430403962","71","80","6","11056","PSMA1,PSMC3,PSMD1,PSMD5,PSMD9,PSME1"
"REAC","Orc1 removal from chromatin","REAC:R-HSA-68949","false","0.004639868753312096","2.33349430403962","71","80","6","11056","PSMA1,PSMC3,PSMD1,PSMD5,PSMD9,PSME1"
"REAC","Erythropoietin activates STAT5","REAC:R-HSA-9027283","false","0.004962568436114865","2.3042934910656827","7","80","3","11056","EPO,LYN,STAT5B"
"REAC","CDK-mediated phosphorylation and removal of Cdc6","REAC:R-HSA-69017","false","0.00545202033680145","2.26344253285494","73","80","6","11056","PSMA1,PSMC3,PSMD1,PSMD5,PSMD9,PSME1"
"REAC","Cdc20:Phospho-APC/C mediated degradation of Cyclin A","REAC:R-HSA-174184","false","0.00545202033680145","2.26344253285494","73","80","6","11056","PSMA1,PSMC3,PSMD1,PSMD5,PSMD9,PSME1"
"REAC","APC/C:Cdh1 mediated degradation of Cdc20 and other APC/C:Cdh1 targeted proteins in late mitosis/early G1","REAC:R-HSA-174178","false","0.005899131109967753","2.2292119513977697","74","80","6","11056","PSMA1,PSMC3,PSMD1,PSMD5,PSMD9,PSME1"
"REAC","APC:Cdc20 mediated degradation of cell cycle proteins prior to satisfation of the cell cycle checkpoint","REAC:R-HSA-179419","false","0.005899131109967753","2.2292119513977697","74","80","6","11056","PSMA1,PSMC3,PSMD1,PSMD5,PSMD9,PSME1"
"REAC","Platelet activation, signaling and aggregation","REAC:R-HSA-76002","false","0.006462398751458691","2.1896062480801675","259","80","10","11056","APP,COL1A1,LYN,PTPN6,SERPINE1,SHC1,SPARC,SRC,VAV3,VWF"
"REAC","Interleukin-1 signaling","REAC:R-HSA-9020702","false","0.006588487823976122","2.181214252335078","113","80","7","11056","APP,PSMA1,PSMC3,PSMD1,PSMD5,PSMD9,PSME1"
"REAC","Chaperone Mediated Autophagy","REAC:R-HSA-9613829","false","0.006681804056392961","2.175106264177538","22","80","4","11056","GFAP,PARK7,PLIN3,VIM"
"REAC","APC/C:Cdc20 mediated degradation of mitotic proteins","REAC:R-HSA-176409","false","0.006882270224204011","2.162268279320914","76","80","6","11056","PSMA1,PSMC3,PSMD1,PSMD5,PSMD9,PSME1"
"REAC","Programmed Cell Death","REAC:R-HSA-5357801","false","0.007194227163118913","2.14301585312698","208","80","9","11056","AKT2,LMNB1,PSMA1,PSMC3,PSMD1,PSMD5,PSMD9,PSME1,VIM"
"REAC","Activation of APC/C and APC/C:Cdc20 mediated degradation of mitotic proteins","REAC:R-HSA-176814","false","0.007421168128901229","2.129527729221358","77","80","6","11056","PSMA1,PSMC3,PSMD1,PSMD5,PSMD9,PSME1"
"REAC","Signaling by ERBB2","REAC:R-HSA-1227986","false","0.0075381793416285005","2.122733534417176","46","80","5","11056","AKT2,HBEGF,HRAS,SHC1,SRC"
"REAC","ABC transporter disorders","REAC:R-HSA-5619084","false","0.007993605012327291","2.0972573153209453","78","80","6","11056","PSMA1,PSMC3,PSMD1,PSMD5,PSMD9,PSME1"
"REAC","Growth hormone receptor signaling","REAC:R-HSA-982772","false","0.008044129348796445","2.094520954607259","23","80","4","11056","GH1,LYN,PTPN6,STAT5B"
"REAC","Interleukin-2 family signaling","REAC:R-HSA-451927","false","0.008388049218896373","2.0763390298718836","47","80","5","11056","CSF2RA,INPPL1,PTPN6,SHC1,STAT5B"
"REAC","Regulation of APC/C activators between G1/S and early anaphase","REAC:R-HSA-176408","false","0.00992783773220991","2.0031453298757396","81","80","6","11056","PSMA1,PSMC3,PSMD1,PSMD5,PSMD9,PSME1"
"REAC","G2/M Checkpoints","REAC:R-HSA-69481","false","0.010462333333816272","1.9803714473050575","167","80","8","11056","NBN,PSMA1,PSMC3,PSMD1,PSMD5,PSMD9,PSME1,TP53BP1"
"REAC","Degradation of beta-catenin by the destruction complex","REAC:R-HSA-195253","false","0.011414585099676251","1.942539869736241","83","80","6","11056","PSMA1,PSMC3,PSMD1,PSMD5,PSMD9,PSME1"
"REAC","Hedgehog 'on' state","REAC:R-HSA-5632684","false","0.013075401337759399","1.8835449719750832","85","80","6","11056","PSMA1,PSMC3,PSMD1,PSMD5,PSMD9,PSME1"
"REAC","HIV Infection","REAC:R-HSA-162906","false","0.013868722619370307","1.8579635378384727","226","80","9","11056","PSMA1,PSMC3,PSMD1,PSMD5,PSMD9,PSME1,TPR,VPS28,VPS37A"
"REAC","Regulation of mRNA stability by proteins that bind AU-rich elements","REAC:R-HSA-450531","false","0.013975678085880554","1.854627111397753","86","80","6","11056","PSMA1,PSMC3,PSMD1,PSMD5,PSMD9,PSME1"
"REAC","Host Interactions of HIV factors","REAC:R-HSA-162909","false","0.014057873261438482","1.8520803763776257","127","80","7","11056","PSMA1,PSMC3,PSMD1,PSMD5,PSMD9,PSME1,TPR"
"REAC","Syndecan interactions","REAC:R-HSA-3000170","false","0.015596092002502586","1.80698421154116","27","80","4","11056","COL1A1,FGF2,ITGA2,ITGA6"
"REAC","Regulation of mitotic cell cycle","REAC:R-HSA-453276","false","0.01592557603044465","1.7979048502127577","88","80","6","11056","PSMA1,PSMC3,PSMD1,PSMD5,PSMD9,PSME1"
"REAC","APC/C-mediated degradation of cell cycle proteins","REAC:R-HSA-174143","false","0.01592557603044465","1.7979048502127577","88","80","6","11056","PSMA1,PSMC3,PSMD1,PSMD5,PSMD9,PSME1"
"REAC","ER-Phagosome pathway","REAC:R-HSA-1236974","false","0.018087979270156505","1.7426099483883601","90","80","6","11056","PSMA1,PSMC3,PSMD1,PSMD5,PSMD9,PSME1"
"REAC","Interleukin receptor SHC signaling","REAC:R-HSA-912526","false","0.018095708921074996","1.7424243982159033","28","80","4","11056","CSF2RA,INPPL1,PTPN6,SHC1"
"REAC","Switching of origins to a post-replicative state","REAC:R-HSA-69052","false","0.020479635313127048","1.6886777812365734","92","80","6","11056","PSMA1,PSMC3,PSMD1,PSMD5,PSMD9,PSME1"
"REAC","PCP/CE pathway","REAC:R-HSA-4086400","false","0.020479635313127048","1.6886777812365734","92","80","6","11056","PSMA1,PSMC3,PSMD1,PSMD5,PSMD9,PSME1"
"REAC","FCERI mediated NF-kB activation","REAC:R-HSA-2871837","false","0.021795902286871678","1.661625147747538","136","80","7","11056","LYN,PSMA1,PSMC3,PSMD1,PSMD5,PSMD9,PSME1"
"REAC","SHC1 events in ERBB4 signaling","REAC:R-HSA-1250347","false","0.022910584535419814","1.6399638301790527","11","80","3","11056","HBEGF,HRAS,SHC1"
"REAC","Signaling by CSF1 (M-CSF) in myeloid cells","REAC:R-HSA-9680350","false","0.023955692142996712","1.6205912767139283","30","80","4","11056","INPPL1,LYN,SHC1,SRC"
"REAC","FOXO-mediated transcription of oxidative stress, metabolic and neuronal genes","REAC:R-HSA-9615017","false","0.023955692142996712","1.6205912767139283","30","80","4","11056","FOXO3,IGFBP1,SMAD2,SMAD3"
"REAC","Laminin interactions","REAC:R-HSA-3000157","false","0.023955692142996712","1.6205912767139283","30","80","4","11056","COL4A1,ITGA2,ITGA6,NID2"
"REAC","MET activates PTK2 signaling","REAC:R-HSA-8874081","false","0.023955692142996712","1.6205912767139283","30","80","4","11056","COL1A1,COL2A1,ITGA2,SRC"
"REAC","PI3K/AKT Signaling in Cancer","REAC:R-HSA-2219528","false","0.026021705844209146","1.584664236811951","96","80","6","11056","AKT2,CDKN1A,FGF2,FOXO3,HBEGF,SRC"
"REAC","CLEC7A (Dectin-1) signaling","REAC:R-HSA-5607764","false","0.027578906814235346","1.5594229525892709","97","80","6","11056","PSMA1,PSMC3,PSMD1,PSMD5,PSMD9,PSME1"
"REAC","Cell surface interactions at the vascular wall","REAC:R-HSA-202733","false","0.02824735270684241","1.5490222472669433","192","80","8","11056","CEACAM6,CEACAM8,COL1A1,HRAS,ITGA6,LYN,PTPN6,SHC1"
"REAC","Downstream TCR signaling","REAC:R-HSA-202424","false","0.029209651901851708","1.534473618582964","98","80","6","11056","PSMA1,PSMC3,PSMD1,PSMD5,PSMD9,PSME1"
"REAC","SHC1 events in EGFR signaling","REAC:R-HSA-180336","false","0.030388198129432994","1.5172950506816352","12","80","3","11056","HBEGF,HRAS,SHC1"
"REAC","G2/M Transition","REAC:R-HSA-69275","false","0.03264759537343238","1.4861488007444188","196","80","8","11056","CDKN1A,DCTN2,PSMA1,PSMC3,PSMD1,PSMD5,PSMD9,PSME1"
"REAC","TNFR2 non-canonical NF-kB pathway","REAC:R-HSA-5668541","false","0.03270192944702144","1.485426622768639","100","80","6","11056","PSMA1,PSMC3,PSMD1,PSMD5,PSMD9,PSME1"
"REAC","Mitotic G2-G2/M phases","REAC:R-HSA-453274","false","0.03505268503361994","1.4552787094912651","198","80","8","11056","CDKN1A,DCTN2,PSMA1,PSMC3,PSMD1,PSMD5,PSMD9,PSME1"
"REAC","Cell Cycle","REAC:R-HSA-1640170","false","0.036317104522699754","1.4398887840480064","680","80","15","11056","AKT2,CDKN1A,DCTN2,LMNB1,LYN,NBN,PSMA1,PSMC3,PSMD1,PSMD5,PSMD9,PSME1,SMC3,TP53BP1,TPR"
"REAC","UCH proteinases","REAC:R-HSA-5689603","false","0.03651936917671859","1.437476732929533","102","80","6","11056","PSMA1,PSMC3,PSMD1,PSMD5,PSMD9,PSME1"
"REAC","ABC-family proteins mediated transport","REAC:R-HSA-382556","false","0.03855676311513526","1.4138994327630166","103","80","6","11056","PSMA1,PSMC3,PSMD1,PSMD5,PSMD9,PSME1"
"REAC","Antigen processing-Cross presentation","REAC:R-HSA-1236975","false","0.04290283528502025","1.367514005998249","105","80","6","11056","PSMA1,PSMC3,PSMD1,PSMD5,PSMD9,PSME1"
"REAC","GPVI-mediated activation cascade","REAC:R-HSA-114604","false","0.04453008575042579","1.3513464685584047","35","80","4","11056","COL1A1,LYN,PTPN6,VAV3"
"REAC","Post-translational protein phosphorylation","REAC:R-HSA-8957275","false","0.04762981675917023","1.322121089297444","107","80","6","11056","APOE,APP,BMP4,IGFBP1,IL6,SPP1"
"REAC","FLT3 Signaling","REAC:R-HSA-9607240","false","0.04982212433748454","1.3025777587670333","36","80","4","11056","AKT2,FOXO3,HRAS,STAT5B"
"WP","PI3K Akt signaling","WP:WP4172","false","1.271413032244755e-7","6.895713341275094","336","71","17","8899","AKT2,ATF2,CDKN1A,COL1A1,COL2A1,COL4A1,EPO,FGF2,FGF21,FOXO3,GH1,HRAS,IL6,ITGA2,ITGA6,SPP1,VWF"
"WP","Focal adhesion PI3K Akt mTOR signaling","WP:WP3932","false","0.000001935197031574584","5.713274810815961","302","71","15","8899","AKT2,ATF2,CDKN1A,COL1A1,COL2A1,COL4A1,EPO,FGF2,FGF21,FOXO3,HRAS,ITGA2,ITGA6,SPP1,VWF"
"WP","Focal adhesion","WP:WP306","false","0.000007805337336718523","5.10760832254269","198","71","12","8899","AKT2,COL1A1,COL2A1,COL4A1,HRAS,ITGA2,ITGA6,SHC1,SPP1,SRC,VAV3,VWF"
"WP","Kit receptor signaling","WP:WP304","false","0.000031975872736661285","4.495177593227928","53","71","7","8899","FOXO3,HRAS,LYN,PTPN6,SHC1,SRC,STAT5B"
"WP","JAK STAT signaling in the regulation of beta cells","WP:WP5358","false","0.0000428096573224577","4.368458248539466","34","71","6","8899","AKT2,EPO,GH1,HRAS,IL6,STAT5B"
"WP","Hypothesized pathways in pathogenesis of cardiovascular disease","WP:WP3668","false","0.00024004544256971813","3.619706535000426","25","71","5","8899","LTBP2,SERPINE1,SHC1,SMAD2,SMAD3"
"WP","Senescence and autophagy in cancer","WP:WP615","false","0.0003014355342805211","3.5208055528432065","105","71","8","8899","CDKN1A,COL1A1,HRAS,IL6,SERPINE1,SMAD3,SPARC,SRC"
"WP","TGFB Smad signaling","WP:WP5382","false","0.00032024292418055743","3.4945204572844086","12","71","4","8899","SERPINE1,SMAD2,SMAD3,SPARC"
"WP","IL3 signaling","WP:WP286","false","0.0003577546899020721","3.446414664248158","48","71","6","8899","HRAS,LYN,PTPN6,SHC1,SRC,STAT5B"
"WP","Hepatitis B infection","WP:WP4666","false","0.0005378573778625256","3.2693328697217257","152","71","9","8899","AKT2,ATF2,CDKN1A,HRAS,IL6,SMAD2,SMAD3,SRC,STAT5B"
"WP","EGFR tyrosine kinase inhibitor resistance","WP:WP4806","false","0.000772515281728575","3.1120929206995678","84","71","7","8899","AKT2,FGF2,FOXO3,HRAS,IL6,SHC1,SRC"
"WP","TGF beta receptor signaling","WP:WP560","false","0.0008088300570273804","3.0921427182496624","55","71","6","8899","BMP4,HRAS,SERPINE1,SMAD2,SMAD3,SPP1"
"WP","ErbB signaling","WP:WP673","false","0.0011386604831231655","2.9436057511506863","89","71","7","8899","AKT2,CDKN1A,HBEGF,HRAS,SHC1,SRC,STAT5B"
"WP","Pleural mesothelioma","WP:WP5087","false","0.0012238350425675397","2.9122771156304395","435","71","14","8899","AKT2,ATF2,CDKN1A,COL4A1,FGF2,FGF21,HBEGF,HRAS,IL6,ITGA2,ITGA6,SHC1,SPARC,SRC"
"WP","TGF beta receptor signaling in skeletal dysplasias","WP:WP4816","false","0.001225982640878778","2.9115156791030286","59","71","6","8899","BMP4,HRAS,SERPINE1,SMAD2,SMAD3,SPP1"
"WP","Adipogenesis","WP:WP236","false","0.001498941922060611","2.824215193981096","130","71","8","8899","BMP4,CDKN1A,GH1,IL6,LEP,SERPINE1,SMAD3,STAT5B"
"WP","Proteasome degradation","WP:WP183","false","0.0016415024774703642","2.784758457466535","62","71","6","8899","PSMA1,PSMC3,PSMD1,PSMD5,PSMD9,PSME1"
"WP","AGE RAGE pathway","WP:WP2324","false","0.002366029714961977","2.6259798053703967","66","71","6","8899","ATF2,SHC1,SMAD2,SMAD3,SRC,STAT5B"
"WP","TGF beta signaling in thyroid cells for epithelial mesenchymal transition","WP:WP3859","false","0.0024039001153777356","2.6190835816948774","19","71","4","8899","AKT2,SMAD2,SMAD3,VIM"
"WP","Integrin mediated cell adhesion","WP:WP185","false","0.002634952462770859","2.579227215496038","101","71","7","8899","AKT2,HRAS,ITGA2,ITGA6,SHC1,SRC,VAV3"
"WP","Macrophage stimulating protein MSP signaling","WP:WP5353","false","0.004087010330906286","2.3885942645027636","108","71","7","8899","COL4A1,IL6,SHC1,SMAD2,SMAD3,SRC,VIM"
"WP","DNA damage response only ATM dependent ","WP:WP710","false","0.004340008988492835","2.3625093710292413","109","71","7","8899","AKT2,CDKN1A,FOXO3,HRAS,SCP2,SHC1,SMAD3"
"WP","Effect of dasatinib on the BCR ABL signaling pathway","WP:WP5493","false","0.004877489653306941","2.3118036432079636","45","71","5","8899","AKT2,ATF2,HRAS,SHC1,SRC"
"WP","Integrative Analysis of Treg Glial Interactions ","WP:WP5561","false","0.0051777422790430135","2.2858595702733","112","71","7","8899","FOXO3,IL6,ITGA2,SMAD2,SMAD3,SPP1,STAT5B"
"WP","Gastrin signaling","WP:WP4659","false","0.005806997430998013","2.2360483660974895","114","71","7","8899","ATF2,CDKN1A,FOXO3,HRAS,SERPINE1,SHC1,SRC"
"WP","Spinal cord injury","WP:WP2431","false","0.006144471958696372","2.2115154334085996","115","71","7","8899","COL2A1,COL4A1,FOXO3,GFAP,IL6,LEP,VIM"
"WP","Cancer pathways","WP:WP5434","false","0.006591929695137154","2.1809874331642183","505","71","14","8899","AKT2,BMP4,CDKN1A,COL4A1,EPO,GSTA1,HRAS,IL6,ITGA2,ITGA6,SMAD2,SMAD3,STAT5B,TPR"
"WP","Alzheimer 39 s disease","WP:WP5124","false","0.0066786998363764765","2.175308074776727","260","71","10","8899","AKT2,APOE,APP,HRAS,IL6,PSMA1,PSMC3,PSMD1,PSMD9,SNCA"
"WP","Alzheimer 39 s disease and miRNA effects","WP:WP2059","false","0.007854788110847735","2.10486552590482","265","71","10","8899","AKT2,APOE,APP,HRAS,IL6,PSMA1,PSMC3,PSMD1,PSMD9,SNCA"
"WP","EPO receptor signaling","WP:WP581","false","0.008889011199432324","2.0511465466241594","26","71","4","8899","EPO,SHC1,SRC,STAT5B"
"WP","NRP1 triggered signaling in pancreatic cancer ","WP:WP5144","false","0.010903746780757536","1.9624242427380059","53","71","5","8899","AKT2,COL1A1,SMAD2,SMAD3,SRC"
"WP","Apoptosis related network due to altered Notch3 in ovarian cancer","WP:WP2864","false","0.010903746780757536","1.9624242427380059","53","71","5","8899","APOE,APP,CDKN1A,VAV3,VIM"
"WP","Hallmark of cancer sustaining proliferative signaling","WP:WP5475","false","0.02243133670956127","1.6491448455303215","98","71","6","8899","AKT2,CDKN1A,HRAS,IL6,SHC1,SRC"
"WP","Alpha 6 beta 4 signaling","WP:WP244","false","0.023326479544280406","1.6321508004201204","33","71","4","8899","HRAS,ITGA6,SHC1,SRC"
"WP","Endochondral ossification with skeletal dysplasias","WP:WP4808","false","0.025108013952274834","1.6001876386881149","63","71","5","8899","COL2A1,FGF2,GH1,SPP1,STAT5B"
"WP","Lung fibrosis","WP:WP3624","false","0.025108013952274834","1.6001876386881149","63","71","5","8899","FGF2,IL6,SFTPA1,SFTPA2,SPP1"
"WP","Endometrial cancer","WP:WP4155","false","0.025108013952274834","1.6001876386881149","63","71","5","8899","AKT2,CDKN1A,FGF2,FOXO3,HRAS"
"WP","Endochondral ossification","WP:WP474","false","0.025108013952274834","1.6001876386881149","63","71","5","8899","COL2A1,FGF2,GH1,SPP1,STAT5B"
"WP","IL5 signaling","WP:WP127","false","0.03675420435762248","1.4346929742702277","37","71","4","8899","FOXO3,LYN,SHC1,STAT5B"
"WP","ATM signaling","WP:WP2516","false","0.03675420435762248","1.4346929742702277","37","71","4","8899","ATF2,CDKN1A,NBN,TP53BP1"
"WP","IL2 signaling","WP:WP49","false","0.03675420435762248","1.4346929742702277","37","71","4","8899","FOXO3,HRAS,SHC1,STAT5B"
"WP","Urotensin II mediated signaling","WP:WP5158","false","0.038686723191408076","1.4124380539478452","69","71","5","8899","COL1A1,COL2A1,IL6,SMAD2,SMAD3"
"WP","Breast cancer pathway","WP:WP4262","false","0.038918203102862564","1.409847219804678","154","71","7","8899","AKT2,CDKN1A,FGF2,FGF21,HRAS,NBN,SHC1"
"WP","Parkin ubiquitin proteasomal system pathway","WP:WP2359","false","0.0442695208118888","1.3538951789445495","71","71","5","8899","PSMC3,PSMD1,PSMD5,PSMD9,SNCA"
"WP","Leptin signaling","WP:WP2034","false","0.0442695208118888","1.3538951789445495","71","71","5","8899","HRAS,LEP,SHC1,SRC,STAT5B"
"WP","HDAC6 interactions in the central nervous system","WP:WP5426","false","0.0467059417832595","1.3306278663389244","112","71","6","8899","APOE,MYH9,PARK7,SMAD2,SNCA,VIM"
"WP","Bladder cancer","WP:WP2828","false","0.04995002049061486","1.3014643292806587","40","71","4","8899","CDKN1A,HBEGF,HRAS,SRC"
"WP","Catabolism of skeletal muscle in cachexia","WP:WP5474","false","0.04995002049061486","1.3014643292806587","40","71","4","8899","FOXO3,IL6,SMAD2,SMAD3"
"MIRNA","hsa-mir-30e-3p","MIRNA:hsa-mir-30e-3p","false","0.008248034291604209","2.08364954212033","157","80","7","16638","HBEGF,LMNB1,SCP2,SERPINE1,TPR,VAV3,VPS37A"
"MIRNA","hsa-mir-29b-3p","MIRNA:hsa-mir-29b-3p","false","0.01348182200319204","1.8702514110306199","235","80","8","16638","AKT2,COL1A1,COL2A1,COL4A1,IL6,ITGA6,SMAD3,SPARC"
"MIRNA","hsa-mir-143-3p","MIRNA:hsa-mir-143-3p","false","0.022249322682940845","1.6526832053364697","183","80","7","16638","COL1A1,FGF21,HRAS,SERPINE1,SKAP2,SMAD3,VIM"
"HPA","Skin 2; endothelial cells[≥Low]","HPA:0470201","false","0.0006934733397410453","3.1589702305184693","887","66","18","11007","APOE,CDKN1A,FOXO3,ITGA2,ITGA6,LMNB1,MYH9,PARK7,PSMA1,PSMD9,PTPN6,SAP18,SHC1,SKAP2,SPARC,TPR,VIM,VPS28"
"HPA","Cerebellum; white matter cells - nucleus[≥Medium]","HPA:0091082","false","0.0011273040112840616","2.9479589476464176","113","66","7","11007","APOE,ATF2,FGF2,LMNB1,SAP18,TP53BP1,TPR"
"HPA","Cerebellum; white matter cells - nucleus[≥Low]","HPA:0091081","false","0.001680151160700156","2.7746516436879873","120","66","7","11007","APOE,ATF2,FGF2,LMNB1,SAP18,TP53BP1,TPR"
"HPA","Cerebellum; Bergmann glia - nucleus[≥Medium]","HPA:0090912","false","0.0024862182454035552","2.6044607507489883","84","66","6","11007","ATF2,FGF2,LMNB1,SAP18,TP53BP1,TPR"
"HPA","Cerebellum; Bergmann glia - nucleus[≥Low]","HPA:0090911","false","0.003945677637171644","2.403878399599895","91","66","6","11007","ATF2,FGF2,LMNB1,SAP18,TP53BP1,TPR"
"HPA","Cerebellum; Bergmann glia - nucleus[High]","HPA:0090913","false","0.009948305009986058","2.002250907949427","65","66","5","11007","ATF2,FGF2,SAP18,TP53BP1,TPR"
"HPA","Placenta; hofbauer cells[≥Low]","HPA:0381201","false","0.011908812419678156","1.9241315454270662","436","66","11","11007","APOE,CDKN1A,FOXO3,GFAP,IGFBP1,LYN,PSMA1,PSMD9,SAP18,SPARC,TPMT"
"HPA","Cerebellum; molecular layer cells - nucleus[High]","HPA:0091013","false","0.018880995310588","1.7239751156257292","120","66","6","11007","ATF2,FGF2,LMNB1,SAP18,TP53BP1,TPR"
"HPA","Placenta; hofbauer cells[≥Medium]","HPA:0381202","false","0.01960825934411027","1.7075609576224027","381","66","10","11007","APOE,CDKN1A,FOXO3,GFAP,IGFBP1,LYN,PSMA1,SAP18,SPARC,TPMT"
"HPA","Cerebellum; Purkinje cells - nucleus[High]","HPA:0090963","false","0.02701862652955677","1.5683367317682946","80","66","5","11007","ATF2,LMNB1,SAP18,TP53BP1,TPR"
"CORUM","PA700-20S-PA28 complex","CORUM:193","false","0.0002019542725152053","3.694746954525933","33","31","6","3383","PSMA1,PSMC3,PSMD1,PSMD5,PSMD9,PSME1"
"CORUM","PA700 complex","CORUM:32","false","0.015399193261673149","1.812502030538925","20","31","4","3383","PSMC3,PSMD1,PSMD5,PSMD9"
"CORUM","APP(AICD)-FOXO3 complex","CORUM:7587","false","0.04956367487520281","1.3048365005434663","2","31","2","3383","APP,FOXO3"
"CORUM","DJ-1-SNCA complex, high molecular weight complex","CORUM:5830","false","0.04956367487520281","1.3048365005434663","2","31","2","3383","PARK7,SNCA"
"HP","Soft skin","HP:0000977","false","0.009271223054033226","2.032862970215736","51","49","6","5200","COL1A1,INPPL1,KIF22,SMAD2,SMAD3,SPARC"
"HP","Abnormal female reproductive system physiology","HP:0030012","false","0.012364714884753667","1.9078158934883525","392","49","14","5200","AKT2,BMP4,CYB5A,LEP,MYH9,NBN,PARK7,SERPINE1,SMC3,SNCA,STAT5B,TBL1X,TPR,VWF"
"HP","Arthritis","HP:0001369","false","0.02352906194551269","1.6283953868914836","254","49","11","5200","APOE,BMP4,COL1A1,COL2A1,IL6,KIF22,LYN,PTPN6,SMAD2,SMAD3,SPP1"
"HP","Osteoarthritis","HP:0002758","false","0.04583870313478843","1.3387676778943398","67","49","6","5200","BMP4,COL1A1,COL2A1,KIF22,SMAD2,SMAD3"
