Category,Disease,Clinical_Feature,Importance,Rank
Benign_neoplasm_or_Carcinoma_in_situ,Benign_neoplasm_and_polyp_of_uterus_filtered,Time spent outdoors in winter,0.13121516,1
Benign_neoplasm_or_Carcinoma_in_situ,Benign_neoplasm_and_polyp_of_uterus_filtered,Days/week of vigorous physical activity,0.107490465,2
Benign_neoplasm_or_Carcinoma_in_situ,Benign_neoplasm_and_polyp_of_uterus_filtered,Mobile use vs 2yrs: No,0.09635827,3
Benign_neoplasm_or_Carcinoma_in_situ,Benign_neoplasm_and_polyp_of_uterus_filtered,Insomnia: Usually,0.09195323,4
Benign_neoplasm_or_Carcinoma_in_situ,Benign_neoplasm_and_polyp_of_uterus_filtered,Time spent driving,0.08741909,5
Benign_neoplasm_or_Carcinoma_in_situ,Benign_neoplasm_and_polyp_of_uterus_filtered,Duration of walks,0.086250275,6
Benign_neoplasm_or_Carcinoma_in_situ,Benign_neoplasm_and_polyp_of_uterus_filtered,Tea intake,0.0862323,7
Benign_neoplasm_or_Carcinoma_in_situ,Benign_neoplasm_and_polyp_of_uterus_filtered,Hair colour: Light brown,0.08003206,8
Benign_neoplasm_or_Carcinoma_in_situ,Benign_neoplasm_and_polyp_of_uterus_filtered,Non-oily fish: 1/week,0.07961532,9
Benign_neoplasm_or_Carcinoma_in_situ,Benign_neoplasm_and_polyp_of_uterus_filtered,Days/week of walk 10+ mins,0.078701586,10
Benign_neoplasm_or_Carcinoma_in_situ,Benign_neoplasm_and_polyp_of_uterus_filtered,Stair climbing: 6-10 times,0.0754947,11
Benign_neoplasm_or_Carcinoma_in_situ,Benign_neoplasm_and_polyp_of_uterus_filtered,Beef: 1/week,0.07415055,12
Benign_neoplasm_or_Carcinoma_in_situ,Benign_neoplasm_and_polyp_of_uterus_filtered,Walking pace: Steady/average,0.07151456,13
Benign_neoplasm_or_Carcinoma_in_situ,Benign_neoplasm_and_polyp_of_uterus_filtered,Skin colour: Fair,0.06955201,14
Benign_neoplasm_or_Carcinoma_in_situ,Benign_neoplasm_and_polyp_of_uterus_filtered,Sleep duration,0.06906563,15
Benign_neoplasm_or_Carcinoma_in_situ,Benign_neoplasm_and_polyp_of_uterus_filtered,Fresh fruit intake,0.06800504,16
Benign_neoplasm_or_Carcinoma_in_situ,Benign_neoplasm_and_polyp_of_uterus_filtered,Pork: <1/week,0.067076504,17
Benign_neoplasm_or_Carcinoma_in_situ,Benign_neoplasm_and_polyp_of_uterus_filtered,Salt added: Never/rarely,0.06695522,18
Benign_neoplasm_or_Carcinoma_in_situ,Benign_neoplasm_and_polyp_of_uterus_filtered,Time spent outdoors in summer,0.06609035,19
Benign_neoplasm_or_Carcinoma_in_situ,Benign_neoplasm_and_polyp_of_uterus_filtered,Processed meat: <1/week,0.06214884,20
Benign_neoplasm_or_Carcinoma_in_situ,Benign_neoplasm_and_polyp_of_uterus_filtered,Non-oily fish: 2-4/week,0.060896464,21
Benign_neoplasm_or_Carcinoma_in_situ,Benign_neoplasm_and_polyp_of_uterus_filtered,Time spent watching TV,0.060118183,22
Benign_neoplasm_or_Carcinoma_in_situ,Benign_neoplasm_and_polyp_of_uterus_filtered,Insomnia: Sometimes,0.059056163,23
Benign_neoplasm_or_Carcinoma_in_situ,Benign_neoplasm_and_polyp_of_uterus_filtered,Sun protection: Most times,0.056747522,24
Benign_neoplasm_or_Carcinoma_in_situ,Benign_neoplasm_and_polyp_of_uterus_filtered,Mobile freq: 5-29 mins,0.05459299,25
Benign_neoplasm_or_Carcinoma_in_situ,Benign_neoplasm_of_colon_rectum_anus_and_anal_canal,Time spent outdoors in summer,0.10691074,1
Benign_neoplasm_or_Carcinoma_in_situ,Benign_neoplasm_of_colon_rectum_anus_and_anal_canal,Cereal intake,0.100196585,2
Benign_neoplasm_or_Carcinoma_in_situ,Benign_neoplasm_of_colon_rectum_anus_and_anal_canal,Time spent watching TV,0.10003699,3
Benign_neoplasm_or_Carcinoma_in_situ,Benign_neoplasm_of_colon_rectum_anus_and_anal_canal,Past smoking: Most/all days,0.09171117,4
Benign_neoplasm_or_Carcinoma_in_situ,Benign_neoplasm_of_colon_rectum_anus_and_anal_canal,Oily fish: <1/week,0.081477724,5
Benign_neoplasm_or_Carcinoma_in_situ,Benign_neoplasm_of_colon_rectum_anus_and_anal_canal,Smoking: Never,0.080551,6
Benign_neoplasm_or_Carcinoma_in_situ,Benign_neoplasm_of_colon_rectum_anus_and_anal_canal,Walking pace: Brisk,0.07821985,7
Benign_neoplasm_or_Carcinoma_in_situ,Benign_neoplasm_of_colon_rectum_anus_and_anal_canal,Processed meat: 1/week,0.076976284,8
Benign_neoplasm_or_Carcinoma_in_situ,Benign_neoplasm_of_colon_rectum_anus_and_anal_canal,Daytime nap: Sometimes,0.07355525,9
Benign_neoplasm_or_Carcinoma_in_situ,Benign_neoplasm_of_colon_rectum_anus_and_anal_canal,Daytime dozing: Never/rarely,0.07003523,10
Benign_neoplasm_or_Carcinoma_in_situ,Benign_neoplasm_of_colon_rectum_anus_and_anal_canal,Alcohol: Daily,0.06959416,11
Benign_neoplasm_or_Carcinoma_in_situ,Benign_neoplasm_of_colon_rectum_anus_and_anal_canal,Age first had sexual intercourse,0.059431203,12
Benign_neoplasm_or_Carcinoma_in_situ,Benign_neoplasm_of_colon_rectum_anus_and_anal_canal,Daytime nap: Never/rarely,0.059386894,13
Benign_neoplasm_or_Carcinoma_in_situ,Benign_neoplasm_of_colon_rectum_anus_and_anal_canal,Fresh fruit intake,0.058719497,14
Benign_neoplasm_or_Carcinoma_in_situ,Benign_neoplasm_of_colon_rectum_anus_and_anal_canal,Hot drink temp: Hot,0.056885198,15
Benign_neoplasm_or_Carcinoma_in_situ,Benign_neoplasm_of_colon_rectum_anus_and_anal_canal,Time spent driving,0.055726834,16
Benign_neoplasm_or_Carcinoma_in_situ,Benign_neoplasm_of_colon_rectum_anus_and_anal_canal,Coffee intake,0.0534359,17
Benign_neoplasm_or_Carcinoma_in_situ,Benign_neoplasm_of_colon_rectum_anus_and_anal_canal,Alcohol: 1-2/week,0.05333635,18
Benign_neoplasm_or_Carcinoma_in_situ,Benign_neoplasm_of_colon_rectum_anus_and_anal_canal,Drive faster than limit: Never/rarely,0.051321976,19
Benign_neoplasm_or_Carcinoma_in_situ,Benign_neoplasm_of_colon_rectum_anus_and_anal_canal,Hair colour: Dark brown,0.05128536,20
Benign_neoplasm_or_Carcinoma_in_situ,Benign_neoplasm_of_colon_rectum_anus_and_anal_canal,Days/week of walk 10+ mins,0.051167786,21
Benign_neoplasm_or_Carcinoma_in_situ,Benign_neoplasm_of_colon_rectum_anus_and_anal_canal,Water intake,0.05019721,22
Benign_neoplasm_or_Carcinoma_in_situ,Benign_neoplasm_of_colon_rectum_anus_and_anal_canal,Days/week of vigorous physical activity,0.050015196,23
Benign_neoplasm_or_Carcinoma_in_situ,Benign_neoplasm_of_colon_rectum_anus_and_anal_canal,Sun protection: Most times,0.04809701,24
Benign_neoplasm_or_Carcinoma_in_situ,Benign_neoplasm_of_colon_rectum_anus_and_anal_canal,Cheese: 1/week,0.048012003,25
Benign_neoplasm_or_Carcinoma_in_situ,Leiomyoma_of_uterus_filtered,Time spent using computer,0.090405695,1
Benign_neoplasm_or_Carcinoma_in_situ,Leiomyoma_of_uterus_filtered,Insomnia: Usually,0.08731384,2
Benign_neoplasm_or_Carcinoma_in_situ,Leiomyoma_of_uterus_filtered,Lamb/mutton: <1/week,0.08049219,3
Benign_neoplasm_or_Carcinoma_in_situ,Leiomyoma_of_uterus_filtered,Time spent outdoors in summer,0.07834575,4
Benign_neoplasm_or_Carcinoma_in_situ,Leiomyoma_of_uterus_filtered,Skin colour: Fair,0.06379203,5
Benign_neoplasm_or_Carcinoma_in_situ,Leiomyoma_of_uterus_filtered,Mobile hand: Left,0.061112795,6
Benign_neoplasm_or_Carcinoma_in_situ,Leiomyoma_of_uterus_filtered,Pork: 1/week,0.06020542,7
Benign_neoplasm_or_Carcinoma_in_situ,Leiomyoma_of_uterus_filtered,Days/week of walk 10+ mins,0.059798095,8
Benign_neoplasm_or_Carcinoma_in_situ,Leiomyoma_of_uterus_filtered,Processed meat: <1/week,0.058629166,9
Benign_neoplasm_or_Carcinoma_in_situ,Leiomyoma_of_uterus_filtered,Time spent outdoors in winter,0.05851253,10
Benign_neoplasm_or_Carcinoma_in_situ,Leiomyoma_of_uterus_filtered,Hair colour: Light brown,0.057948016,11
Benign_neoplasm_or_Carcinoma_in_situ,Leiomyoma_of_uterus_filtered,Tea intake,0.057878926,12
Benign_neoplasm_or_Carcinoma_in_situ,Leiomyoma_of_uterus_filtered,Sleep duration,0.05363858,13
Benign_neoplasm_or_Carcinoma_in_situ,Leiomyoma_of_uterus_filtered,Non-oily fish: 1/week,0.052831583,14
Benign_neoplasm_or_Carcinoma_in_situ,Leiomyoma_of_uterus_filtered,Cheese: 1/week,0.05198881,15
Benign_neoplasm_or_Carcinoma_in_situ,Leiomyoma_of_uterus_filtered,Cereal intake,0.051806625,16
Benign_neoplasm_or_Carcinoma_in_situ,Leiomyoma_of_uterus_filtered,Insomnia: Never/rarely,0.051698077,17
Benign_neoplasm_or_Carcinoma_in_situ,Leiomyoma_of_uterus_filtered,Mobile freq: 30-59 mins,0.050851904,18
Benign_neoplasm_or_Carcinoma_in_situ,Leiomyoma_of_uterus_filtered,Milk: Semi-skimmed,0.05077174,19
Benign_neoplasm_or_Carcinoma_in_situ,Leiomyoma_of_uterus_filtered,Pork: <1/week,0.05000445,20
Benign_neoplasm_or_Carcinoma_in_situ,Leiomyoma_of_uterus_filtered,Bread intake,0.04995827,21
Benign_neoplasm_or_Carcinoma_in_situ,Leiomyoma_of_uterus_filtered,Bread: Wholemeal,0.04977204,22
Benign_neoplasm_or_Carcinoma_in_situ,Leiomyoma_of_uterus_filtered,Facial ageing: Younger than you are,0.049464498,23
Benign_neoplasm_or_Carcinoma_in_situ,Leiomyoma_of_uterus_filtered,Cooked vegetable intake,0.04918563,24
Benign_neoplasm_or_Carcinoma_in_situ,Leiomyoma_of_uterus_filtered,Time spent driving,0.049015377,25
Cancers,Primary_Malignancy_Breast,Time spent outdoors in winter,0.056204453,1
Cancers,Primary_Malignancy_Breast,Time spent using computer,0.049503118,2
Cancers,Primary_Malignancy_Breast,Time spent watching TV,0.030865587,3
Cancers,Primary_Malignancy_Breast,Mobile use: More than eight years,0.023911707,4
Cancers,Primary_Malignancy_Breast,Tea intake,0.022674166,5
Cancers,Primary_Malignancy_Breast,Time spent outdoors in summer,0.02262236,6
Cancers,Primary_Malignancy_Breast,Lamb/mutton: <1/week,0.020664161,7
Cancers,Primary_Malignancy_Breast,Days/week of walk 10+ mins,0.020388138,8
Cancers,Primary_Malignancy_Breast,Coffee intake,0.02005165,9
Cancers,Primary_Malignancy_Breast,Ever smoked: No,0.020028125,10
Cancers,Primary_Malignancy_Breast,Salt added: Never/rarely,0.019941479,11
Cancers,Primary_Malignancy_Breast,Fresh fruit intake,0.01967955,12
Cancers,Primary_Malignancy_Breast,Days/week of vigorous physical activity,0.01909684,13
Cancers,Primary_Malignancy_Breast,Sleep duration,0.018657288,14
Cancers,Primary_Malignancy_Breast,Bread intake,0.018073486,15
Cancers,Primary_Malignancy_Breast,Cereal intake,0.018056259,16
Cancers,Primary_Malignancy_Breast,Past smoking: Most/all days,0.017650923,17
Cancers,Primary_Malignancy_Breast,Days/week of moderate physical activity,0.017280268,18
Cancers,Primary_Malignancy_Breast,Hair colour: Dark brown,0.01725151,19
Cancers,Primary_Malignancy_Breast,Bread: Wholemeal,0.017042981,20
Cancers,Primary_Malignancy_Breast,Mobile freq: 5-29 mins,0.016747428,21
Cancers,Primary_Malignancy_Breast,Mobile use: Two to four years,0.0163751,22
Cancers,Primary_Malignancy_Breast,Hands-free use: Never or almost never,0.016129436,23
Cancers,Primary_Malignancy_Breast,Cooked vegetable intake,0.015904887,24
Cancers,Primary_Malignancy_Breast,Snoring: Yes,0.015747316,25
Cancers,Primary_Malignancy_Lung_and_trachea,Smoking: Never,0.37954628,1
Cancers,Primary_Malignancy_Lung_and_trachea,Days/week of moderate physical activity,0.3789909,2
Cancers,Primary_Malignancy_Lung_and_trachea,Bread intake,0.33716637,3
Cancers,Primary_Malignancy_Lung_and_trachea,Bread: Wholemeal,0.26499715,4
Cancers,Primary_Malignancy_Lung_and_trachea,Past smoking: Never,0.2632999,5
Cancers,Primary_Malignancy_Lung_and_trachea,Days/week of vigorous physical activity,0.26251173,6
Cancers,Primary_Malignancy_Lung_and_trachea,Poultry: 2-4/week,0.25491485,7
Cancers,Primary_Malignancy_Lung_and_trachea,Past smoking: Occasional,0.2476879,8
Cancers,Primary_Malignancy_Lung_and_trachea,Ever smoked: No,0.21538857,9
Cancers,Primary_Malignancy_Lung_and_trachea,Walking pace: Brisk,0.2103466,10
Cancers,Primary_Malignancy_Lung_and_trachea,Alcohol vs 10yrs ago: Less now,0.2051617,11
Cancers,Primary_Malignancy_Lung_and_trachea,Chronotype: More morning,0.2017075,12
Cancers,Primary_Malignancy_Lung_and_trachea,Time spent watching TV,0.18472447,13
Cancers,Primary_Malignancy_Lung_and_trachea,Hands-free use: Never or almost never,0.18085243,14
Cancers,Primary_Malignancy_Lung_and_trachea,Past smoking: Tried once/twice,0.17981096,15
Cancers,Primary_Malignancy_Lung_and_trachea,Facial ageing: Younger than you are,0.17807621,16
Cancers,Primary_Malignancy_Lung_and_trachea,Smokers in household: No,0.17760813,17
Cancers,Primary_Malignancy_Lung_and_trachea,Alcohol vs 10yrs ago: About the same,0.1637974,18
Cancers,Primary_Malignancy_Lung_and_trachea,Salt added: Never/rarely,0.1588996,19
Cancers,Primary_Malignancy_Lung_and_trachea,Mother: High blood pressure,0.15800421,20
Cancers,Primary_Malignancy_Lung_and_trachea,Tea intake,0.15736255,21
Cancers,Primary_Malignancy_Lung_and_trachea,Smoking: Current,0.15153864,22
Cancers,Primary_Malignancy_Lung_and_trachea,Cheese: 2-4/week,0.14608,23
Cancers,Primary_Malignancy_Lung_and_trachea,Beef: <1/week,0.14310643,24
Cancers,Primary_Malignancy_Lung_and_trachea,Salt added: Sometimes,0.14309959,25
Cancers,Primary_Malignancy_Prostate_filtered,Time spent watching TV,0.0935617,1
Cancers,Primary_Malignancy_Prostate_filtered,Coffee intake,0.078228146,2
Cancers,Primary_Malignancy_Prostate_filtered,Cooked vegetable intake,0.075931124,3
Cancers,Primary_Malignancy_Prostate_filtered,Bread: White,0.07510549,4
Cancers,Primary_Malignancy_Prostate_filtered,Oily fish: 1/week,0.06795361,5
Cancers,Primary_Malignancy_Prostate_filtered,Processed meat: 2-4/week,0.065859005,6
Cancers,Primary_Malignancy_Prostate_filtered,Days/week of vigorous physical activity,0.05498871,7
Cancers,Primary_Malignancy_Prostate_filtered,Pork: 1/week,0.05460066,8
Cancers,Primary_Malignancy_Prostate_filtered,Snoring: No,0.052716196,9
Cancers,Primary_Malignancy_Prostate_filtered,Insomnia: Usually,0.05154364,10
Cancers,Primary_Malignancy_Prostate_filtered,Bread: Wholemeal,0.050061923,11
Cancers,Primary_Malignancy_Prostate_filtered,Cereal intake,0.04904981,12
Cancers,Primary_Malignancy_Prostate_filtered,Mobile use: Five to eight years,0.04885961,13
Cancers,Primary_Malignancy_Prostate_filtered,Insomnia: Never/rarely,0.0476481,14
Cancers,Primary_Malignancy_Prostate_filtered,Raw vegetable intake,0.04531929,15
Cancers,Primary_Malignancy_Prostate_filtered,Oily fish: <1/week,0.043934997,16
Cancers,Primary_Malignancy_Prostate_filtered,Past smoking: Never,0.042989235,17
Cancers,Primary_Malignancy_Prostate_filtered,Fresh fruit intake,0.042834215,18
Cancers,Primary_Malignancy_Prostate_filtered,Daytime dozing: Never/rarely,0.04224856,19
Cancers,Primary_Malignancy_Prostate_filtered,Days/week of walk 10+ mins,0.042175636,20
Cancers,Primary_Malignancy_Prostate_filtered,Ever smoked: No,0.042013288,21
Cancers,Primary_Malignancy_Prostate_filtered,Time spent outdoors in summer,0.041872807,22
Cancers,Primary_Malignancy_Prostate_filtered,Days/week of moderate physical activity,0.041333556,23
Cancers,Primary_Malignancy_Prostate_filtered,Hair colour: Dark brown,0.041217323,24
Cancers,Primary_Malignancy_Prostate_filtered,Drive faster: Sometimes,0.039741233,25
Cancers,Secondary_malignancy_Liver_and_intrahepatic_bile_duct,Cereal intake,0.15996939,1
Cancers,Secondary_malignancy_Liver_and_intrahepatic_bile_duct,Smoking: Never,0.1240343,2
Cancers,Secondary_malignancy_Liver_and_intrahepatic_bile_duct,Oily fish: <1/week,0.11886349,3
Cancers,Secondary_malignancy_Liver_and_intrahepatic_bile_duct,Stair climbing: 1-5 times,0.09997937,4
Cancers,Secondary_malignancy_Liver_and_intrahepatic_bile_duct,Time spent outdoors in summer,0.0973853,5
Cancers,Secondary_malignancy_Liver_and_intrahepatic_bile_duct,Alcohol vs 10yrs ago: Less now,0.09204185,6
Cancers,Secondary_malignancy_Liver_and_intrahepatic_bile_duct,Poultry: 2-4/week,0.09126955,7
Cancers,Secondary_malignancy_Liver_and_intrahepatic_bile_duct,Past smoking: Tried once/twice,0.086852856,8
Cancers,Secondary_malignancy_Liver_and_intrahepatic_bile_duct,Daytime dozing: Never/rarely,0.0841378,9
Cancers,Secondary_malignancy_Liver_and_intrahepatic_bile_duct,Time spent outdoors in winter,0.08337083,10
Cancers,Secondary_malignancy_Liver_and_intrahepatic_bile_duct,Father: Heart disease,0.07985215,11
Cancers,Secondary_malignancy_Liver_and_intrahepatic_bile_duct,Hot drink temp: Very hot,0.079048835,12
Cancers,Secondary_malignancy_Liver_and_intrahepatic_bile_duct,Diet variation: Sometimes,0.07736056,13
Cancers,Secondary_malignancy_Liver_and_intrahepatic_bile_duct,Pork: Never,0.07339747,14
Cancers,Secondary_malignancy_Liver_and_intrahepatic_bile_duct,Water intake,0.07005899,15
Cancers,Secondary_malignancy_Liver_and_intrahepatic_bile_duct,Dried fruit intake,0.069278315,16
Cancers,Secondary_malignancy_Liver_and_intrahepatic_bile_duct,Daytime nap: Never/rarely,0.06678611,17
Cancers,Secondary_malignancy_Liver_and_intrahepatic_bile_duct,Bread intake,0.06577269,18
Cancers,Secondary_malignancy_Liver_and_intrahepatic_bile_duct,Fresh fruit intake,0.06401784,19
Cancers,Secondary_malignancy_Liver_and_intrahepatic_bile_duct,Time spent driving,0.06391809,20
Cancers,Secondary_malignancy_Liver_and_intrahepatic_bile_duct,Raw vegetable intake,0.06331906,21
Cancers,Secondary_malignancy_Liver_and_intrahepatic_bile_duct,Days/week of moderate physical activity,0.062213257,22
Cancers,Secondary_malignancy_Liver_and_intrahepatic_bile_duct,Diet change: No,0.0611443,23
Cancers,Secondary_malignancy_Liver_and_intrahepatic_bile_duct,Mother: High blood pressure,0.06005067,24
Cancers,Secondary_malignancy_Liver_and_intrahepatic_bile_duct,Walking pace: Steady/average,0.059542697,25
Cancers,Secondary_Malignancy_Lung,Dried fruit intake,0.08107174,1
Cancers,Secondary_Malignancy_Lung,Insomnia: Sometimes,0.07734397,2
Cancers,Secondary_Malignancy_Lung,Smoking: Never,0.07173001,3
Cancers,Secondary_Malignancy_Lung,Drive faster than limit: Never/rarely,0.070225485,4
Cancers,Secondary_Malignancy_Lung,Daytime nap: Never/rarely,0.069313414,5
Cancers,Secondary_Malignancy_Lung,Facial ageing: Younger than you are,0.06844989,6
Cancers,Secondary_Malignancy_Lung,Bread: Wholemeal,0.066508375,7
Cancers,Secondary_Malignancy_Lung,Days/week of moderate physical activity,0.06444833,8
Cancers,Secondary_Malignancy_Lung,Walking pace: Steady/average,0.06426582,9
Cancers,Secondary_Malignancy_Lung,Snoring: Yes,0.06227727,10
Cancers,Secondary_Malignancy_Lung,Water intake,0.05680804,11
Cancers,Secondary_Malignancy_Lung,Father: Heart disease,0.055822767,12
Cancers,Secondary_Malignancy_Lung,Time spent using computer,0.05315075,13
Cancers,Secondary_Malignancy_Lung,Days/week of vigorous physical activity,0.053039253,14
Cancers,Secondary_Malignancy_Lung,Daytime nap: Sometimes,0.04873136,15
Cancers,Secondary_Malignancy_Lung,Mobile use vs 2yrs: No,0.046948504,16
Cancers,Secondary_Malignancy_Lung,Hot drink temp: Hot,0.04635661,17
Cancers,Secondary_Malignancy_Lung,Insomnia: Never/rarely,0.04501047,18
Cancers,Secondary_Malignancy_Lung,Time spent outdoors in summer,0.04235296,19
Cancers,Secondary_Malignancy_Lung,Salt added: Sometimes,0.042271905,20
Cancers,Secondary_Malignancy_Lung,Beef: 1/week,0.041915227,21
Cancers,Secondary_Malignancy_Lung,Diet change: No,0.041593693,22
Cancers,Secondary_Malignancy_Lung,Past smoking: Tried once/twice,0.04148543,23
Cancers,Secondary_Malignancy_Lung,Mobile use vs 2yrs: More now,0.03921452,24
Cancers,Secondary_Malignancy_Lung,Time spent watching TV,0.03814484,25
Cancers,Secondary_Malignancy_Other_organs,Water intake,0.0755048,1
Cancers,Secondary_Malignancy_Other_organs,Pork: <1/week,0.054482717,2
Cancers,Secondary_Malignancy_Other_organs,Tea intake,0.05072402,3
Cancers,Secondary_Malignancy_Other_organs,Oily fish: <1/week,0.048222017,4
Cancers,Secondary_Malignancy_Other_organs,Past smoking: Most/all days,0.047164496,5
Cancers,Secondary_Malignancy_Other_organs,Bread intake,0.045724656,6
Cancers,Secondary_Malignancy_Other_organs,Mobile use vs 2yrs: No,0.045678012,7
Cancers,Secondary_Malignancy_Other_organs,Days/week of moderate physical activity,0.043857247,8
Cancers,Secondary_Malignancy_Other_organs,Smoking: Never,0.04333279,9
Cancers,Secondary_Malignancy_Other_organs,Coffee intake,0.042536065,10
Cancers,Secondary_Malignancy_Other_organs,Sleep duration,0.04131958,11
Cancers,Secondary_Malignancy_Other_organs,Mother: High blood pressure,0.04106444,12
Cancers,Secondary_Malignancy_Other_organs,Lamb/mutton: <1/week,0.041013975,13
Cancers,Secondary_Malignancy_Other_organs,Oily fish: 1/week,0.040352274,14
Cancers,Secondary_Malignancy_Other_organs,Time spent watching TV,0.040275775,15
Cancers,Secondary_Malignancy_Other_organs,Drive faster: Sometimes,0.04016221,16
Cancers,Secondary_Malignancy_Other_organs,Past smoking: Never,0.03836539,17
Cancers,Secondary_Malignancy_Other_organs,Non-oily fish: <1/week,0.035195492,18
Cancers,Secondary_Malignancy_Other_organs,Alcohol vs 10yrs ago: Less now,0.035097163,19
Cancers,Secondary_Malignancy_Other_organs,Time spent outdoors in summer,0.034413185,20
Cancers,Secondary_Malignancy_Other_organs,Mobile use: Five to eight years,0.03362035,21
Cancers,Secondary_Malignancy_Other_organs,Stair climbing: 6-10 times,0.03353164,22
Cancers,Secondary_Malignancy_Other_organs,Insomnia: Usually,0.032424312,23
Cancers,Secondary_Malignancy_Other_organs,Mobile hand: Left,0.03211624,24
Cancers,Secondary_Malignancy_Other_organs,Days/week of vigorous physical activity,0.03152067,25
Cancers,Secondary_Malignancy_Lymph_Nodes,Time spent outdoors in summer,0.061250832,1
Cancers,Secondary_Malignancy_Lymph_Nodes,Time spent watching TV,0.056215953,2
Cancers,Secondary_Malignancy_Lymph_Nodes,Days/week of walk 10+ mins,0.040570136,3
Cancers,Secondary_Malignancy_Lymph_Nodes,Ever smoked: No,0.035168566,4
Cancers,Secondary_Malignancy_Lymph_Nodes,Ever smoked: Yes,0.0335126,5
Cancers,Secondary_Malignancy_Lymph_Nodes,Days/week of moderate physical activity,0.028714633,6
Cancers,Secondary_Malignancy_Lymph_Nodes,Walking pace: Brisk,0.028643414,7
Cancers,Secondary_Malignancy_Lymph_Nodes,Bread intake,0.028317245,8
Cancers,Secondary_Malignancy_Lymph_Nodes,Past smoking: Never,0.027430182,9
Cancers,Secondary_Malignancy_Lymph_Nodes,Raw vegetable intake,0.027307672,10
Cancers,Secondary_Malignancy_Lymph_Nodes,Cereal intake,0.027289169,11
Cancers,Secondary_Malignancy_Lymph_Nodes,Time spent using computer,0.026596034,12
Cancers,Secondary_Malignancy_Lymph_Nodes,Days/week of vigorous physical activity,0.025215302,13
Cancers,Secondary_Malignancy_Lymph_Nodes,Cooked vegetable intake,0.024006665,14
Cancers,Secondary_Malignancy_Lymph_Nodes,Skin tanning: Get moderately tanned,0.023767177,15
Cancers,Secondary_Malignancy_Lymph_Nodes,Time spent driving,0.02219939,16
Cancers,Secondary_Malignancy_Lymph_Nodes,Water intake,0.021958169,17
Cancers,Secondary_Malignancy_Lymph_Nodes,Salt added: Never/rarely,0.01907239,18
Cancers,Secondary_Malignancy_Lymph_Nodes,Pork: 1/week,0.018747235,19
Cancers,Secondary_Malignancy_Lymph_Nodes,Mother: High blood pressure,0.018565066,20
Cancers,Secondary_Malignancy_Lymph_Nodes,Walking pace: Steady/average,0.018373808,21
Cancers,Secondary_Malignancy_Lymph_Nodes,Hair colour: Dark brown,0.018142655,22
Cancers,Secondary_Malignancy_Lymph_Nodes,Smoking: Never,0.017933873,23
Cancers,Secondary_Malignancy_Lymph_Nodes,Mobile use vs 2yrs: No,0.01786267,24
Cancers,Secondary_Malignancy_Lymph_Nodes,Mobile use: More than eight years,0.017575355,25
Cancers,Secondary_Malignancy_Bone,Time spent watching TV,0.15818477,1
Cancers,Secondary_Malignancy_Bone,Smoking: Never,0.116674796,2
Cancers,Secondary_Malignancy_Bone,Days/week of vigorous physical activity,0.0970271,3
Cancers,Secondary_Malignancy_Bone,Ever smoked: No,0.092579074,4
Cancers,Secondary_Malignancy_Bone,Water intake,0.08840497,5
Cancers,Secondary_Malignancy_Bone,Time spent outdoors in summer,0.0858019,6
Cancers,Secondary_Malignancy_Bone,Mobile use vs 2yrs: More now,0.0844179,7
Cancers,Secondary_Malignancy_Bone,Days/week of moderate physical activity,0.083425194,8
Cancers,Secondary_Malignancy_Bone,Pork: <1/week,0.07852398,9
Cancers,Secondary_Malignancy_Bone,Coffee intake,0.07750518,10
Cancers,Secondary_Malignancy_Bone,Days/week of walk 10+ mins,0.074482486,11
Cancers,Secondary_Malignancy_Bone,Tea intake,0.07271955,12
Cancers,Secondary_Malignancy_Bone,Past smoking: Never,0.06843388,13
Cancers,Secondary_Malignancy_Bone,Time spent driving,0.06275487,14
Cancers,Secondary_Malignancy_Bone,Time spent outdoors in winter,0.06145,15
Cancers,Secondary_Malignancy_Bone,Get up: Fairly easy,0.05759042,16
Cancers,Secondary_Malignancy_Bone,Diet variation: Sometimes,0.056944005,17
Cancers,Secondary_Malignancy_Bone,Father: Heart disease,0.05621427,18
Cancers,Secondary_Malignancy_Bone,Mobile use: More than eight years,0.05596985,19
Cancers,Secondary_Malignancy_Bone,Alcohol vs 10yrs ago: About the same,0.055378288,20
Cancers,Secondary_Malignancy_Bone,Ever smoked: Yes,0.05476584,21
Cancers,Secondary_Malignancy_Bone,Raw vegetable intake,0.05419515,22
Cancers,Secondary_Malignancy_Bone,Alcohol vs 10yrs ago: Less now,0.0541751,23
Cancers,Secondary_Malignancy_Bone,Diet change: Yes (other),0.05054126,24
Cancers,Secondary_Malignancy_Bone,Walking pace: Brisk,0.047367834,25
Cancers,Secondary_Malignancy_retroperitoneum_and_peritoneum,Sleep duration,0.056368086,1
Cancers,Secondary_Malignancy_retroperitoneum_and_peritoneum,Poultry: 2-4/week,0.05201922,2
Cancers,Secondary_Malignancy_retroperitoneum_and_peritoneum,Time spent watching TV,0.050417483,3
Cancers,Secondary_Malignancy_retroperitoneum_and_peritoneum,Days/week of vigorous physical activity,0.048638158,4
Cancers,Secondary_Malignancy_retroperitoneum_and_peritoneum,Time spent using computer,0.044726975,5
Cancers,Secondary_Malignancy_retroperitoneum_and_peritoneum,Mobile use: More than eight years,0.04309542,6
Cancers,Secondary_Malignancy_retroperitoneum_and_peritoneum,Salt added: Never/rarely,0.041859347,7
Cancers,Secondary_Malignancy_retroperitoneum_and_peritoneum,Coffee intake,0.040888537,8
Cancers,Secondary_Malignancy_retroperitoneum_and_peritoneum,Water intake,0.038333833,9
Cancers,Secondary_Malignancy_retroperitoneum_and_peritoneum,Time spent outdoors in winter,0.037572846,10
Cancers,Secondary_Malignancy_retroperitoneum_and_peritoneum,Bread intake,0.037452985,11
Cancers,Secondary_Malignancy_retroperitoneum_and_peritoneum,Processed meat: <1/week,0.037075873,12
Cancers,Secondary_Malignancy_retroperitoneum_and_peritoneum,Alcohol vs 10yrs ago: Less now,0.03630514,13
Cancers,Secondary_Malignancy_retroperitoneum_and_peritoneum,Cereal intake,0.035945185,14
Cancers,Secondary_Malignancy_retroperitoneum_and_peritoneum,Fresh fruit intake,0.03494269,15
Cancers,Secondary_Malignancy_retroperitoneum_and_peritoneum,Chronotype: More evening,0.03341993,16
Cancers,Secondary_Malignancy_retroperitoneum_and_peritoneum,Ethnicity,0.033398334,17
Cancers,Secondary_Malignancy_retroperitoneum_and_peritoneum,Time spent outdoors in summer,0.0317451,18
Cancers,Secondary_Malignancy_retroperitoneum_and_peritoneum,Diet change: No,0.03126,19
Cancers,Secondary_Malignancy_retroperitoneum_and_peritoneum,Time spent driving,0.031079117,20
Cancers,Secondary_Malignancy_retroperitoneum_and_peritoneum,Snoring: Yes,0.030044418,21
Cancers,Secondary_Malignancy_retroperitoneum_and_peritoneum,Mobile use: Five to eight years,0.02958529,22
Cancers,Secondary_Malignancy_retroperitoneum_and_peritoneum,Ever smoked: Yes,0.029277004,23
Cancers,Secondary_Malignancy_retroperitoneum_and_peritoneum,Hair colour: Light brown,0.029260347,24
Cancers,Secondary_Malignancy_retroperitoneum_and_peritoneum,Days/week of moderate physical activity,0.02914771,25
Cancers,Primary_Malignancy_Other_Skin_and_subcutaneous_tissue,Cereal intake,0.23308516,1
Cancers,Primary_Malignancy_Other_Skin_and_subcutaneous_tissue,Time spent outdoors in summer,0.18824904,2
Cancers,Primary_Malignancy_Other_Skin_and_subcutaneous_tissue,Mother: High blood pressure,0.11596015,3
Cancers,Primary_Malignancy_Other_Skin_and_subcutaneous_tissue,Alcohol: Special occasions,0.10540236,4
Cancers,Primary_Malignancy_Other_Skin_and_subcutaneous_tissue,Days/week of vigorous physical activity,0.10198565,5
Cancers,Primary_Malignancy_Other_Skin_and_subcutaneous_tissue,Ethnicity,0.09966266,6
Cancers,Primary_Malignancy_Other_Skin_and_subcutaneous_tissue,Diet change: No,0.093395576,7
Cancers,Primary_Malignancy_Other_Skin_and_subcutaneous_tissue,Time spent outdoors in winter,0.09207654,8
Cancers,Primary_Malignancy_Other_Skin_and_subcutaneous_tissue,Water intake,0.09039914,9
Cancers,Primary_Malignancy_Other_Skin_and_subcutaneous_tissue,Get up: Very easy,0.0838192,10
Cancers,Primary_Malignancy_Other_Skin_and_subcutaneous_tissue,Beef: 1/week,0.08167643,11
Cancers,Primary_Malignancy_Other_Skin_and_subcutaneous_tissue,Days/week of walk 10+ mins,0.07882831,12
Cancers,Primary_Malignancy_Other_Skin_and_subcutaneous_tissue,Skin colour: Fair,0.07803466,13
Cancers,Primary_Malignancy_Other_Skin_and_subcutaneous_tissue,Skin colour: Light olive,0.077100396,14
Cancers,Primary_Malignancy_Other_Skin_and_subcutaneous_tissue,Diet variation: Sometimes,0.07543663,15
Cancers,Primary_Malignancy_Other_Skin_and_subcutaneous_tissue,Sun protection: Most times,0.07238084,16
Cancers,Primary_Malignancy_Other_Skin_and_subcutaneous_tissue,Age first had sexual intercourse,0.07102232,17
Cancers,Primary_Malignancy_Other_Skin_and_subcutaneous_tissue,Pork: 1/week,0.0704029,18
Cancers,Primary_Malignancy_Other_Skin_and_subcutaneous_tissue,Beef: <1/week,0.069932185,19
Cancers,Primary_Malignancy_Other_Skin_and_subcutaneous_tissue,Pork: Never,0.06853928,20
Cancers,Primary_Malignancy_Other_Skin_and_subcutaneous_tissue,Sun protection: Rarely,0.06784785,21
Cancers,Primary_Malignancy_Other_Skin_and_subcutaneous_tissue,Cooked vegetable intake,0.067771085,22
Cancers,Primary_Malignancy_Other_Skin_and_subcutaneous_tissue,Alcohol: Daily,0.06694048,23
Cancers,Primary_Malignancy_Other_Skin_and_subcutaneous_tissue,Insomnia: Sometimes,0.066225804,24
Cancers,Primary_Malignancy_Other_Skin_and_subcutaneous_tissue,Sun protection: Always,0.06589054,25
Cancers,Primary_Malignancy_colorectal_and_anus,Poultry: 2-4/week,0.05733765,1
Cancers,Primary_Malignancy_colorectal_and_anus,Poultry: 1/week,0.05687022,2
Cancers,Primary_Malignancy_colorectal_and_anus,Get up: Very easy,0.05312538,3
Cancers,Primary_Malignancy_colorectal_and_anus,Time spent driving,0.050508846,4
Cancers,Primary_Malignancy_colorectal_and_anus,Days/week of walk 10+ mins,0.044879872,5
Cancers,Primary_Malignancy_colorectal_and_anus,Water intake,0.044580072,6
Cancers,Primary_Malignancy_colorectal_and_anus,Duration of walks,0.043651827,7
Cancers,Primary_Malignancy_colorectal_and_anus,Mobile hand: Right,0.043602135,8
Cancers,Primary_Malignancy_colorectal_and_anus,Sleep duration,0.04099543,9
Cancers,Primary_Malignancy_colorectal_and_anus,Hair colour: Dark brown,0.039437026,10
Cancers,Primary_Malignancy_colorectal_and_anus,Dried fruit intake,0.037656803,11
Cancers,Primary_Malignancy_colorectal_and_anus,Cooked vegetable intake,0.036400467,12
Cancers,Primary_Malignancy_colorectal_and_anus,Oily fish: <1/week,0.036057733,13
Cancers,Primary_Malignancy_colorectal_and_anus,Days/week of vigorous physical activity,0.035514183,14
Cancers,Primary_Malignancy_colorectal_and_anus,Daytime nap: Sometimes,0.03519435,15
Cancers,Primary_Malignancy_colorectal_and_anus,Age first had sexual intercourse,0.03435668,16
Cancers,Primary_Malignancy_colorectal_and_anus,Bread intake,0.034052283,17
Cancers,Primary_Malignancy_colorectal_and_anus,Non-oily fish: <1/week,0.03308699,18
Cancers,Primary_Malignancy_colorectal_and_anus,Time spent outdoors in summer,0.03294755,19
Cancers,Primary_Malignancy_colorectal_and_anus,Skin tanning: Get moderately tanned,0.031332113,20
Cancers,Primary_Malignancy_colorectal_and_anus,Alcohol vs 10yrs ago: Less now,0.030983666,21
Cancers,Primary_Malignancy_colorectal_and_anus,Non-oily fish: 1/week,0.030898266,22
Cancers,Primary_Malignancy_colorectal_and_anus,Days/week of moderate physical activity,0.030642703,23
Cancers,Primary_Malignancy_colorectal_and_anus,Pork: <1/week,0.030024387,24
Cancers,Primary_Malignancy_colorectal_and_anus,Cereal intake,0.029981712,25
Cardiovascular,Atrial_fibrillation,Days/week of moderate physical activity,0.26507017,1
Cardiovascular,Atrial_fibrillation,Smoking: Never,0.1654661,2
Cardiovascular,Atrial_fibrillation,Daytime nap: Never/rarely,0.1493844,3
Cardiovascular,Atrial_fibrillation,Time spent driving,0.13331163,4
Cardiovascular,Atrial_fibrillation,Lamb/mutton: <1/week,0.1219917,5
Cardiovascular,Atrial_fibrillation,Insomnia: Usually,0.11979155,6
Cardiovascular,Atrial_fibrillation,Water intake,0.118054815,7
Cardiovascular,Atrial_fibrillation,Mother: Heart disease,0.11644249,8
Cardiovascular,Atrial_fibrillation,Days/week of walk 10+ mins,0.11481094,9
Cardiovascular,Atrial_fibrillation,Cooked vegetable intake,0.111808404,10
Cardiovascular,Atrial_fibrillation,Ethnicity,0.10458877,11
Cardiovascular,Atrial_fibrillation,Time spent using computer,0.10018706,12
Cardiovascular,Atrial_fibrillation,Oily fish: <1/week,0.10001531,13
Cardiovascular,Atrial_fibrillation,Walking pace: Brisk,0.095550716,14
Cardiovascular,Atrial_fibrillation,Beef: <1/week,0.0889587,15
Cardiovascular,Atrial_fibrillation,Alcohol vs 10yrs ago: Less now,0.08559774,16
Cardiovascular,Atrial_fibrillation,Mobile hand: Right,0.08541095,17
Cardiovascular,Atrial_fibrillation,Tea intake,0.08457961,18
Cardiovascular,Atrial_fibrillation,Past smoking: Most/all days,0.08395259,19
Cardiovascular,Atrial_fibrillation,Skin tanning: Get very tanned,0.083151594,20
Cardiovascular,Atrial_fibrillation,Stair climbing: 6-10 times,0.07887495,21
Cardiovascular,Atrial_fibrillation,Bread intake,0.078065604,22
Cardiovascular,Atrial_fibrillation,Diet variation: Never/rarely,0.075743236,23
Cardiovascular,Atrial_fibrillation,Non-oily fish: <1/week,0.07378016,24
Cardiovascular,Atrial_fibrillation,Father: Heart disease,0.07300444,25
Cardiovascular,Ischaemic_stroke,Hot drink temp: Hot,0.12288557,1
Cardiovascular,Ischaemic_stroke,Days/week of walk 10+ mins,0.12014675,2
Cardiovascular,Ischaemic_stroke,Time spent outdoors in winter,0.11307467,3
Cardiovascular,Ischaemic_stroke,Walking pace: Brisk,0.10845014,4
Cardiovascular,Ischaemic_stroke,Diet change: No,0.10431828,5
Cardiovascular,Ischaemic_stroke,Bread intake,0.104139686,6
Cardiovascular,Ischaemic_stroke,Spread: Butter,0.10307675,7
Cardiovascular,Ischaemic_stroke,Sun protection: Most times,0.09752452,8
Cardiovascular,Ischaemic_stroke,Father: Heart disease,0.09348442,9
Cardiovascular,Ischaemic_stroke,Milk: Skimmed,0.0918588,10
Cardiovascular,Ischaemic_stroke,Age first had sexual intercourse,0.091332965,11
Cardiovascular,Ischaemic_stroke,Cereal intake,0.0874508,12
Cardiovascular,Ischaemic_stroke,Water intake,0.08461337,13
Cardiovascular,Ischaemic_stroke,Days/week of vigorous physical activity,0.08425635,14
Cardiovascular,Ischaemic_stroke,Alcohol vs 10yrs ago: Less now,0.08113654,15
Cardiovascular,Ischaemic_stroke,Mobile freq: 30-59 mins,0.0795658,16
Cardiovascular,Ischaemic_stroke,Cheese: 2-4/week,0.07909648,17
Cardiovascular,Ischaemic_stroke,Beef: 1/week,0.07794296,18
Cardiovascular,Ischaemic_stroke,Cereal: Bran flakes,0.07393644,19
Cardiovascular,Ischaemic_stroke,Mobile use: More than eight years,0.07272579,20
Cardiovascular,Ischaemic_stroke,Spread: Never,0.0726986,21
Cardiovascular,Ischaemic_stroke,Spread: Other margarine,0.07046963,22
Cardiovascular,Ischaemic_stroke,Snoring: No,0.06962554,23
Cardiovascular,Ischaemic_stroke,Alcohol vs 10yrs ago: About the same,0.06878091,24
Cardiovascular,Ischaemic_stroke,Cooked vegetable intake,0.06855487,25
Cardiovascular,Hypertension,Mother: High blood pressure,0.14429483,1
Cardiovascular,Hypertension,Father: High blood pressure,0.11779966,2
Cardiovascular,Hypertension,Walking pace: Brisk,0.10116215,3
Cardiovascular,Hypertension,Mother: Heart disease,0.06404305,4
Cardiovascular,Hypertension,Father: Heart disease,0.062298134,5
Cardiovascular,Hypertension,Diet change: No,0.060408734,6
Cardiovascular,Hypertension,Insomnia: Usually,0.059483565,7
Cardiovascular,Hypertension,Salt added: Never/rarely,0.056962904,8
Cardiovascular,Hypertension,Fresh fruit intake,0.056787916,9
Cardiovascular,Hypertension,Father: Stroke,0.053969704,10
Cardiovascular,Hypertension,Cheese: <1/week,0.047542535,11
Cardiovascular,Hypertension,Smoking: Previous,0.04550749,12
Cardiovascular,Hypertension,Cereal intake,0.043529008,13
Cardiovascular,Hypertension,Sleep duration,0.043414164,14
Cardiovascular,Hypertension,Days/week of vigorous physical activity,0.042701192,15
Cardiovascular,Hypertension,Days/week of moderate physical activity,0.042357147,16
Cardiovascular,Hypertension,Cereal: Muesli,0.04087958,17
Cardiovascular,Hypertension,Diet change: Yes (illness),0.040800635,18
Cardiovascular,Hypertension,Raw vegetable intake,0.040505335,19
Cardiovascular,Hypertension,Time spent outdoors in summer,0.040242855,20
Cardiovascular,Hypertension,Duration of walks,0.039953828,21
Cardiovascular,Hypertension,Hair colour: Dark brown,0.039817587,22
Cardiovascular,Hypertension,Oily fish: 2-4/week,0.038875315,23
Cardiovascular,Hypertension,Time spent watching TV,0.038557973,24
Cardiovascular,Hypertension,Salt added: Usually,0.036945507,25
Cardiovascular,Left_bundle_branch_block,Days/week of moderate physical activity,0.10512816,1
Cardiovascular,Left_bundle_branch_block,Alcohol vs 10yrs ago: About the same,0.08680679,2
Cardiovascular,Left_bundle_branch_block,Time spent watching TV,0.0831562,3
Cardiovascular,Left_bundle_branch_block,Time spent outdoors in summer,0.06999265,4
Cardiovascular,Left_bundle_branch_block,Walking pace: Brisk,0.0688559,5
Cardiovascular,Left_bundle_branch_block,Ever smoked: No,0.06461314,6
Cardiovascular,Left_bundle_branch_block,Walking pace: Steady/average,0.06374488,7
Cardiovascular,Left_bundle_branch_block,Smoking: Previous,0.0630137,8
Cardiovascular,Left_bundle_branch_block,Raw vegetable intake,0.061752178,9
Cardiovascular,Left_bundle_branch_block,Time spent using computer,0.060034294,10
Cardiovascular,Left_bundle_branch_block,Past smoking: Never,0.05960119,11
Cardiovascular,Left_bundle_branch_block,Ever smoked: Yes,0.058195278,12
Cardiovascular,Left_bundle_branch_block,Cereal intake,0.056085043,13
Cardiovascular,Left_bundle_branch_block,Duration of walks,0.055636294,14
Cardiovascular,Left_bundle_branch_block,Get up: Very easy,0.053595364,15
Cardiovascular,Left_bundle_branch_block,Bread: Wholemeal,0.052918885,16
Cardiovascular,Left_bundle_branch_block,Sleep duration,0.050218005,17
Cardiovascular,Left_bundle_branch_block,Fresh fruit intake,0.049792666,18
Cardiovascular,Left_bundle_branch_block,Cooked vegetable intake,0.04942723,19
Cardiovascular,Left_bundle_branch_block,Chronotype: More evening,0.048642017,20
Cardiovascular,Left_bundle_branch_block,Stair climbing: 1-5 times,0.04780181,21
Cardiovascular,Left_bundle_branch_block,Daytime nap: Never/rarely,0.04699335,22
Cardiovascular,Left_bundle_branch_block,Spread: Other margarine,0.045643833,23
Cardiovascular,Left_bundle_branch_block,Get up: Fairly easy,0.044880927,24
Cardiovascular,Left_bundle_branch_block,Alcohol: 3-4/week,0.044192445,25
Cardiovascular,Multiple_valve_dz,Time spent outdoors in summer,0.1490056,1
Cardiovascular,Multiple_valve_dz,Tea intake,0.10917471,2
Cardiovascular,Multiple_valve_dz,Days/week of moderate physical activity,0.09306538,3
Cardiovascular,Multiple_valve_dz,Days/week of walk 10+ mins,0.08603248,4
Cardiovascular,Multiple_valve_dz,Time spent using computer,0.08494829,5
Cardiovascular,Multiple_valve_dz,Hands-free use: Never or almost never,0.08179652,6
Cardiovascular,Multiple_valve_dz,Water intake,0.08137747,7
Cardiovascular,Multiple_valve_dz,Time spent driving,0.07440299,8
Cardiovascular,Multiple_valve_dz,Stair climbing: 6-10 times,0.06729549,9
Cardiovascular,Multiple_valve_dz,Smoking: Never,0.06453907,10
Cardiovascular,Multiple_valve_dz,Sleep duration,0.06394595,11
Cardiovascular,Multiple_valve_dz,Alcohol vs 10yrs ago: About the same,0.061216608,12
Cardiovascular,Multiple_valve_dz,Mobile use: More than eight years,0.06012731,13
Cardiovascular,Multiple_valve_dz,Spread: Butter,0.05970455,14
Cardiovascular,Multiple_valve_dz,Time spent watching TV,0.058708124,15
Cardiovascular,Multiple_valve_dz,Walking pace: Brisk,0.05711072,16
Cardiovascular,Multiple_valve_dz,Lamb/mutton: <1/week,0.05677914,17
Cardiovascular,Multiple_valve_dz,Diet change: No,0.055631433,18
Cardiovascular,Multiple_valve_dz,Mother: High blood pressure,0.0545552,19
Cardiovascular,Multiple_valve_dz,Father: High blood pressure,0.05335715,20
Cardiovascular,Multiple_valve_dz,Cereal: Muesli,0.053273074,21
Cardiovascular,Multiple_valve_dz,Sun protection: Most times,0.052468013,22
Cardiovascular,Multiple_valve_dz,Cereal intake,0.050501257,23
Cardiovascular,Multiple_valve_dz,Mobile use vs 2yrs: More now,0.050408028,24
Cardiovascular,Multiple_valve_dz,Ever smoked: No,0.05034231,25
Cardiovascular,Myocardial_infarction,Time spent outdoors in summer,0.073306374,1
Cardiovascular,Myocardial_infarction,Tea intake,0.06687104,2
Cardiovascular,Myocardial_infarction,Alcohol vs 10yrs ago: Less now,0.06652821,3
Cardiovascular,Myocardial_infarction,Ever smoked: No,0.061991006,4
Cardiovascular,Myocardial_infarction,Time spent using computer,0.059702937,5
Cardiovascular,Myocardial_infarction,Age first had sexual intercourse,0.058037844,6
Cardiovascular,Myocardial_infarction,Time spent watching TV,0.056832604,7
Cardiovascular,Myocardial_infarction,Beef: <1/week,0.055081245,8
Cardiovascular,Myocardial_infarction,Mobile use: More than eight years,0.049915563,9
Cardiovascular,Myocardial_infarction,Bread: Wholemeal,0.049849484,10
Cardiovascular,Myocardial_infarction,Cereal intake,0.047849905,11
Cardiovascular,Myocardial_infarction,Days/week of vigorous physical activity,0.0470247,12
Cardiovascular,Myocardial_infarction,Past smoking: Never,0.046420757,13
Cardiovascular,Myocardial_infarction,Water intake,0.04632557,14
Cardiovascular,Myocardial_infarction,Days/week of moderate physical activity,0.046085108,15
Cardiovascular,Myocardial_infarction,Hair colour: Dark brown,0.04578061,16
Cardiovascular,Myocardial_infarction,Time spent outdoors in winter,0.044638816,17
Cardiovascular,Myocardial_infarction,Poultry: 2-4/week,0.044415794,18
Cardiovascular,Myocardial_infarction,Snoring: Yes,0.044252377,19
Cardiovascular,Myocardial_infarction,Days/week of walk 10+ mins,0.04406789,20
Cardiovascular,Myocardial_infarction,Walking pace: Brisk,0.043962505,21
Cardiovascular,Myocardial_infarction,Smoking: Previous,0.042601813,22
Cardiovascular,Myocardial_infarction,Skin tanning: Get moderately tanned,0.04247846,23
Cardiovascular,Myocardial_infarction,Mobile use vs 2yrs: No,0.041772235,24
Cardiovascular,Myocardial_infarction,Hot drink temp: Hot,0.040850453,25
Cardiovascular,Nonrheumatic_aortic_valve_disorders,Coffee intake,0.073646136,1
Cardiovascular,Nonrheumatic_aortic_valve_disorders,Time spent outdoors in summer,0.07094751,2
Cardiovascular,Nonrheumatic_aortic_valve_disorders,Bread intake,0.068506524,3
Cardiovascular,Nonrheumatic_aortic_valve_disorders,Cereal intake,0.06151654,4
Cardiovascular,Nonrheumatic_aortic_valve_disorders,Days/week of moderate physical activity,0.059892032,5
Cardiovascular,Nonrheumatic_aortic_valve_disorders,Time spent watching TV,0.051787913,6
Cardiovascular,Nonrheumatic_aortic_valve_disorders,Walking pace: Brisk,0.043999605,7
Cardiovascular,Nonrheumatic_aortic_valve_disorders,Insomnia: Sometimes,0.04016413,8
Cardiovascular,Nonrheumatic_aortic_valve_disorders,Duration of walks,0.03777491,9
Cardiovascular,Nonrheumatic_aortic_valve_disorders,Sun protection: Most times,0.037468906,10
Cardiovascular,Nonrheumatic_aortic_valve_disorders,Time spent outdoors in winter,0.036208194,11
Cardiovascular,Nonrheumatic_aortic_valve_disorders,Processed meat: <1/week,0.034863405,12
Cardiovascular,Nonrheumatic_aortic_valve_disorders,Pork: Never,0.034617376,13
Cardiovascular,Nonrheumatic_aortic_valve_disorders,Raw vegetable intake,0.03336412,14
Cardiovascular,Nonrheumatic_aortic_valve_disorders,Ever smoked: No,0.031138169,15
Cardiovascular,Nonrheumatic_aortic_valve_disorders,Days/week of walk 10+ mins,0.031025339,16
Cardiovascular,Nonrheumatic_aortic_valve_disorders,Age first had sexual intercourse,0.030445905,17
Cardiovascular,Nonrheumatic_aortic_valve_disorders,Water intake,0.030173505,18
Cardiovascular,Nonrheumatic_aortic_valve_disorders,Smoking: Previous,0.030023953,19
Cardiovascular,Nonrheumatic_aortic_valve_disorders,Days/week of vigorous physical activity,0.02862407,20
Cardiovascular,Nonrheumatic_aortic_valve_disorders,Diet variation: Sometimes,0.027990658,21
Cardiovascular,Nonrheumatic_aortic_valve_disorders,Oily fish: <1/week,0.027879043,22
Cardiovascular,Nonrheumatic_aortic_valve_disorders,Sleep duration,0.02785859,23
Cardiovascular,Nonrheumatic_aortic_valve_disorders,Snoring: Yes,0.027222933,24
Cardiovascular,Nonrheumatic_aortic_valve_disorders,Mobile use: Five to eight years,0.02663719,25
Cardiovascular,Nonrheumatic_mitral_valve_disorders,Days/week of moderate physical activity,0.18716136,1
Cardiovascular,Nonrheumatic_mitral_valve_disorders,Sun protection: Sometimes,0.11885512,2
Cardiovascular,Nonrheumatic_mitral_valve_disorders,Sleep duration,0.11623482,3
Cardiovascular,Nonrheumatic_mitral_valve_disorders,Mobile hand: Left,0.10996759,4
Cardiovascular,Nonrheumatic_mitral_valve_disorders,Walking pace: Brisk,0.106268845,5
Cardiovascular,Nonrheumatic_mitral_valve_disorders,Days/week of walk 10+ mins,0.10527332,6
Cardiovascular,Nonrheumatic_mitral_valve_disorders,Mobile use: More than eight years,0.10198658,7
Cardiovascular,Nonrheumatic_mitral_valve_disorders,Tea intake,0.09788928,8
Cardiovascular,Nonrheumatic_mitral_valve_disorders,Mother: Stroke,0.09536727,9
Cardiovascular,Nonrheumatic_mitral_valve_disorders,Cereal intake,0.09279537,10
Cardiovascular,Nonrheumatic_mitral_valve_disorders,Age first had sexual intercourse,0.09111441,11
Cardiovascular,Nonrheumatic_mitral_valve_disorders,Past smoking: Never,0.09055857,12
Cardiovascular,Nonrheumatic_mitral_valve_disorders,Time spent outdoors in summer,0.08736121,13
Cardiovascular,Nonrheumatic_mitral_valve_disorders,Duration of walks,0.079942025,14
Cardiovascular,Nonrheumatic_mitral_valve_disorders,Bread: Wholemeal,0.07897231,15
Cardiovascular,Nonrheumatic_mitral_valve_disorders,Water intake,0.07608005,16
Cardiovascular,Nonrheumatic_mitral_valve_disorders,Cheese: 2-4/week,0.07550569,17
Cardiovascular,Nonrheumatic_mitral_valve_disorders,Bread intake,0.073552586,18
Cardiovascular,Nonrheumatic_mitral_valve_disorders,Hair colour: Dark brown,0.07327168,19
Cardiovascular,Nonrheumatic_mitral_valve_disorders,Coffee intake,0.072562404,20
Cardiovascular,Nonrheumatic_mitral_valve_disorders,Diet change: Yes (other),0.07053523,21
Cardiovascular,Nonrheumatic_mitral_valve_disorders,Days/week of vigorous physical activity,0.066855066,22
Cardiovascular,Nonrheumatic_mitral_valve_disorders,Time spent driving,0.06636571,23
Cardiovascular,Nonrheumatic_mitral_valve_disorders,Alcohol: 1-2/week,0.06231756,24
Cardiovascular,Nonrheumatic_mitral_valve_disorders,Poultry: 1/week,0.06188649,25
Cardiovascular,Heart_failure,Walking pace: Brisk,0.107854895,1
Cardiovascular,Heart_failure,Time spent outdoors in winter,0.071193516,2
Cardiovascular,Heart_failure,Time spent watching TV,0.06986049,3
Cardiovascular,Heart_failure,Time spent outdoors in summer,0.06597306,4
Cardiovascular,Heart_failure,Smoking: Never,0.06566077,5
Cardiovascular,Heart_failure,Beef: <1/week,0.06229228,6
Cardiovascular,Heart_failure,Alcohol: 1-2/week,0.05565512,7
Cardiovascular,Heart_failure,Skin tanning: Get moderately tanned,0.05539511,8
Cardiovascular,Heart_failure,Get up: Fairly easy,0.053297393,9
Cardiovascular,Heart_failure,Days/week of walk 10+ mins,0.05211178,10
Cardiovascular,Heart_failure,Mobile use vs 2yrs: More now,0.051859066,11
Cardiovascular,Heart_failure,Father: Heart disease,0.05165139,12
Cardiovascular,Heart_failure,Processed meat: <1/week,0.051284764,13
Cardiovascular,Heart_failure,Bread intake,0.050270937,14
Cardiovascular,Heart_failure,Stair climbing: 1-5 times,0.049432326,15
Cardiovascular,Heart_failure,Stair climbing: 6-10 times,0.049216013,16
Cardiovascular,Heart_failure,Past smoking: Never,0.04836441,17
Cardiovascular,Heart_failure,Cooked vegetable intake,0.047678225,18
Cardiovascular,Heart_failure,Processed meat: 2-4/week,0.04746471,19
Cardiovascular,Heart_failure,Mother: Heart disease,0.04373155,20
Cardiovascular,Heart_failure,Cereal intake,0.03996372,21
Cardiovascular,Heart_failure,Coffee intake,0.039624844,22
Cardiovascular,Heart_failure,Facial ageing: Younger than you are,0.03901374,23
Cardiovascular,Heart_failure,Insomnia: Usually,0.038696803,24
Cardiovascular,Heart_failure,Days/week of moderate physical activity,0.038278572,25
Cardiovascular,Coronary_heart_disease_not_otherwise_specified,Father: Heart disease,0.13427709,1
Cardiovascular,Coronary_heart_disease_not_otherwise_specified,Tea intake,0.11392058,2
Cardiovascular,Coronary_heart_disease_not_otherwise_specified,Mother: Heart disease,0.11380764,3
Cardiovascular,Coronary_heart_disease_not_otherwise_specified,Walking pace: Brisk,0.106981054,4
Cardiovascular,Coronary_heart_disease_not_otherwise_specified,Diet change: No,0.09702496,5
Cardiovascular,Coronary_heart_disease_not_otherwise_specified,Spread: Butter,0.08650936,6
Cardiovascular,Coronary_heart_disease_not_otherwise_specified,Days/week of walk 10+ mins,0.0815351,7
Cardiovascular,Coronary_heart_disease_not_otherwise_specified,Cheese: 2-4/week,0.081329614,8
Cardiovascular,Coronary_heart_disease_not_otherwise_specified,Diet change: Yes (other),0.072539784,9
Cardiovascular,Coronary_heart_disease_not_otherwise_specified,Stair climbing: 6-10 times,0.07128615,10
Cardiovascular,Coronary_heart_disease_not_otherwise_specified,Cooked vegetable intake,0.07051757,11
Cardiovascular,Coronary_heart_disease_not_otherwise_specified,Time spent outdoors in summer,0.06863052,12
Cardiovascular,Coronary_heart_disease_not_otherwise_specified,Daytime dozing: Never/rarely,0.068506405,13
Cardiovascular,Coronary_heart_disease_not_otherwise_specified,Processed meat: <1/week,0.06797044,14
Cardiovascular,Coronary_heart_disease_not_otherwise_specified,Diet change: Yes (illness),0.063707456,15
Cardiovascular,Coronary_heart_disease_not_otherwise_specified,Time spent outdoors in winter,0.063111566,16
Cardiovascular,Coronary_heart_disease_not_otherwise_specified,Lamb/mutton: <1/week,0.06202686,17
Cardiovascular,Coronary_heart_disease_not_otherwise_specified,Smoking: Previous,0.06128837,18
Cardiovascular,Coronary_heart_disease_not_otherwise_specified,Walking pace: Slow,0.060626287,19
Cardiovascular,Coronary_heart_disease_not_otherwise_specified,Processed meat: 1/week,0.059422627,20
Cardiovascular,Coronary_heart_disease_not_otherwise_specified,Bread: White,0.059043787,21
Cardiovascular,Coronary_heart_disease_not_otherwise_specified,Mobile hand: Right,0.057231512,22
Cardiovascular,Coronary_heart_disease_not_otherwise_specified,Hair colour: Light brown,0.055857252,23
Cardiovascular,Coronary_heart_disease_not_otherwise_specified,Past smoking: Most/all days,0.05552449,24
Cardiovascular,Coronary_heart_disease_not_otherwise_specified,Walking pace: Steady/average,0.05455816,25
Cardiovascular,Pulmonary_embolism,Cereal intake,0.035697915,1
Cardiovascular,Pulmonary_embolism,Coffee intake,0.029638007,2
Cardiovascular,Pulmonary_embolism,Days/week of walk 10+ mins,0.02886667,3
Cardiovascular,Pulmonary_embolism,Age first had sexual intercourse,0.028771147,4
Cardiovascular,Pulmonary_embolism,Drive faster than limit: Never/rarely,0.027158389,5
Cardiovascular,Pulmonary_embolism,Salt added: Never/rarely,0.024930906,6
Cardiovascular,Pulmonary_embolism,Days/week of moderate physical activity,0.024417007,7
Cardiovascular,Pulmonary_embolism,Water intake,0.024176933,8
Cardiovascular,Pulmonary_embolism,Days/week of vigorous physical activity,0.024067698,9
Cardiovascular,Pulmonary_embolism,Bread intake,0.023953944,10
Cardiovascular,Pulmonary_embolism,Tea intake,0.023753744,11
Cardiovascular,Pulmonary_embolism,Time spent using computer,0.023569606,12
Cardiovascular,Pulmonary_embolism,Time spent outdoors in winter,0.023430623,13
Cardiovascular,Pulmonary_embolism,Diet variation: Never/rarely,0.023156578,14
Cardiovascular,Pulmonary_embolism,Sun protection: Most times,0.022257036,15
Cardiovascular,Pulmonary_embolism,Drive faster: Sometimes,0.022227254,16
Cardiovascular,Pulmonary_embolism,Time spent watching TV,0.022046017,17
Cardiovascular,Pulmonary_embolism,Ever smoked: Yes,0.021530153,18
Cardiovascular,Pulmonary_embolism,Hair colour: Light brown,0.021443892,19
Cardiovascular,Pulmonary_embolism,Spread: Other margarine,0.021182185,20
Cardiovascular,Pulmonary_embolism,Fresh fruit intake,0.020475674,21
Cardiovascular,Pulmonary_embolism,Sleep duration,0.020403383,22
Cardiovascular,Pulmonary_embolism,Mobile use vs 2yrs: No,0.020371003,23
Cardiovascular,Pulmonary_embolism,Dried fruit intake,0.019810345,24
Cardiovascular,Pulmonary_embolism,Time spent outdoors in summer,0.01965964,25
Cardiovascular,Peripheral_arterial_disease,Walking pace: Brisk,0.2504621,1
Cardiovascular,Peripheral_arterial_disease,Age first had sexual intercourse,0.14667015,2
Cardiovascular,Peripheral_arterial_disease,Walking pace: Steady/average,0.14536951,3
Cardiovascular,Peripheral_arterial_disease,Time spent using computer,0.13101456,4
Cardiovascular,Peripheral_arterial_disease,Walking pace: Slow,0.12578668,5
Cardiovascular,Peripheral_arterial_disease,Diet change: No,0.124846585,6
Cardiovascular,Peripheral_arterial_disease,Past smoking: Occasional,0.12237897,7
Cardiovascular,Peripheral_arterial_disease,Days/week of vigorous physical activity,0.11406304,8
Cardiovascular,Peripheral_arterial_disease,Coffee intake,0.11221513,9
Cardiovascular,Peripheral_arterial_disease,Insomnia: Sometimes,0.10975242,10
Cardiovascular,Peripheral_arterial_disease,Smoking: Never,0.109173946,11
Cardiovascular,Peripheral_arterial_disease,Diet change: Yes (illness),0.105467826,12
Cardiovascular,Peripheral_arterial_disease,Alcohol vs 10yrs ago: More now,0.10273688,13
Cardiovascular,Peripheral_arterial_disease,Time spent outdoors in summer,0.10166912,14
Cardiovascular,Peripheral_arterial_disease,Poultry: 2-4/week,0.09393032,15
Cardiovascular,Peripheral_arterial_disease,Pork: <1/week,0.09341967,16
Cardiovascular,Peripheral_arterial_disease,Father: Heart disease,0.09294765,17
Cardiovascular,Peripheral_arterial_disease,Days/week of moderate physical activity,0.091830835,18
Cardiovascular,Peripheral_arterial_disease,Cereal intake,0.08890394,19
Cardiovascular,Peripheral_arterial_disease,Drive faster: Sometimes,0.08781431,20
Cardiovascular,Peripheral_arterial_disease,Cereal: Oat (Porridge),0.08755307,21
Cardiovascular,Peripheral_arterial_disease,Non-oily fish: 1/week,0.08699493,22
Cardiovascular,Peripheral_arterial_disease,Past smoking: Never,0.086694136,23
Cardiovascular,Peripheral_arterial_disease,Ever smoked: No,0.08343506,24
Cardiovascular,Peripheral_arterial_disease,Tea intake,0.08176488,25
Cardiovascular,Primary_pulmonary_hypertension,Walking pace: Brisk,0.1869266,1
Cardiovascular,Primary_pulmonary_hypertension,Time spent outdoors in summer,0.18201394,2
Cardiovascular,Primary_pulmonary_hypertension,Facial ageing: Younger than you are,0.16907161,3
Cardiovascular,Primary_pulmonary_hypertension,Insomnia: Sometimes,0.1248207,4
Cardiovascular,Primary_pulmonary_hypertension,Chronotype: More evening,0.11590859,5
Cardiovascular,Primary_pulmonary_hypertension,Poultry: 2-4/week,0.112443596,6
Cardiovascular,Primary_pulmonary_hypertension,Mother: High blood pressure,0.10944883,7
Cardiovascular,Primary_pulmonary_hypertension,Days/week of moderate physical activity,0.102858834,8
Cardiovascular,Primary_pulmonary_hypertension,Salt added: Never/rarely,0.10025928,9
Cardiovascular,Primary_pulmonary_hypertension,Duration of walks,0.09963621,10
Cardiovascular,Primary_pulmonary_hypertension,Cooked vegetable intake,0.0981138,11
Cardiovascular,Primary_pulmonary_hypertension,Mobile use: More than eight years,0.09400746,12
Cardiovascular,Primary_pulmonary_hypertension,Coffee intake,0.08996679,13
Cardiovascular,Primary_pulmonary_hypertension,Bread intake,0.08915876,14
Cardiovascular,Primary_pulmonary_hypertension,Drive faster than limit: Never/rarely,0.08695834,15
Cardiovascular,Primary_pulmonary_hypertension,Diet variation: Never/rarely,0.08603781,16
Cardiovascular,Primary_pulmonary_hypertension,Bread: Wholemeal,0.085413106,17
Cardiovascular,Primary_pulmonary_hypertension,Days/week of walk 10+ mins,0.08472473,18
Cardiovascular,Primary_pulmonary_hypertension,Time spent outdoors in winter,0.08321008,19
Cardiovascular,Primary_pulmonary_hypertension,Alcohol vs 10yrs ago: Less now,0.079615444,20
Cardiovascular,Primary_pulmonary_hypertension,Insomnia: Usually,0.078517124,21
Cardiovascular,Primary_pulmonary_hypertension,Milk: Semi-skimmed,0.07819141,22
Cardiovascular,Primary_pulmonary_hypertension,Skin colour: Fair,0.07718974,23
Cardiovascular,Primary_pulmonary_hypertension,Sleep duration,0.07535843,24
Cardiovascular,Primary_pulmonary_hypertension,Days/week of vigorous physical activity,0.07366135,25
Cardiovascular,Raynaud_syndrome,Time spent outdoors in summer,0.10333321,1
Cardiovascular,Raynaud_syndrome,Bread intake,0.10198003,2
Cardiovascular,Raynaud_syndrome,Time spent using computer,0.10144682,3
Cardiovascular,Raynaud_syndrome,Time spent watching TV,0.0974284,4
Cardiovascular,Raynaud_syndrome,Cereal intake,0.08233665,5
Cardiovascular,Raynaud_syndrome,Coffee intake,0.081345305,6
Cardiovascular,Raynaud_syndrome,Beef: <1/week,0.080219895,7
Cardiovascular,Raynaud_syndrome,Walking pace: Brisk,0.079552166,8
Cardiovascular,Raynaud_syndrome,Days/week of walk 10+ mins,0.0757534,9
Cardiovascular,Raynaud_syndrome,Milk: Semi-skimmed,0.07461225,10
Cardiovascular,Raynaud_syndrome,Hair colour: Dark brown,0.07351075,11
Cardiovascular,Raynaud_syndrome,Raw vegetable intake,0.072752446,12
Cardiovascular,Raynaud_syndrome,Snoring: Yes,0.07070632,13
Cardiovascular,Raynaud_syndrome,Days/week of vigorous physical activity,0.069870375,14
Cardiovascular,Raynaud_syndrome,Salt added: Never/rarely,0.06685696,15
Cardiovascular,Raynaud_syndrome,Drive faster: Sometimes,0.061571456,16
Cardiovascular,Raynaud_syndrome,Alcohol vs 10yrs ago: Less now,0.06116813,17
Cardiovascular,Raynaud_syndrome,Oily fish: <1/week,0.060442317,18
Cardiovascular,Raynaud_syndrome,Age first had sexual intercourse,0.058858275,19
Cardiovascular,Raynaud_syndrome,Pork: <1/week,0.057864677,20
Cardiovascular,Raynaud_syndrome,Fresh fruit intake,0.057799704,21
Cardiovascular,Raynaud_syndrome,Sleep duration,0.057742134,22
Cardiovascular,Raynaud_syndrome,Facial ageing: Younger than you are,0.05653369,23
Cardiovascular,Raynaud_syndrome,Water intake,0.05604552,24
Cardiovascular,Raynaud_syndrome,Poultry: 1/week,0.055845838,25
Cardiovascular,Right_bundle_branch_block,Time spent watching TV,0.14198226,1
Cardiovascular,Right_bundle_branch_block,Tea intake,0.12208893,2
Cardiovascular,Right_bundle_branch_block,Time spent outdoors in summer,0.10765674,3
Cardiovascular,Right_bundle_branch_block,Smoking: Never,0.102376446,4
Cardiovascular,Right_bundle_branch_block,Fresh fruit intake,0.08476296,5
Cardiovascular,Right_bundle_branch_block,Mobile use: More than eight years,0.08333801,6
Cardiovascular,Right_bundle_branch_block,Time spent using computer,0.07782012,7
Cardiovascular,Right_bundle_branch_block,Alcohol vs 10yrs ago: About the same,0.07758842,8
Cardiovascular,Right_bundle_branch_block,Water intake,0.07646372,9
Cardiovascular,Right_bundle_branch_block,Bread intake,0.076103866,10
Cardiovascular,Right_bundle_branch_block,Days/week of vigorous physical activity,0.0736971,11
Cardiovascular,Right_bundle_branch_block,Smoking: Previous,0.0727521,12
Cardiovascular,Right_bundle_branch_block,Mother: High blood pressure,0.06976878,13
Cardiovascular,Right_bundle_branch_block,Duration of walks,0.06799524,14
Cardiovascular,Right_bundle_branch_block,Non-oily fish: 1/week,0.067146,15
Cardiovascular,Right_bundle_branch_block,Sleep duration,0.06673916,16
Cardiovascular,Right_bundle_branch_block,Time spent outdoors in winter,0.06649337,17
Cardiovascular,Right_bundle_branch_block,Past smoking: Never,0.06562782,18
Cardiovascular,Right_bundle_branch_block,Diet change: Yes (other),0.065506905,19
Cardiovascular,Right_bundle_branch_block,Sun protection: Most times,0.06396104,20
Cardiovascular,Right_bundle_branch_block,Hair colour: Dark brown,0.06340356,21
Cardiovascular,Right_bundle_branch_block,Coffee intake,0.060865786,22
Cardiovascular,Right_bundle_branch_block,Diet variation: Sometimes,0.05974919,23
Cardiovascular,Right_bundle_branch_block,Mobile freq: 5-29 mins,0.0581636,24
Cardiovascular,Right_bundle_branch_block,Walking pace: Steady/average,0.05808233,25
Cardiovascular,Stable_angina,Mother: Heart disease,0.15577993,1
Cardiovascular,Stable_angina,Father: Heart disease,0.14657257,2
Cardiovascular,Stable_angina,Walking pace: Brisk,0.13393833,3
Cardiovascular,Stable_angina,Days/week of moderate physical activity,0.11253165,4
Cardiovascular,Stable_angina,Time spent watching TV,0.11050124,5
Cardiovascular,Stable_angina,Diet change: No,0.10532621,6
Cardiovascular,Stable_angina,Diet change: Yes (illness),0.09439062,7
Cardiovascular,Stable_angina,Daytime nap: Never/rarely,0.088694304,8
Cardiovascular,Stable_angina,Skin tanning: Get very tanned,0.08780379,9
Cardiovascular,Stable_angina,Dried fruit intake,0.072684824,10
Cardiovascular,Stable_angina,Days/week of vigorous physical activity,0.07001182,11
Cardiovascular,Stable_angina,Ever smoked: Yes,0.06838412,12
Cardiovascular,Stable_angina,Cheese: <1/week,0.06534294,13
Cardiovascular,Stable_angina,Get up: Very easy,0.06430919,14
Cardiovascular,Stable_angina,Mother: High blood pressure,0.06132031,15
Cardiovascular,Stable_angina,Duration of walks,0.05999845,16
Cardiovascular,Stable_angina,Mobile use: Five to eight years,0.058146335,17
Cardiovascular,Stable_angina,Time spent outdoors in winter,0.05789906,18
Cardiovascular,Stable_angina,Smoking: Never,0.057392605,19
Cardiovascular,Stable_angina,Time spent outdoors in summer,0.056749433,20
Cardiovascular,Stable_angina,Snoring: Yes,0.053958472,21
Cardiovascular,Stable_angina,Days/week of walk 10+ mins,0.053787988,22
Cardiovascular,Stable_angina,Daytime dozing: Never/rarely,0.053701643,23
Cardiovascular,Stable_angina,Insomnia: Usually,0.053184856,24
Cardiovascular,Stable_angina,Fresh fruit intake,0.05312245,25
Cardiovascular,Supraventricular_tachycardia,Time spent watching TV,0.051243257,1
Cardiovascular,Supraventricular_tachycardia,Days/week of vigorous physical activity,0.048361417,2
Cardiovascular,Supraventricular_tachycardia,Duration of walks,0.042699642,3
Cardiovascular,Supraventricular_tachycardia,Smoking: Previous,0.036107905,4
Cardiovascular,Supraventricular_tachycardia,Cooked vegetable intake,0.034211505,5
Cardiovascular,Supraventricular_tachycardia,Hair colour: Dark brown,0.0334179,6
Cardiovascular,Supraventricular_tachycardia,Days/week of walk 10+ mins,0.03238768,7
Cardiovascular,Supraventricular_tachycardia,Cereal intake,0.03213166,8
Cardiovascular,Supraventricular_tachycardia,Ever smoked: Yes,0.03151586,9
Cardiovascular,Supraventricular_tachycardia,Water intake,0.03142719,10
Cardiovascular,Supraventricular_tachycardia,Coffee intake,0.031092912,11
Cardiovascular,Supraventricular_tachycardia,Get up: Fairly easy,0.031077495,12
Cardiovascular,Supraventricular_tachycardia,Time spent outdoors in summer,0.029789843,13
Cardiovascular,Supraventricular_tachycardia,Sleep duration,0.02940629,14
Cardiovascular,Supraventricular_tachycardia,Bread intake,0.02897356,15
Cardiovascular,Supraventricular_tachycardia,Tea intake,0.026692964,16
Cardiovascular,Supraventricular_tachycardia,Days/week of moderate physical activity,0.026587391,17
Cardiovascular,Supraventricular_tachycardia,Salt added: Never/rarely,0.026577447,18
Cardiovascular,Supraventricular_tachycardia,Milk: Semi-skimmed,0.026438966,19
Cardiovascular,Supraventricular_tachycardia,Sun protection: Most times,0.025561988,20
Cardiovascular,Supraventricular_tachycardia,Mobile hand: Left,0.024558159,21
Cardiovascular,Supraventricular_tachycardia,Fresh fruit intake,0.024551257,22
Cardiovascular,Supraventricular_tachycardia,Spread: Butter,0.024349386,23
Cardiovascular,Supraventricular_tachycardia,Time spent driving,0.023927448,24
Cardiovascular,Supraventricular_tachycardia,Age first had sexual intercourse,0.023691893,25
Cardiovascular,Transient_ischaemic_attack,Days/week of moderate physical activity,0.027645528,1
Cardiovascular,Transient_ischaemic_attack,Daytime nap: Never/rarely,0.021379605,2
Cardiovascular,Transient_ischaemic_attack,Time spent outdoors in summer,0.021100432,3
Cardiovascular,Transient_ischaemic_attack,Time spent watching TV,0.019208632,4
Cardiovascular,Transient_ischaemic_attack,Coffee intake,0.016271723,5
Cardiovascular,Transient_ischaemic_attack,Days/week of vigorous physical activity,0.016179435,6
Cardiovascular,Transient_ischaemic_attack,Raw vegetable intake,0.014263876,7
Cardiovascular,Transient_ischaemic_attack,Insomnia: Sometimes,0.014147705,8
Cardiovascular,Transient_ischaemic_attack,Dried fruit intake,0.014116439,9
Cardiovascular,Transient_ischaemic_attack,Daytime nap: Sometimes,0.014108943,10
Cardiovascular,Transient_ischaemic_attack,Ever smoked: No,0.013743025,11
Cardiovascular,Transient_ischaemic_attack,Cereal intake,0.013154083,12
Cardiovascular,Transient_ischaemic_attack,Chronotype: More morning,0.012687819,13
Cardiovascular,Transient_ischaemic_attack,Snoring: Yes,0.012600168,14
Cardiovascular,Transient_ischaemic_attack,Walking pace: Steady/average,0.012574714,15
Cardiovascular,Transient_ischaemic_attack,Walking pace: Brisk,0.012540183,16
Cardiovascular,Transient_ischaemic_attack,Bread: Wholemeal,0.012519014,17
Cardiovascular,Transient_ischaemic_attack,Days/week of walk 10+ mins,0.012354048,18
Cardiovascular,Transient_ischaemic_attack,Water intake,0.011890893,19
Cardiovascular,Transient_ischaemic_attack,Time spent using computer,0.011847115,20
Cardiovascular,Transient_ischaemic_attack,Smoking: Previous,0.01156581,21
Cardiovascular,Transient_ischaemic_attack,Bread intake,0.011405196,22
Cardiovascular,Transient_ischaemic_attack,Insomnia: Usually,0.011264434,23
Cardiovascular,Transient_ischaemic_attack,Milk: Semi-skimmed,0.011068584,24
Cardiovascular,Transient_ischaemic_attack,Smoking: Never,0.011063824,25
Cardiovascular,Unstable_Angina,Bread intake,0.03256358,1
Cardiovascular,Unstable_Angina,Time spent watching TV,0.031880233,2
Cardiovascular,Unstable_Angina,Time spent outdoors in winter,0.031569377,3
Cardiovascular,Unstable_Angina,Water intake,0.031233573,4
Cardiovascular,Unstable_Angina,Days/week of walk 10+ mins,0.029478114,5
Cardiovascular,Unstable_Angina,Insomnia: Sometimes,0.029449929,6
Cardiovascular,Unstable_Angina,Cereal intake,0.027946232,7
Cardiovascular,Unstable_Angina,Salt added: Sometimes,0.027385222,8
Cardiovascular,Unstable_Angina,Time spent driving,0.026877629,9
Cardiovascular,Unstable_Angina,Fresh fruit intake,0.026784707,10
Cardiovascular,Unstable_Angina,Duration of walks,0.02662819,11
Cardiovascular,Unstable_Angina,Tea intake,0.026520185,12
Cardiovascular,Unstable_Angina,Daytime nap: Never/rarely,0.025458094,13
Cardiovascular,Unstable_Angina,Ever smoked: Yes,0.025410926,14
Cardiovascular,Unstable_Angina,Days/week of moderate physical activity,0.02507961,15
Cardiovascular,Unstable_Angina,Daytime nap: Sometimes,0.02506917,16
Cardiovascular,Unstable_Angina,Past smoking: Never,0.024943924,17
Cardiovascular,Unstable_Angina,Poultry: 2-4/week,0.024722487,18
Cardiovascular,Unstable_Angina,Coffee intake,0.024622394,19
Cardiovascular,Unstable_Angina,Facial ageing: Younger than you are,0.024396613,20
Cardiovascular,Unstable_Angina,Time spent outdoors in summer,0.023548795,21
Cardiovascular,Unstable_Angina,Diet change: No,0.02325444,22
Cardiovascular,Unstable_Angina,Days/week of vigorous physical activity,0.023203472,23
Cardiovascular,Unstable_Angina,Sleep duration,0.023180455,24
Cardiovascular,Unstable_Angina,Father: Heart disease,0.022906872,25
Cardiovascular,Venous_thromboembolic_disease,Time spent outdoors in summer,0.076715566,1
Cardiovascular,Venous_thromboembolic_disease,Time spent watching TV,0.07243936,2
Cardiovascular,Venous_thromboembolic_disease,Mother: High blood pressure,0.068953365,3
Cardiovascular,Venous_thromboembolic_disease,Time spent using computer,0.061455112,4
Cardiovascular,Venous_thromboembolic_disease,Non-oily fish: <1/week,0.056395303,5
Cardiovascular,Venous_thromboembolic_disease,Days/week of walk 10+ mins,0.05596642,6
Cardiovascular,Venous_thromboembolic_disease,Diet change: No,0.049338646,7
Cardiovascular,Venous_thromboembolic_disease,Past smoking: Never,0.048315976,8
Cardiovascular,Venous_thromboembolic_disease,Fresh fruit intake,0.046548028,9
Cardiovascular,Venous_thromboembolic_disease,Bread intake,0.045579772,10
Cardiovascular,Venous_thromboembolic_disease,Water intake,0.045175165,11
Cardiovascular,Venous_thromboembolic_disease,Days/week of vigorous physical activity,0.045109354,12
Cardiovascular,Venous_thromboembolic_disease,Salt added: Sometimes,0.04347701,13
Cardiovascular,Venous_thromboembolic_disease,Ever smoked: No,0.04166987,14
Cardiovascular,Venous_thromboembolic_disease,Facial ageing: Younger than you are,0.040897287,15
Cardiovascular,Venous_thromboembolic_disease,Cooked vegetable intake,0.040457364,16
Cardiovascular,Venous_thromboembolic_disease,Cereal intake,0.03914344,17
Cardiovascular,Venous_thromboembolic_disease,Daytime nap: Never/rarely,0.038539026,18
Cardiovascular,Venous_thromboembolic_disease,Hair colour: Light brown,0.037161957,19
Cardiovascular,Venous_thromboembolic_disease,Time spent outdoors in winter,0.03668791,20
Cardiovascular,Venous_thromboembolic_disease,Mobile use: More than eight years,0.036189936,21
Cardiovascular,Venous_thromboembolic_disease,Poultry: 1/week,0.035696562,22
Cardiovascular,Venous_thromboembolic_disease,Snoring: Yes,0.03491701,23
Cardiovascular,Venous_thromboembolic_disease,Skin colour: Fair,0.03471947,24
Cardiovascular,Venous_thromboembolic_disease,Bread: Wholemeal,0.033350807,25
Digestive,Peptic_ulcer_disease,Time spent watching TV,0.065182574,1
Digestive,Peptic_ulcer_disease,Cereal intake,0.053199925,2
Digestive,Peptic_ulcer_disease,Bread intake,0.051511914,3
Digestive,Peptic_ulcer_disease,Water intake,0.049836412,4
Digestive,Peptic_ulcer_disease,Smoking: Never,0.04733402,5
Digestive,Peptic_ulcer_disease,Days/week of vigorous physical activity,0.04181398,6
Digestive,Peptic_ulcer_disease,Bread: Wholemeal,0.03903522,7
Digestive,Peptic_ulcer_disease,Tea intake,0.03854867,8
Digestive,Peptic_ulcer_disease,Days/week of moderate physical activity,0.038206648,9
Digestive,Peptic_ulcer_disease,Daytime nap: Sometimes,0.0370136,10
Digestive,Peptic_ulcer_disease,Time spent driving,0.03624904,11
Digestive,Peptic_ulcer_disease,Oily fish: 1/week,0.036123276,12
Digestive,Peptic_ulcer_disease,Diet variation: Never/rarely,0.03490781,13
Digestive,Peptic_ulcer_disease,Time spent outdoors in summer,0.0346138,14
Digestive,Peptic_ulcer_disease,Walking pace: Brisk,0.034219358,15
Digestive,Peptic_ulcer_disease,Drive faster: Sometimes,0.03237768,16
Digestive,Peptic_ulcer_disease,Days/week of walk 10+ mins,0.031702515,17
Digestive,Peptic_ulcer_disease,Coffee intake,0.031038746,18
Digestive,Peptic_ulcer_disease,Non-oily fish: <1/week,0.03098091,19
Digestive,Peptic_ulcer_disease,Cereal: Biscuit (Weetabix),0.030384673,20
Digestive,Peptic_ulcer_disease,Mother: High blood pressure,0.029694393,21
Digestive,Peptic_ulcer_disease,Salt added: Never/rarely,0.029611256,22
Digestive,Peptic_ulcer_disease,Poultry: 1/week,0.028530542,23
Digestive,Peptic_ulcer_disease,Stair climbing: 6-10 times,0.028150037,24
Digestive,Peptic_ulcer_disease,Ever smoked: No,0.027853819,25
Digestive,Oesophagitis_and_oesophageal_ulcer,Water intake,0.16149396,1
Digestive,Oesophagitis_and_oesophageal_ulcer,Insomnia: Usually,0.1359286,2
Digestive,Oesophagitis_and_oesophageal_ulcer,Time spent watching TV,0.122574076,3
Digestive,Oesophagitis_and_oesophageal_ulcer,Time spent outdoors in summer,0.1184638,4
Digestive,Oesophagitis_and_oesophageal_ulcer,Raw vegetable intake,0.11498018,5
Digestive,Oesophagitis_and_oesophageal_ulcer,Cheese: <1/week,0.10955889,6
Digestive,Oesophagitis_and_oesophageal_ulcer,Skin colour: Fair,0.10832109,7
Digestive,Oesophagitis_and_oesophageal_ulcer,Days/week of vigorous physical activity,0.10775978,8
Digestive,Oesophagitis_and_oesophageal_ulcer,Coffee intake,0.104926705,9
Digestive,Oesophagitis_and_oesophageal_ulcer,Hot drink temp: Hot,0.09722333,10
Digestive,Oesophagitis_and_oesophageal_ulcer,Cereal intake,0.09623314,11
Digestive,Oesophagitis_and_oesophageal_ulcer,Bread intake,0.090282865,12
Digestive,Oesophagitis_and_oesophageal_ulcer,Chronotype: More morning,0.087446555,13
Digestive,Oesophagitis_and_oesophageal_ulcer,Non-oily fish: 1/week,0.0855694,14
Digestive,Oesophagitis_and_oesophageal_ulcer,Facial ageing: Younger than you are,0.08269665,15
Digestive,Oesophagitis_and_oesophageal_ulcer,Diet change: No,0.08182107,16
Digestive,Oesophagitis_and_oesophageal_ulcer,Days/week of walk 10+ mins,0.07837136,17
Digestive,Oesophagitis_and_oesophageal_ulcer,Duration of walks,0.07798964,18
Digestive,Oesophagitis_and_oesophageal_ulcer,Time spent using computer,0.07780019,19
Digestive,Oesophagitis_and_oesophageal_ulcer,Mobile hand: Right,0.076282375,20
Digestive,Oesophagitis_and_oesophageal_ulcer,Salt added: Never/rarely,0.07584992,21
Digestive,Oesophagitis_and_oesophageal_ulcer,Sun protection: Most times,0.07293658,22
Digestive,Oesophagitis_and_oesophageal_ulcer,Insomnia: Sometimes,0.0724072,23
Digestive,Oesophagitis_and_oesophageal_ulcer,Skin tanning: Get very tanned,0.07072256,24
Digestive,Oesophagitis_and_oesophageal_ulcer,Smoking: Never,0.070582606,25
Digestive,Irritable_bowel_syndrome,Drive faster than limit: Never/rarely,0.10521142,1
Digestive,Irritable_bowel_syndrome,Days/week of moderate physical activity,0.10148458,2
Digestive,Irritable_bowel_syndrome,Walking pace: Brisk,0.0863399,3
Digestive,Irritable_bowel_syndrome,Coffee intake,0.08153265,4
Digestive,Irritable_bowel_syndrome,Sleep duration,0.07689543,5
Digestive,Irritable_bowel_syndrome,Diet change: No,0.07683362,6
Digestive,Irritable_bowel_syndrome,Insomnia: Sometimes,0.074632235,7
Digestive,Irritable_bowel_syndrome,Water intake,0.07392875,8
Digestive,Irritable_bowel_syndrome,Time spent outdoors in winter,0.072356574,9
Digestive,Irritable_bowel_syndrome,Time spent watching TV,0.07054539,10
Digestive,Irritable_bowel_syndrome,Cheese: 2-4/week,0.065611735,11
Digestive,Irritable_bowel_syndrome,Stair climbing: 6-10 times,0.065258935,12
Digestive,Irritable_bowel_syndrome,Diet change: Yes (other),0.06485676,13
Digestive,Irritable_bowel_syndrome,Bread: White,0.064046875,14
Digestive,Irritable_bowel_syndrome,Insomnia: Never/rarely,0.06377374,15
Digestive,Irritable_bowel_syndrome,Days/week of walk 10+ mins,0.06093764,16
Digestive,Irritable_bowel_syndrome,Chronotype: More evening,0.060526475,17
Digestive,Irritable_bowel_syndrome,Age first had sexual intercourse,0.059764124,18
Digestive,Irritable_bowel_syndrome,Bread: Wholemeal,0.057560943,19
Digestive,Irritable_bowel_syndrome,Days/week of vigorous physical activity,0.055372454,20
Digestive,Irritable_bowel_syndrome,Insomnia: Usually,0.05532973,21
Digestive,Irritable_bowel_syndrome,Cereal intake,0.054080937,22
Digestive,Irritable_bowel_syndrome,Time spent using computer,0.05320803,23
Digestive,Irritable_bowel_syndrome,Mother: High blood pressure,0.053184874,24
Digestive,Irritable_bowel_syndrome,Alcohol: 3-4/week,0.052648865,25
Digestive,Fatty_Liver,Days/week of moderate physical activity,0.057547938,1
Digestive,Fatty_Liver,Cereal intake,0.040843837,2
Digestive,Fatty_Liver,Time spent driving,0.04038558,3
Digestive,Fatty_Liver,Water intake,0.040234372,4
Digestive,Fatty_Liver,Diet change: Yes (other),0.037742946,5
Digestive,Fatty_Liver,Alcohol vs 10yrs ago: Less now,0.036588185,6
Digestive,Fatty_Liver,Days/week of walk 10+ mins,0.03616866,7
Digestive,Fatty_Liver,Smoking: Never,0.033311393,8
Digestive,Fatty_Liver,Bread intake,0.032337677,9
Digestive,Fatty_Liver,Non-oily fish: 1/week,0.031787176,10
Digestive,Fatty_Liver,Time spent outdoors in winter,0.030859122,11
Digestive,Fatty_Liver,Daytime nap: Never/rarely,0.030651191,12
Digestive,Fatty_Liver,Sleep duration,0.030625777,13
Digestive,Fatty_Liver,Duration of walks,0.029298546,14
Digestive,Fatty_Liver,Time spent watching TV,0.028979264,15
Digestive,Fatty_Liver,Hands-free use: Never or almost never,0.028798483,16
Digestive,Fatty_Liver,Time spent outdoors in summer,0.028577227,17
Digestive,Fatty_Liver,Dried fruit intake,0.028213134,18
Digestive,Fatty_Liver,Oily fish: 1/week,0.028093278,19
Digestive,Fatty_Liver,Tea intake,0.028019613,20
Digestive,Fatty_Liver,Coffee intake,0.027530717,21
Digestive,Fatty_Liver,Bread: Wholemeal,0.026233144,22
Digestive,Fatty_Liver,Sun protection: Most times,0.025906969,23
Digestive,Fatty_Liver,Days/week of vigorous physical activity,0.025678018,24
Digestive,Fatty_Liver,Diet change: No,0.025424827,25
Digestive,Diaphragmatic_hernia,Insomnia: Usually,0.14057256,1
Digestive,Diaphragmatic_hernia,Get up: Fairly easy,0.12575889,2
Digestive,Diaphragmatic_hernia,Sun protection: Most times,0.12505493,3
Digestive,Diaphragmatic_hernia,Tea intake,0.11931257,4
Digestive,Diaphragmatic_hernia,Sun protection: Always,0.087633125,5
Digestive,Diaphragmatic_hernia,Stair climbing: 6-10 times,0.08321956,6
Digestive,Diaphragmatic_hernia,Time spent watching TV,0.08191925,7
Digestive,Diaphragmatic_hernia,Smoking: Never,0.079454735,8
Digestive,Diaphragmatic_hernia,Diet change: No,0.071876004,9
Digestive,Diaphragmatic_hernia,Poultry: 1/week,0.0716897,10
Digestive,Diaphragmatic_hernia,Walking pace: Steady/average,0.07144456,11
Digestive,Diaphragmatic_hernia,Insomnia: Never/rarely,0.07137983,12
Digestive,Diaphragmatic_hernia,Smoking: Previous,0.06801968,13
Digestive,Diaphragmatic_hernia,Raw vegetable intake,0.06718575,14
Digestive,Diaphragmatic_hernia,Drive faster than limit: Never/rarely,0.0669227,15
Digestive,Diaphragmatic_hernia,Past smoking: Most/all days,0.06675253,16
Digestive,Diaphragmatic_hernia,Cereal: Oat (Porridge),0.06545824,17
Digestive,Diaphragmatic_hernia,Sleep duration,0.06361947,18
Digestive,Diaphragmatic_hernia,"Skin tanning: Never tan, only burn",0.06196306,19
Digestive,Diaphragmatic_hernia,Chronotype: Definite morning,0.061858624,20
Digestive,Diaphragmatic_hernia,Cheese: <1/week,0.06125199,21
Digestive,Diaphragmatic_hernia,Alcohol: 3-4/week,0.0597922,22
Digestive,Diaphragmatic_hernia,Oily fish: 2-4/week,0.059743423,23
Digestive,Diaphragmatic_hernia,Salt added: Sometimes,0.059199944,24
Digestive,Diaphragmatic_hernia,Time spent driving,0.057174746,25
Digestive,Abdominal_Hernia,Water intake,0.11734539,1
Digestive,Abdominal_Hernia,Bread intake,0.10907215,2
Digestive,Abdominal_Hernia,Days/week of vigorous physical activity,0.09521902,3
Digestive,Abdominal_Hernia,Get up: Fairly easy,0.07806691,4
Digestive,Abdominal_Hernia,Snoring: No,0.06930903,5
Digestive,Abdominal_Hernia,Hair colour: Light brown,0.062448617,6
Digestive,Abdominal_Hernia,Facial ageing: Younger than you are,0.061366227,7
Digestive,Abdominal_Hernia,Cereal intake,0.05941898,8
Digestive,Abdominal_Hernia,Hands-free use: Never or almost never,0.05693977,9
Digestive,Abdominal_Hernia,Sun protection: Sometimes,0.055835076,10
Digestive,Abdominal_Hernia,Beef: <1/week,0.052550424,11
Digestive,Abdominal_Hernia,Bread: White,0.051373247,12
Digestive,Abdominal_Hernia,Daytime nap: Never/rarely,0.050700385,13
Digestive,Abdominal_Hernia,Daytime nap: Sometimes,0.050402198,14
Digestive,Abdominal_Hernia,Sleep duration,0.04628067,15
Digestive,Abdominal_Hernia,Alcohol vs 10yrs ago: Less now,0.046277292,16
Digestive,Abdominal_Hernia,Skin colour: Fair,0.04624364,17
Digestive,Abdominal_Hernia,Mobile hand: Right,0.045497578,18
Digestive,Abdominal_Hernia,Mobile freq: 5-29 mins,0.045089334,19
Digestive,Abdominal_Hernia,Sun protection: Always,0.043898594,20
Digestive,Abdominal_Hernia,Time spent watching TV,0.043550447,21
Digestive,Abdominal_Hernia,Facial ageing: About your age,0.04289059,22
Digestive,Abdominal_Hernia,Alcohol: Daily,0.04168944,23
Digestive,Abdominal_Hernia,Lamb/mutton: 1/week,0.041205894,24
Digestive,Abdominal_Hernia,Mobile use vs 2yrs: More now,0.04090642,25
Digestive,Anal_fissure,Father: Heart disease,0.05367117,1
Digestive,Anal_fissure,Drive faster: Sometimes,0.050084203,2
Digestive,Anal_fissure,Tea intake,0.049817838,3
Digestive,Anal_fissure,Time spent watching TV,0.04949938,4
Digestive,Anal_fissure,Cooked vegetable intake,0.04619783,5
Digestive,Anal_fissure,Mobile hand: Right,0.04314217,6
Digestive,Anal_fissure,Spread: Other margarine,0.041986827,7
Digestive,Anal_fissure,Cereal intake,0.041753918,8
Digestive,Anal_fissure,Coffee intake,0.040500347,9
Digestive,Anal_fissure,Smokers in household: No,0.039307866,10
Digestive,Anal_fissure,Pork: <1/week,0.038863227,11
Digestive,Anal_fissure,Sleep duration,0.038135506,12
Digestive,Anal_fissure,Processed meat: 1/week,0.036979467,13
Digestive,Anal_fissure,Days/week of moderate physical activity,0.036754772,14
Digestive,Anal_fissure,Days/week of walk 10+ mins,0.033971522,15
Digestive,Anal_fissure,Days/week of vigorous physical activity,0.03252179,16
Digestive,Anal_fissure,Mobile use vs 2yrs: No,0.032067154,17
Digestive,Anal_fissure,Stair climbing: 11-15 times,0.031595632,18
Digestive,Anal_fissure,Diet change: Yes (other),0.03136856,19
Digestive,Anal_fissure,Smoking: Previous,0.030719511,20
Digestive,Anal_fissure,Stair climbing: 6-10 times,0.03006519,21
Digestive,Anal_fissure,Processed meat: 2-4/week,0.029896753,22
Digestive,Anal_fissure,Spread: Butter,0.02986944,23
Digestive,Anal_fissure,Walking pace: Steady/average,0.029131427,24
Digestive,Anal_fissure,Time spent outdoors in winter,0.029057097,25
Digestive,Gastro_oesophageal_reflux_disease,Tea intake,0.105582856,1
Digestive,Gastro_oesophageal_reflux_disease,Time spent watching TV,0.10516114,2
Digestive,Gastro_oesophageal_reflux_disease,Insomnia: Never/rarely,0.07370425,3
Digestive,Gastro_oesophageal_reflux_disease,Insomnia: Usually,0.0630827,4
Digestive,Gastro_oesophageal_reflux_disease,Cereal: Oat (Porridge),0.062429838,5
Digestive,Gastro_oesophageal_reflux_disease,Walking pace: Brisk,0.061855897,6
Digestive,Gastro_oesophageal_reflux_disease,Dried fruit intake,0.059693918,7
Digestive,Gastro_oesophageal_reflux_disease,Snoring: Yes,0.05859509,8
Digestive,Gastro_oesophageal_reflux_disease,Bread: Wholemeal,0.05494074,9
Digestive,Gastro_oesophageal_reflux_disease,Duration of walks,0.052003134,10
Digestive,Gastro_oesophageal_reflux_disease,Pork: <1/week,0.051438563,11
Digestive,Gastro_oesophageal_reflux_disease,Age first had sexual intercourse,0.046454694,12
Digestive,Gastro_oesophageal_reflux_disease,Father: Heart disease,0.044815753,13
Digestive,Gastro_oesophageal_reflux_disease,Cereal: Other,0.044768836,14
Digestive,Gastro_oesophageal_reflux_disease,Fresh fruit intake,0.044541646,15
Digestive,Gastro_oesophageal_reflux_disease,Sleep duration,0.04171731,16
Digestive,Gastro_oesophageal_reflux_disease,Snoring: No,0.038652766,17
Digestive,Gastro_oesophageal_reflux_disease,Time spent outdoors in winter,0.038193338,18
Digestive,Gastro_oesophageal_reflux_disease,Poultry: 2-4/week,0.038092665,19
Digestive,Gastro_oesophageal_reflux_disease,Facial ageing: Younger than you are,0.03673744,20
Digestive,Gastro_oesophageal_reflux_disease,Non-oily fish: 1/week,0.03626463,21
Digestive,Gastro_oesophageal_reflux_disease,Days/week of vigorous physical activity,0.035817645,22
Digestive,Gastro_oesophageal_reflux_disease,Cheese: <1/week,0.035171494,23
Digestive,Gastro_oesophageal_reflux_disease,Water intake,0.033546384,24
Digestive,Gastro_oesophageal_reflux_disease,Mother: Heart disease,0.033460848,25
Digestive,Gastritis_and_duodenitis,Tea intake,0.0819948,1
Digestive,Gastritis_and_duodenitis,Time spent watching TV,0.08194153,2
Digestive,Gastritis_and_duodenitis,Insomnia: Usually,0.05923972,3
Digestive,Gastritis_and_duodenitis,Alcohol vs 10yrs ago: About the same,0.053388264,4
Digestive,Gastritis_and_duodenitis,Days/week of walk 10+ mins,0.047936,5
Digestive,Gastritis_and_duodenitis,Smoking: Never,0.040785436,6
Digestive,Gastritis_and_duodenitis,Insomnia: Never/rarely,0.03900484,7
Digestive,Gastritis_and_duodenitis,Sleep duration,0.038848497,8
Digestive,Gastritis_and_duodenitis,Age first had sexual intercourse,0.038051087,9
Digestive,Gastritis_and_duodenitis,Diet change: Yes (illness),0.035670888,10
Digestive,Gastritis_and_duodenitis,Coffee intake,0.034252755,11
Digestive,Gastritis_and_duodenitis,Past smoking: Never,0.03406417,12
Digestive,Gastritis_and_duodenitis,Daytime dozing: Sometimes,0.03398728,13
Digestive,Gastritis_and_duodenitis,Snoring: No,0.03373692,14
Digestive,Gastritis_and_duodenitis,Mobile hand: Left,0.032083243,15
Digestive,Gastritis_and_duodenitis,Past smoking: Most/all days,0.031933654,16
Digestive,Gastritis_and_duodenitis,Time spent using computer,0.031830374,17
Digestive,Gastritis_and_duodenitis,Cooked vegetable intake,0.031234251,18
Digestive,Gastritis_and_duodenitis,Days/week of vigorous physical activity,0.03101522,19
Digestive,Gastritis_and_duodenitis,Snoring: Yes,0.030248366,20
Digestive,Gastritis_and_duodenitis,Cheese: <1/week,0.028887361,21
Digestive,Gastritis_and_duodenitis,Alcohol: 1-2/week,0.028802952,22
Digestive,Gastritis_and_duodenitis,Bread: Wholemeal,0.028377265,23
Digestive,Gastritis_and_duodenitis,Water intake,0.027982438,24
Digestive,Gastritis_and_duodenitis,Daytime dozing: Never/rarely,0.02749052,25
Digestive,Diverticular_disease_of_intestine,Insomnia: Usually,0.05456737,1
Digestive,Diverticular_disease_of_intestine,Smoking: Previous,0.051270332,2
Digestive,Diverticular_disease_of_intestine,Bread: Wholemeal,0.048235312,3
Digestive,Diverticular_disease_of_intestine,Days/week of moderate physical activity,0.04791494,4
Digestive,Diverticular_disease_of_intestine,Smoking: Never,0.043294538,5
Digestive,Diverticular_disease_of_intestine,Time spent watching TV,0.041796695,6
Digestive,Diverticular_disease_of_intestine,Days/week of walk 10+ mins,0.040219318,7
Digestive,Diverticular_disease_of_intestine,Water intake,0.03990247,8
Digestive,Diverticular_disease_of_intestine,Time spent using computer,0.038776066,9
Digestive,Diverticular_disease_of_intestine,Mobile use: More than eight years,0.038073007,10
Digestive,Diverticular_disease_of_intestine,Beef: <1/week,0.037227187,11
Digestive,Diverticular_disease_of_intestine,Bread intake,0.035282873,12
Digestive,Diverticular_disease_of_intestine,Pork: Never,0.034396656,13
Digestive,Diverticular_disease_of_intestine,Pork: <1/week,0.032738578,14
Digestive,Diverticular_disease_of_intestine,Father: Heart disease,0.032193933,15
Digestive,Diverticular_disease_of_intestine,Insomnia: Never/rarely,0.030371735,16
Digestive,Diverticular_disease_of_intestine,Coffee intake,0.029638186,17
Digestive,Diverticular_disease_of_intestine,Ever smoked: No,0.029314937,18
Digestive,Diverticular_disease_of_intestine,Diet variation: Never/rarely,0.029199556,19
Digestive,Diverticular_disease_of_intestine,Days/week of vigorous physical activity,0.02840052,20
Digestive,Diverticular_disease_of_intestine,Raw vegetable intake,0.027769448,21
Digestive,Diverticular_disease_of_intestine,Hair colour: Dark brown,0.02759373,22
Digestive,Diverticular_disease_of_intestine,Alcohol: 1-2/week,0.02750117,23
Digestive,Diverticular_disease_of_intestine,Tea intake,0.026943242,24
Digestive,Diverticular_disease_of_intestine,Daytime dozing: Never/rarely,0.026332742,25
Digestive,Cholelithiasis,Time spent watching TV,0.095438875,1
Digestive,Cholelithiasis,Coffee intake,0.056625746,2
Digestive,Cholelithiasis,Bread intake,0.051092003,3
Digestive,Cholelithiasis,Time spent using computer,0.047624744,4
Digestive,Cholelithiasis,Cooked vegetable intake,0.044823185,5
Digestive,Cholelithiasis,Cereal intake,0.0433645,6
Digestive,Cholelithiasis,Facial ageing: Younger than you are,0.040028352,7
Digestive,Cholelithiasis,Days/week of vigorous physical activity,0.03856801,8
Digestive,Cholelithiasis,Time spent outdoors in summer,0.03724977,9
Digestive,Cholelithiasis,Bread: Wholemeal,0.03605551,10
Digestive,Cholelithiasis,Stair climbing: 11-15 times,0.035300814,11
Digestive,Cholelithiasis,Days/week of walk 10+ mins,0.034949686,12
Digestive,Cholelithiasis,Alcohol: 3-4/week,0.034356643,13
Digestive,Cholelithiasis,Fresh fruit intake,0.033886645,14
Digestive,Cholelithiasis,Smoking: Never,0.032872967,15
Digestive,Cholelithiasis,Time spent driving,0.032810822,16
Digestive,Cholelithiasis,Mobile use vs 2yrs: No,0.0323033,17
Digestive,Cholelithiasis,Age first had sexual intercourse,0.03224295,18
Digestive,Cholelithiasis,Days/week of moderate physical activity,0.03205492,19
Digestive,Cholelithiasis,Mobile freq: Less than 5mins,0.03180663,20
Digestive,Cholelithiasis,Water intake,0.031804614,21
Digestive,Cholelithiasis,Sleep duration,0.031636678,22
Digestive,Cholelithiasis,Walking pace: Brisk,0.030785205,23
Digestive,Cholelithiasis,Diet variation: Sometimes,0.030402647,24
Digestive,Cholelithiasis,Alcohol: Daily,0.030391715,25
Digestive,Cholecystitis,Coffee intake,0.14401065,1
Digestive,Cholecystitis,Non-oily fish: 1/week,0.1305438,2
Digestive,Cholecystitis,Time spent outdoors in winter,0.12147847,3
Digestive,Cholecystitis,Water intake,0.12134069,4
Digestive,Cholecystitis,Beef: 1/week,0.11935293,5
Digestive,Cholecystitis,Spread: Butter,0.114983976,6
Digestive,Cholecystitis,Walking pace: Brisk,0.10815394,7
Digestive,Cholecystitis,Salt added: Sometimes,0.107286,8
Digestive,Cholecystitis,Alcohol vs 10yrs ago: Less now,0.10690492,9
Digestive,Cholecystitis,Drive faster than limit: Never/rarely,0.10321777,10
Digestive,Cholecystitis,Non-oily fish: <1/week,0.10175547,11
Digestive,Cholecystitis,Cereal intake,0.09541391,12
Digestive,Cholecystitis,Alcohol vs 10yrs ago: More now,0.08807076,13
Digestive,Cholecystitis,Time spent driving,0.08729808,14
Digestive,Cholecystitis,Lamb/mutton: <1/week,0.086478725,15
Digestive,Cholecystitis,Drive faster: Sometimes,0.08560117,16
Digestive,Cholecystitis,Age first had sexual intercourse,0.08285686,17
Digestive,Cholecystitis,Pork: <1/week,0.080539025,18
Digestive,Cholecystitis,Duration of walks,0.07996946,19
Digestive,Cholecystitis,Snoring: No,0.079591945,20
Digestive,Cholecystitis,Sleep duration,0.07924829,21
Digestive,Cholecystitis,Time spent outdoors in summer,0.07569399,22
Digestive,Cholecystitis,Days/week of vigorous physical activity,0.07356875,23
Digestive,Cholecystitis,Time spent watching TV,0.073301144,24
Digestive,Cholecystitis,Days/week of walk 10+ mins,0.07126296,25
Digestive,Barrett_oesophagus,Time spent watching TV,0.20398308,1
Digestive,Barrett_oesophagus,Tea intake,0.13788003,2
Digestive,Barrett_oesophagus,Days/week of vigorous physical activity,0.116303116,3
Digestive,Barrett_oesophagus,Walking pace: Brisk,0.111256026,4
Digestive,Barrett_oesophagus,Time spent outdoors in winter,0.108134,5
Digestive,Barrett_oesophagus,Days/week of moderate physical activity,0.101825744,6
Digestive,Barrett_oesophagus,Fresh fruit intake,0.09278563,7
Digestive,Barrett_oesophagus,Drive faster: Sometimes,0.07964738,8
Digestive,Barrett_oesophagus,Insomnia: Usually,0.07942092,9
Digestive,Barrett_oesophagus,Sleep duration,0.07851426,10
Digestive,Barrett_oesophagus,Raw vegetable intake,0.076024406,11
Digestive,Barrett_oesophagus,Hot drink temp: Hot,0.07532639,12
Digestive,Barrett_oesophagus,Facial ageing: Younger than you are,0.07500193,13
Digestive,Barrett_oesophagus,Duration of walks,0.06937063,14
Digestive,Barrett_oesophagus,Bread intake,0.066963084,15
Digestive,Barrett_oesophagus,Daytime nap: Never/rarely,0.066487245,16
Digestive,Barrett_oesophagus,Time spent outdoors in summer,0.06610667,17
Digestive,Barrett_oesophagus,Diet change: Yes (other),0.06542092,18
Digestive,Barrett_oesophagus,Cereal: Muesli,0.064960085,19
Digestive,Barrett_oesophagus,Cereal intake,0.060623016,20
Digestive,Barrett_oesophagus,Skin tanning: Get very tanned,0.05909349,21
Digestive,Barrett_oesophagus,Poultry: 2-4/week,0.05868693,22
Digestive,Barrett_oesophagus,Pork: <1/week,0.058363527,23
Digestive,Barrett_oesophagus,Days/week of walk 10+ mins,0.05833861,24
Digestive,Barrett_oesophagus,Water intake,0.056317393,25
Ear,Hearing_loss,Sleep duration,0.12780786,1
Ear,Hearing_loss,Tea intake,0.08683095,2
Ear,Hearing_loss,Fresh fruit intake,0.0861279,3
Ear,Hearing_loss,Spread: Butter,0.0849864,4
Ear,Hearing_loss,Past smoking: Most/all days,0.08425058,5
Ear,Hearing_loss,Bread: Wholemeal,0.07841392,6
Ear,Hearing_loss,Cereal intake,0.07677626,7
Ear,Hearing_loss,Daytime nap: Never/rarely,0.06914622,8
Ear,Hearing_loss,Days/week of moderate physical activity,0.06501717,9
Ear,Hearing_loss,Diet variation: Never/rarely,0.06409333,10
Ear,Hearing_loss,Time spent outdoors in summer,0.062388472,11
Ear,Hearing_loss,Skin colour: Fair,0.060218595,12
Ear,Hearing_loss,Poultry: 2-4/week,0.056479104,13
Ear,Hearing_loss,Non-oily fish: 1/week,0.055640444,14
Ear,Hearing_loss,Ever smoked: No,0.053215045,15
Ear,Hearing_loss,Spread: Other margarine,0.05140007,16
Ear,Hearing_loss,Days/week of vigorous physical activity,0.051256627,17
Ear,Hearing_loss,Walking pace: Brisk,0.05088561,18
Ear,Hearing_loss,Mobile hand: Right,0.05075636,19
Ear,Hearing_loss,Mother: Heart disease,0.05044173,20
Ear,Hearing_loss,Lamb/mutton: 1/week,0.04733673,21
Ear,Hearing_loss,Water intake,0.04727273,22
Ear,Hearing_loss,Stair climbing: 11-15 times,0.04586023,23
Ear,Hearing_loss,Mobile hand: Left,0.04536133,24
Ear,Hearing_loss,Mobile freq: 30-59 mins,0.04522754,25
Endocrine,Diabetes_NOS,Diet change: Yes (other),0.08769686,1
Endocrine,Diabetes_NOS,Walking pace: Brisk,0.08159777,2
Endocrine,Diabetes_NOS,Hair colour: Dark brown,0.08105104,3
Endocrine,Diabetes_NOS,Water intake,0.07455922,4
Endocrine,Diabetes_NOS,Cheese: 2-4/week,0.072586186,5
Endocrine,Diabetes_NOS,Oily fish: <1/week,0.06752171,6
Endocrine,Diabetes_NOS,Pork: <1/week,0.06725904,7
Endocrine,Diabetes_NOS,Duration of walks,0.06597553,8
Endocrine,Diabetes_NOS,Time spent using computer,0.06470806,9
Endocrine,Diabetes_NOS,Ever smoked: Yes,0.06415467,10
Endocrine,Diabetes_NOS,Time spent outdoors in summer,0.06316861,11
Endocrine,Diabetes_NOS,Fresh fruit intake,0.05920236,12
Endocrine,Diabetes_NOS,Sun protection: Most times,0.057547,13
Endocrine,Diabetes_NOS,Time spent watching TV,0.057104707,14
Endocrine,Diabetes_NOS,Mobile use: Five to eight years,0.054854546,15
Endocrine,Diabetes_NOS,Days/week of moderate physical activity,0.052296113,16
Endocrine,Diabetes_NOS,Cereal intake,0.051257927,17
Endocrine,Diabetes_NOS,Diet change: No,0.05098654,18
Endocrine,Diabetes_NOS,Age first had sexual intercourse,0.050205674,19
Endocrine,Diabetes_NOS,Bread intake,0.049968842,20
Endocrine,Diabetes_NOS,Poultry: 2-4/week,0.04848073,21
Endocrine,Diabetes_NOS,Daytime nap: Sometimes,0.048264295,22
Endocrine,Diabetes_NOS,Smoking: Previous,0.047477294,23
Endocrine,Diabetes_NOS,Alcohol: Daily,0.04694798,24
Endocrine,Diabetes_NOS,Walking pace: Steady/average,0.046296284,25
Endocrine,Diabetes_Type_II,Diet change: No,0.21914439,1
Endocrine,Diabetes_Type_II,Time spent watching TV,0.13493101,2
Endocrine,Diabetes_Type_II,Diet change: Yes (illness),0.12810224,3
Endocrine,Diabetes_Type_II,Mother: Diabetes,0.11282399,4
Endocrine,Diabetes_Type_II,Walking pace: Brisk,0.10989957,5
Endocrine,Diabetes_Type_II,Days/week of walk 10+ mins,0.105103835,6
Endocrine,Diabetes_Type_II,Water intake,0.08735488,7
Endocrine,Diabetes_Type_II,Alcohol vs 10yrs ago: About the same,0.079952195,8
Endocrine,Diabetes_Type_II,Diet change: Yes (other),0.07765022,9
Endocrine,Diabetes_Type_II,Days/week of vigorous physical activity,0.07423159,10
Endocrine,Diabetes_Type_II,Cereal: Biscuit (Weetabix),0.07293078,11
Endocrine,Diabetes_Type_II,Daytime nap: Never/rarely,0.07163277,12
Endocrine,Diabetes_Type_II,Lamb/mutton: 1/week,0.069648765,13
Endocrine,Diabetes_Type_II,Spread: Butter,0.06933893,14
Endocrine,Diabetes_Type_II,Sleep duration,0.06661358,15
Endocrine,Diabetes_Type_II,Alcohol vs 10yrs ago: Less now,0.061838966,16
Endocrine,Diabetes_Type_II,Oily fish: 2-4/week,0.06026759,17
Endocrine,Diabetes_Type_II,Insomnia: Usually,0.060250763,18
Endocrine,Diabetes_Type_II,Father: Diabetes,0.05571955,19
Endocrine,Diabetes_Type_II,Daytime dozing: Never/rarely,0.054262046,20
Endocrine,Diabetes_Type_II,Skin colour: Light olive,0.053417366,21
Endocrine,Diabetes_Type_II,Cereal: Muesli,0.053093318,22
Endocrine,Diabetes_Type_II,Sun protection: Always,0.05168028,23
Endocrine,Diabetes_Type_II,Raw vegetable intake,0.05124359,24
Endocrine,Diabetes_Type_II,Stair climbing: 11-15 times,0.050806418,25
Endocrine,Hypo_or_hyperthyroidism,Tea intake,0.086830355,1
Endocrine,Hypo_or_hyperthyroidism,Fresh fruit intake,0.083185755,2
Endocrine,Hypo_or_hyperthyroidism,Walking pace: Brisk,0.07435344,3
Endocrine,Hypo_or_hyperthyroidism,Diet change: No,0.07378622,4
Endocrine,Hypo_or_hyperthyroidism,Time spent using computer,0.06872153,5
Endocrine,Hypo_or_hyperthyroidism,Bread intake,0.06763637,6
Endocrine,Hypo_or_hyperthyroidism,Get up: Very easy,0.06688101,7
Endocrine,Hypo_or_hyperthyroidism,Insomnia: Usually,0.06602435,8
Endocrine,Hypo_or_hyperthyroidism,Cereal intake,0.062748685,9
Endocrine,Hypo_or_hyperthyroidism,Insomnia: Never/rarely,0.057769734,10
Endocrine,Hypo_or_hyperthyroidism,Smoking: Never,0.05766143,11
Endocrine,Hypo_or_hyperthyroidism,Alcohol: 3-4/week,0.05277479,12
Endocrine,Hypo_or_hyperthyroidism,Non-oily fish: 1/week,0.049456555,13
Endocrine,Hypo_or_hyperthyroidism,Days/week of vigorous physical activity,0.049297333,14
Endocrine,Hypo_or_hyperthyroidism,Mobile hand: Left,0.049154326,15
Endocrine,Hypo_or_hyperthyroidism,Days/week of walk 10+ mins,0.047655053,16
Endocrine,Hypo_or_hyperthyroidism,Sun protection: Always,0.046972267,17
Endocrine,Hypo_or_hyperthyroidism,Days/week of moderate physical activity,0.04599535,18
Endocrine,Hypo_or_hyperthyroidism,Past smoking: Most/all days,0.04588612,19
Endocrine,Hypo_or_hyperthyroidism,Skin tanning: Get mildly tanned,0.0454122,20
Endocrine,Hypo_or_hyperthyroidism,Mother: Heart disease,0.042669285,21
Endocrine,Hypo_or_hyperthyroidism,Computer games: Sometimes,0.041191496,22
Endocrine,Hypo_or_hyperthyroidism,Alcohol: Daily,0.040644027,23
Endocrine,Hypo_or_hyperthyroidism,Coffee intake,0.040585812,24
Endocrine,Hypo_or_hyperthyroidism,Alcohol: 1-2/week,0.040000085,25
Endocrine,Hypothyroidism,Tea intake,0.18856078,1
Endocrine,Hypothyroidism,Cereal intake,0.11932691,2
Endocrine,Hypothyroidism,Walking pace: Brisk,0.11715661,3
Endocrine,Hypothyroidism,Days/week of vigorous physical activity,0.11705108,4
Endocrine,Hypothyroidism,Diet change: No,0.112458214,5
Endocrine,Hypothyroidism,Get up: Very easy,0.10680094,6
Endocrine,Hypothyroidism,Alcohol: Daily,0.10643527,7
Endocrine,Hypothyroidism,Days/week of moderate physical activity,0.10092193,8
Endocrine,Hypothyroidism,Non-oily fish: 1/week,0.09207953,9
Endocrine,Hypothyroidism,Duration of walks,0.08914819,10
Endocrine,Hypothyroidism,Cooked vegetable intake,0.08015223,11
Endocrine,Hypothyroidism,Father: Heart disease,0.0702428,12
Endocrine,Hypothyroidism,Coffee intake,0.06650452,13
Endocrine,Hypothyroidism,Beef: <1/week,0.06478052,14
Endocrine,Hypothyroidism,Days/week of walk 10+ mins,0.061342448,15
Endocrine,Hypothyroidism,Time spent outdoors in summer,0.05937837,16
Endocrine,Hypothyroidism,Walking pace: Steady/average,0.059339117,17
Endocrine,Hypothyroidism,Facial ageing: Younger than you are,0.057065453,18
Endocrine,Hypothyroidism,Insomnia: Never/rarely,0.05626435,19
Endocrine,Hypothyroidism,Chronotype: Definite morning,0.055043515,20
Endocrine,Hypothyroidism,Processed meat: 2-4/week,0.05498327,21
Endocrine,Hypothyroidism,Insomnia: Usually,0.05465525,22
Endocrine,Hypothyroidism,Bread intake,0.053953636,23
Endocrine,Hypothyroidism,Pork: <1/week,0.052994438,24
Endocrine,Hypothyroidism,Poultry: 1/week,0.05231151,25
Endocrine,Obesity,Time spent outdoors in summer,0.13969372,1
Endocrine,Obesity,Time spent watching TV,0.1362393,2
Endocrine,Obesity,Days/week of vigorous physical activity,0.115315564,3
Endocrine,Obesity,Skin colour: Fair,0.11038608,4
Endocrine,Obesity,Processed meat: <1/week,0.11016728,5
Endocrine,Obesity,Oily fish: <1/week,0.10999623,6
Endocrine,Obesity,Mobile use vs 2yrs: No,0.109907545,7
Endocrine,Obesity,Tea intake,0.10684002,8
Endocrine,Obesity,Walking pace: Brisk,0.10052878,9
Endocrine,Obesity,Age first had sexual intercourse,0.0959094,10
Endocrine,Obesity,Dried fruit intake,0.09512989,11
Endocrine,Obesity,Lamb/mutton: Never,0.09497224,12
Endocrine,Obesity,Water intake,0.0920684,13
Endocrine,Obesity,Diet change: No,0.09188609,14
Endocrine,Obesity,Days/week of moderate physical activity,0.0912484,15
Endocrine,Obesity,Insomnia: Usually,0.08645984,16
Endocrine,Obesity,Chronotype: More evening,0.083296835,17
Endocrine,Obesity,Skin tanning: Get moderately tanned,0.080387555,18
Endocrine,Obesity,Bread: Wholemeal,0.07953977,19
Endocrine,Obesity,Cooked vegetable intake,0.07890596,20
Endocrine,Obesity,Bread intake,0.07827763,21
Endocrine,Obesity,Drive faster than limit: Never/rarely,0.07611041,22
Endocrine,Obesity,Time spent driving,0.0750221,23
Endocrine,Obesity,Poultry: 2-4/week,0.074495144,24
Endocrine,Obesity,Insomnia: Never/rarely,0.07332495,25
Eye,Cataract,Age first had sexual intercourse,0.08215519,1
Eye,Cataract,Cereal intake,0.07311008,2
Eye,Cataract,Drive faster: Sometimes,0.06735948,3
Eye,Cataract,Days/week of walk 10+ mins,0.067102596,4
Eye,Cataract,Days/week of moderate physical activity,0.06043149,5
Eye,Cataract,Mother: High blood pressure,0.0590181,6
Eye,Cataract,Mobile freq: 5-29 mins,0.056555748,7
Eye,Cataract,Oily fish: 1/week,0.05570037,8
Eye,Cataract,Bread intake,0.05482238,9
Eye,Cataract,Salt added: Never/rarely,0.05424338,10
Eye,Cataract,Diet change: No,0.052837845,11
Eye,Cataract,Duration of walks,0.049364462,12
Eye,Cataract,Skin tanning: Get moderately tanned,0.048342228,13
Eye,Cataract,Drive faster than limit: Never/rarely,0.04796127,14
Eye,Cataract,Dried fruit intake,0.047110263,15
Eye,Cataract,Past smoking: Occasional,0.046973977,16
Eye,Cataract,Coffee intake,0.046275105,17
Eye,Cataract,Non-oily fish: 1/week,0.04388215,18
Eye,Cataract,Facial ageing: About your age,0.043100987,19
Eye,Cataract,Poultry: 2-4/week,0.0429038,20
Eye,Cataract,Days/week of vigorous physical activity,0.042598933,21
Eye,Cataract,Walking pace: Slow,0.042299155,22
Eye,Cataract,Oily fish: 2-4/week,0.041368477,23
Eye,Cataract,Walking pace: Brisk,0.041310262,24
Eye,Cataract,Mobile hand: Left,0.041109152,25
Eye,Diabetic_ophthalmic_complications,Cereal intake,0.11547896,1
Eye,Diabetic_ophthalmic_complications,Water intake,0.090968005,2
Eye,Diabetic_ophthalmic_complications,Days/week of walk 10+ mins,0.088419214,3
Eye,Diabetic_ophthalmic_complications,Walking pace: Brisk,0.07303103,4
Eye,Diabetic_ophthalmic_complications,Days/week of vigorous physical activity,0.07285881,5
Eye,Diabetic_ophthalmic_complications,Bread intake,0.057947878,6
Eye,Diabetic_ophthalmic_complications,Hot drink temp: Hot,0.05639932,7
Eye,Diabetic_ophthalmic_complications,Diet change: No,0.051381156,8
Eye,Diabetic_ophthalmic_complications,Time spent using computer,0.05132402,9
Eye,Diabetic_ophthalmic_complications,Tea intake,0.04963487,10
Eye,Diabetic_ophthalmic_complications,Cheese: 2-4/week,0.04957047,11
Eye,Diabetic_ophthalmic_complications,Days/week of moderate physical activity,0.049381953,12
Eye,Diabetic_ophthalmic_complications,Time spent watching TV,0.047815338,13
Eye,Diabetic_ophthalmic_complications,Mobile use: More than eight years,0.047347385,14
Eye,Diabetic_ophthalmic_complications,Oily fish: 1/week,0.045941304,15
Eye,Diabetic_ophthalmic_complications,Get up: Very easy,0.04588002,16
Eye,Diabetic_ophthalmic_complications,Pork: <1/week,0.044047356,17
Eye,Diabetic_ophthalmic_complications,Skin colour: Fair,0.043133024,18
Eye,Diabetic_ophthalmic_complications,Daytime nap: Never/rarely,0.042885464,19
Eye,Diabetic_ophthalmic_complications,Sun protection: Always,0.042860623,20
Eye,Diabetic_ophthalmic_complications,Drive faster: Sometimes,0.042005297,21
Eye,Diabetic_ophthalmic_complications,Oily fish: <1/week,0.04044276,22
Eye,Diabetic_ophthalmic_complications,Drive faster than limit: Never/rarely,0.039924838,23
Eye,Diabetic_ophthalmic_complications,Bread: White,0.038189255,24
Eye,Diabetic_ophthalmic_complications,Time spent outdoors in summer,0.037675947,25
Eye,Glaucoma,Time spent watching TV,0.11004955,1
Eye,Glaucoma,Days/week of moderate physical activity,0.09248076,2
Eye,Glaucoma,Mobile freq: 5-29 mins,0.073048666,3
Eye,Glaucoma,Duration of walks,0.07304569,4
Eye,Glaucoma,Time spent driving,0.06886125,5
Eye,Glaucoma,Tea intake,0.065482065,6
Eye,Glaucoma,Days/week of vigorous physical activity,0.05584603,7
Eye,Glaucoma,Hair colour: Dark brown,0.049822126,8
Eye,Glaucoma,Skin colour: Fair,0.049384475,9
Eye,Glaucoma,Sleep duration,0.04765664,10
Eye,Glaucoma,Pork: <1/week,0.04728856,11
Eye,Glaucoma,Sun protection: Sometimes,0.04568047,12
Eye,Glaucoma,Drive faster than limit: Never/rarely,0.040538013,13
Eye,Glaucoma,Cheese: 1/week,0.03942604,14
Eye,Glaucoma,Dried fruit intake,0.03904939,15
Eye,Glaucoma,Computer games: Never/rarely,0.039049294,16
Eye,Glaucoma,Time spent outdoors in winter,0.037628964,17
Eye,Glaucoma,Poultry: 1/week,0.037596576,18
Eye,Glaucoma,Spread: Other margarine,0.03736921,19
Eye,Glaucoma,Mobile use vs 2yrs: More now,0.036939245,20
Eye,Glaucoma,Smoking: Never,0.03558286,21
Eye,Glaucoma,Hair colour: Light brown,0.034547288,22
Eye,Glaucoma,Daytime nap: Sometimes,0.034418814,23
Eye,Glaucoma,Lamb/mutton: 1/week,0.03336886,24
Eye,Glaucoma,Daytime nap: Never/rarely,0.032197632,25
Eye,Macular_degeneration,Time spent watching TV,0.10127349,1
Eye,Macular_degeneration,Cheese: 2-4/week,0.09168452,2
Eye,Macular_degeneration,Days/week of vigorous physical activity,0.084237635,3
Eye,Macular_degeneration,Days/week of walk 10+ mins,0.08378036,4
Eye,Macular_degeneration,Sleep duration,0.081754036,5
Eye,Macular_degeneration,Daytime nap: Never/rarely,0.080068104,6
Eye,Macular_degeneration,Time spent driving,0.07479505,7
Eye,Macular_degeneration,Time spent outdoors in summer,0.074392006,8
Eye,Macular_degeneration,Fresh fruit intake,0.06994832,9
Eye,Macular_degeneration,Raw vegetable intake,0.069774605,10
Eye,Macular_degeneration,Coffee intake,0.066744566,11
Eye,Macular_degeneration,Time spent outdoors in winter,0.06248867,12
Eye,Macular_degeneration,Water intake,0.0616906,13
Eye,Macular_degeneration,Spread: Other margarine,0.0606383,14
Eye,Macular_degeneration,Cooked vegetable intake,0.059726886,15
Eye,Macular_degeneration,Alcohol: 3-4/week,0.059315864,16
Eye,Macular_degeneration,Insomnia: Sometimes,0.05768123,17
Eye,Macular_degeneration,Milk: Semi-skimmed,0.056572586,18
Eye,Macular_degeneration,Smoking: Previous,0.05521442,19
Eye,Macular_degeneration,Drive faster than limit: Never/rarely,0.05478967,20
Eye,Macular_degeneration,Age first had sexual intercourse,0.0541163,21
Eye,Macular_degeneration,Smoking: Never,0.051440578,22
Eye,Macular_degeneration,Salt added: Never/rarely,0.051121738,23
Eye,Macular_degeneration,Hair colour: Light brown,0.050992623,24
Eye,Macular_degeneration,Past smoking: Never,0.050232884,25
Eye,Retinal_detachments_and_breaks,Tea intake,0.014698305,1
Eye,Retinal_detachments_and_breaks,Days/week of moderate physical activity,0.011468553,2
Eye,Retinal_detachments_and_breaks,Bread intake,0.009947609,3
Eye,Retinal_detachments_and_breaks,Days/week of walk 10+ mins,0.009429652,4
Eye,Retinal_detachments_and_breaks,Time spent outdoors in winter,0.00937073,5
Eye,Retinal_detachments_and_breaks,Days/week of vigorous physical activity,0.009177177,6
Eye,Retinal_detachments_and_breaks,Poultry: 1/week,0.009144443,7
Eye,Retinal_detachments_and_breaks,Water intake,0.009038446,8
Eye,Retinal_detachments_and_breaks,Coffee intake,0.008704771,9
Eye,Retinal_detachments_and_breaks,Sleep duration,0.008657301,10
Eye,Retinal_detachments_and_breaks,Age first had sexual intercourse,0.008449637,11
Eye,Retinal_detachments_and_breaks,Cereal intake,0.008448664,12
Eye,Retinal_detachments_and_breaks,Time spent outdoors in summer,0.00824435,13
Eye,Retinal_detachments_and_breaks,Mobile use: Five to eight years,0.00814043,14
Eye,Retinal_detachments_and_breaks,Diet change: No,0.00814042,15
Eye,Retinal_detachments_and_breaks,Sun protection: Most times,0.007836562,16
Eye,Retinal_detachments_and_breaks,Bread: Wholemeal,0.0076847775,17
Eye,Retinal_detachments_and_breaks,Fresh fruit intake,0.0074952263,18
Eye,Retinal_detachments_and_breaks,Time spent using computer,0.0073401798,19
Eye,Retinal_detachments_and_breaks,Time spent watching TV,0.007196267,20
Eye,Retinal_detachments_and_breaks,Oily fish: 1/week,0.0070942533,21
Eye,Retinal_detachments_and_breaks,Skin tanning: Get moderately tanned,0.007012613,22
Eye,Retinal_detachments_and_breaks,Diet variation: Never/rarely,0.006943258,23
Eye,Retinal_detachments_and_breaks,Time spent driving,0.00688427,24
Eye,Retinal_detachments_and_breaks,Get up: Very easy,0.0068076723,25
Genitourinary,Urolithiasis,Age first had sexual intercourse,0.04056621,1
Genitourinary,Urolithiasis,Bread: Wholemeal,0.03727816,2
Genitourinary,Urolithiasis,Time spent watching TV,0.035446115,3
Genitourinary,Urolithiasis,Alcohol vs 10yrs ago: About the same,0.034634933,4
Genitourinary,Urolithiasis,Time spent driving,0.0322918,5
Genitourinary,Urolithiasis,Bread intake,0.032083236,6
Genitourinary,Urolithiasis,Alcohol: 3-4/week,0.032035697,7
Genitourinary,Urolithiasis,Cereal intake,0.031202016,8
Genitourinary,Urolithiasis,Alcohol vs 10yrs ago: Less now,0.029317955,9
Genitourinary,Urolithiasis,Sleep duration,0.028457846,10
Genitourinary,Urolithiasis,Pork: <1/week,0.027917458,11
Genitourinary,Urolithiasis,Days/week of walk 10+ mins,0.027789617,12
Genitourinary,Urolithiasis,Days/week of vigorous physical activity,0.027583018,13
Genitourinary,Urolithiasis,Days/week of moderate physical activity,0.02638015,14
Genitourinary,Urolithiasis,Time spent outdoors in winter,0.02607164,15
Genitourinary,Urolithiasis,Time spent outdoors in summer,0.025851578,16
Genitourinary,Urolithiasis,Tea intake,0.02564137,17
Genitourinary,Urolithiasis,Cooked vegetable intake,0.025340121,18
Genitourinary,Urolithiasis,Walking pace: Steady/average,0.025219692,19
Genitourinary,Urolithiasis,Daytime dozing: Never/rarely,0.024796221,20
Genitourinary,Urolithiasis,Snoring: No,0.024447015,21
Genitourinary,Urolithiasis,Time spent using computer,0.023991266,22
Genitourinary,Urolithiasis,Coffee intake,0.023868145,23
Genitourinary,Urolithiasis,Water intake,0.023676943,24
Genitourinary,Urolithiasis,Mobile use: Two to four years,0.02301485,25
Genitourinary,Urinary_Incontinence,Days/week of walk 10+ mins,0.06719696,1
Genitourinary,Urinary_Incontinence,Cereal intake,0.053767864,2
Genitourinary,Urinary_Incontinence,Time spent outdoors in summer,0.04695495,3
Genitourinary,Urinary_Incontinence,Walking pace: Brisk,0.046026457,4
Genitourinary,Urinary_Incontinence,Days/week of moderate physical activity,0.045318983,5
Genitourinary,Urinary_Incontinence,Water intake,0.043380465,6
Genitourinary,Urinary_Incontinence,Time spent watching TV,0.043336827,7
Genitourinary,Urinary_Incontinence,Cheese: 2-4/week,0.04291022,8
Genitourinary,Urinary_Incontinence,Diet change: No,0.041849013,9
Genitourinary,Urinary_Incontinence,Skin colour: Fair,0.04115752,10
Genitourinary,Urinary_Incontinence,Cooked vegetable intake,0.03801183,11
Genitourinary,Urinary_Incontinence,Days/week of vigorous physical activity,0.037679728,12
Genitourinary,Urinary_Incontinence,Poultry: 2-4/week,0.037470084,13
Genitourinary,Urinary_Incontinence,Time spent driving,0.0373436,14
Genitourinary,Urinary_Incontinence,Raw vegetable intake,0.03667813,15
Genitourinary,Urinary_Incontinence,Time spent outdoors in winter,0.03609349,16
Genitourinary,Urinary_Incontinence,Sleep duration,0.034734953,17
Genitourinary,Urinary_Incontinence,Insomnia: Usually,0.034173198,18
Genitourinary,Urinary_Incontinence,Tea intake,0.03342759,19
Genitourinary,Urinary_Incontinence,Past smoking: Most/all days,0.031645358,20
Genitourinary,Urinary_Incontinence,Coffee intake,0.031229047,21
Genitourinary,Urinary_Incontinence,Mobile freq: Less than 5mins,0.030599596,22
Genitourinary,Urinary_Incontinence,Smoking: Never,0.029692704,23
Genitourinary,Urinary_Incontinence,Get up: Very easy,0.029613916,24
Genitourinary,Urinary_Incontinence,Age first had sexual intercourse,0.027796006,25
Genitourinary,Postmenopausal_bleeding_filtered,Days/week of vigorous physical activity,0.044891592,1
Genitourinary,Postmenopausal_bleeding_filtered,Bread intake,0.043517653,2
Genitourinary,Postmenopausal_bleeding_filtered,Tea intake,0.0405865,3
Genitourinary,Postmenopausal_bleeding_filtered,Sleep duration,0.039776187,4
Genitourinary,Postmenopausal_bleeding_filtered,Time spent outdoors in summer,0.036918245,5
Genitourinary,Postmenopausal_bleeding_filtered,Spread: Other margarine,0.033490587,6
Genitourinary,Postmenopausal_bleeding_filtered,Fresh fruit intake,0.03074006,7
Genitourinary,Postmenopausal_bleeding_filtered,Days/week of walk 10+ mins,0.029830724,8
Genitourinary,Postmenopausal_bleeding_filtered,Time spent watching TV,0.028544009,9
Genitourinary,Postmenopausal_bleeding_filtered,Days/week of moderate physical activity,0.027593628,10
Genitourinary,Postmenopausal_bleeding_filtered,Cereal intake,0.027531892,11
Genitourinary,Postmenopausal_bleeding_filtered,Cooked vegetable intake,0.027192334,12
Genitourinary,Postmenopausal_bleeding_filtered,Sun protection: Sometimes,0.026417956,13
Genitourinary,Postmenopausal_bleeding_filtered,Water intake,0.025875531,14
Genitourinary,Postmenopausal_bleeding_filtered,Sun protection: Most times,0.025681391,15
Genitourinary,Postmenopausal_bleeding_filtered,Coffee intake,0.025223874,16
Genitourinary,Postmenopausal_bleeding_filtered,Raw vegetable intake,0.025026305,17
Genitourinary,Postmenopausal_bleeding_filtered,Snoring: No,0.023950921,18
Genitourinary,Postmenopausal_bleeding_filtered,Mobile freq: 5-29 mins,0.02303901,19
Genitourinary,Postmenopausal_bleeding_filtered,Hot drink temp: Hot,0.022423606,20
Genitourinary,Postmenopausal_bleeding_filtered,Skin colour: Fair,0.02208843,21
Genitourinary,Postmenopausal_bleeding_filtered,Time spent using computer,0.022073545,22
Genitourinary,Postmenopausal_bleeding_filtered,Age first had sexual intercourse,0.021487106,23
Genitourinary,Postmenopausal_bleeding_filtered,Duration of walks,0.021446014,24
Genitourinary,Postmenopausal_bleeding_filtered,Mother: High blood pressure,0.02118681,25
Genitourinary,Obstructive_and_reflux_uropathy,Time spent outdoors in summer,0.10409233,1
Genitourinary,Obstructive_and_reflux_uropathy,Time spent outdoors in winter,0.08083777,2
Genitourinary,Obstructive_and_reflux_uropathy,Facial ageing: Younger than you are,0.076163426,3
Genitourinary,Obstructive_and_reflux_uropathy,Days/week of moderate physical activity,0.07436423,4
Genitourinary,Obstructive_and_reflux_uropathy,Age first had sexual intercourse,0.07253415,5
Genitourinary,Obstructive_and_reflux_uropathy,Skin colour: Fair,0.062415127,6
Genitourinary,Obstructive_and_reflux_uropathy,Daytime dozing: Never/rarely,0.06209573,7
Genitourinary,Obstructive_and_reflux_uropathy,Time spent using computer,0.060574535,8
Genitourinary,Obstructive_and_reflux_uropathy,Alcohol: 1-2/week,0.05692963,9
Genitourinary,Obstructive_and_reflux_uropathy,Hot drink temp: Hot,0.05409678,10
Genitourinary,Obstructive_and_reflux_uropathy,Tea intake,0.051767986,11
Genitourinary,Obstructive_and_reflux_uropathy,Daytime nap: Never/rarely,0.050830066,12
Genitourinary,Obstructive_and_reflux_uropathy,Poultry: 2-4/week,0.048559047,13
Genitourinary,Obstructive_and_reflux_uropathy,Sun protection: Sometimes,0.045734476,14
Genitourinary,Obstructive_and_reflux_uropathy,Milk: Semi-skimmed,0.04229531,15
Genitourinary,Obstructive_and_reflux_uropathy,Daytime nap: Sometimes,0.04129287,16
Genitourinary,Obstructive_and_reflux_uropathy,Salt added: Never/rarely,0.04032995,17
Genitourinary,Obstructive_and_reflux_uropathy,Dried fruit intake,0.039321847,18
Genitourinary,Obstructive_and_reflux_uropathy,Poultry: 1/week,0.038743664,19
Genitourinary,Obstructive_and_reflux_uropathy,Bread intake,0.038703065,20
Genitourinary,Obstructive_and_reflux_uropathy,Snoring: No,0.038449075,21
Genitourinary,Obstructive_and_reflux_uropathy,Time spent watching TV,0.038289092,22
Genitourinary,Obstructive_and_reflux_uropathy,Mother: High blood pressure,0.037672997,23
Genitourinary,Obstructive_and_reflux_uropathy,Walking pace: Brisk,0.037483014,24
Genitourinary,Obstructive_and_reflux_uropathy,Diet change: No,0.037059173,25
Genitourinary,Female_genital_prolapse_filtered,Days/week of walk 10+ mins,0.055841632,1
Genitourinary,Female_genital_prolapse_filtered,Coffee intake,0.05350014,2
Genitourinary,Female_genital_prolapse_filtered,Duration of walks,0.051687565,3
Genitourinary,Female_genital_prolapse_filtered,Diet variation: Never/rarely,0.043845247,4
Genitourinary,Female_genital_prolapse_filtered,Tea intake,0.036759317,5
Genitourinary,Female_genital_prolapse_filtered,Snoring: No,0.03399519,6
Genitourinary,Female_genital_prolapse_filtered,Diet variation: Sometimes,0.032989655,7
Genitourinary,Female_genital_prolapse_filtered,Skin tanning: Get moderately tanned,0.030074341,8
Genitourinary,Female_genital_prolapse_filtered,Drive faster: Sometimes,0.029772295,9
Genitourinary,Female_genital_prolapse_filtered,Cereal: Oat (Porridge),0.02836958,10
Genitourinary,Female_genital_prolapse_filtered,Drive faster than limit: Never/rarely,0.026069783,11
Genitourinary,Female_genital_prolapse_filtered,Milk: Semi-skimmed,0.025800377,12
Genitourinary,Female_genital_prolapse_filtered,Days/week of moderate physical activity,0.025447082,13
Genitourinary,Female_genital_prolapse_filtered,Dried fruit intake,0.025240777,14
Genitourinary,Female_genital_prolapse_filtered,Age first had sexual intercourse,0.02455124,15
Genitourinary,Female_genital_prolapse_filtered,Alcohol: 1-2/week,0.024182575,16
Genitourinary,Female_genital_prolapse_filtered,Diet change: No,0.024141775,17
Genitourinary,Female_genital_prolapse_filtered,Cereal intake,0.024097558,18
Genitourinary,Female_genital_prolapse_filtered,Walking pace: Brisk,0.023960944,19
Genitourinary,Female_genital_prolapse_filtered,Time spent driving,0.023316797,20
Genitourinary,Female_genital_prolapse_filtered,Sun protection: Most times,0.023277862,21
Genitourinary,Female_genital_prolapse_filtered,Non-oily fish: 2-4/week,0.022806374,22
Genitourinary,Female_genital_prolapse_filtered,Time spent watching TV,0.022355916,23
Genitourinary,Female_genital_prolapse_filtered,Raw vegetable intake,0.022040104,24
Genitourinary,Female_genital_prolapse_filtered,Time spent outdoors in summer,0.021992804,25
Genitourinary,Menorrhagia_and_polymenorrhoea_filtered,Time spent outdoors in summer,0.08834812,1
Genitourinary,Menorrhagia_and_polymenorrhoea_filtered,Diet change: No,0.07781937,2
Genitourinary,Menorrhagia_and_polymenorrhoea_filtered,Days/week of walk 10+ mins,0.06383791,3
Genitourinary,Menorrhagia_and_polymenorrhoea_filtered,Sleep duration,0.060834378,4
Genitourinary,Menorrhagia_and_polymenorrhoea_filtered,Stair climbing: 6-10 times,0.05872775,5
Genitourinary,Menorrhagia_and_polymenorrhoea_filtered,Age first had sexual intercourse,0.05807415,6
Genitourinary,Menorrhagia_and_polymenorrhoea_filtered,Fresh fruit intake,0.054878775,7
Genitourinary,Menorrhagia_and_polymenorrhoea_filtered,Diet variation: Sometimes,0.054824557,8
Genitourinary,Menorrhagia_and_polymenorrhoea_filtered,Cooked vegetable intake,0.048770063,9
Genitourinary,Menorrhagia_and_polymenorrhoea_filtered,Tea intake,0.048609346,10
Genitourinary,Menorrhagia_and_polymenorrhoea_filtered,Time spent driving,0.048609074,11
Genitourinary,Menorrhagia_and_polymenorrhoea_filtered,Time spent watching TV,0.047461987,12
Genitourinary,Menorrhagia_and_polymenorrhoea_filtered,Bread intake,0.044606406,13
Genitourinary,Menorrhagia_and_polymenorrhoea_filtered,Lifetime number of sexual partners,0.04388811,14
Genitourinary,Menorrhagia_and_polymenorrhoea_filtered,Time spent using computer,0.043447353,15
Genitourinary,Menorrhagia_and_polymenorrhoea_filtered,Spread: Other margarine,0.04277507,16
Genitourinary,Menorrhagia_and_polymenorrhoea_filtered,Days/week of vigorous physical activity,0.041329376,17
Genitourinary,Menorrhagia_and_polymenorrhoea_filtered,Drive faster than limit: Never/rarely,0.041247744,18
Genitourinary,Menorrhagia_and_polymenorrhoea_filtered,Cereal intake,0.04065044,19
Genitourinary,Menorrhagia_and_polymenorrhoea_filtered,Past smoking: Never,0.040378682,20
Genitourinary,Menorrhagia_and_polymenorrhoea_filtered,Poultry: 2-4/week,0.040094152,21
Genitourinary,Menorrhagia_and_polymenorrhoea_filtered,Mobile hand: Right,0.03993716,22
Genitourinary,Menorrhagia_and_polymenorrhoea_filtered,Insomnia: Usually,0.03870956,23
Genitourinary,Menorrhagia_and_polymenorrhoea_filtered,Dried fruit intake,0.038593892,24
Genitourinary,Menorrhagia_and_polymenorrhoea_filtered,Days/week of moderate physical activity,0.03754265,25
Genitourinary,Chronic_Kidney_Disease,Water intake,0.0516772,1
Genitourinary,Chronic_Kidney_Disease,Duration of walks,0.045656,2
Genitourinary,Chronic_Kidney_Disease,Fresh fruit intake,0.040202167,3
Genitourinary,Chronic_Kidney_Disease,Days/week of walk 10+ mins,0.038450643,4
Genitourinary,Chronic_Kidney_Disease,Sleep duration,0.03453741,5
Genitourinary,Chronic_Kidney_Disease,Walking pace: Brisk,0.032575436,6
Genitourinary,Chronic_Kidney_Disease,Cereal intake,0.02884183,7
Genitourinary,Chronic_Kidney_Disease,Smoking: Previous,0.02590192,8
Genitourinary,Chronic_Kidney_Disease,Daytime nap: Never/rarely,0.025538027,9
Genitourinary,Chronic_Kidney_Disease,Poultry: 1/week,0.025189884,10
Genitourinary,Chronic_Kidney_Disease,Coffee intake,0.025001856,11
Genitourinary,Chronic_Kidney_Disease,Time spent driving,0.024839245,12
Genitourinary,Chronic_Kidney_Disease,Hot drink temp: Hot,0.0241629,13
Genitourinary,Chronic_Kidney_Disease,Time spent outdoors in summer,0.023963308,14
Genitourinary,Chronic_Kidney_Disease,Cheese: 2-4/week,0.02322521,15
Genitourinary,Chronic_Kidney_Disease,Tea intake,0.023078185,16
Genitourinary,Chronic_Kidney_Disease,Insomnia: Usually,0.021331314,17
Genitourinary,Chronic_Kidney_Disease,Lamb/mutton: Never,0.021086795,18
Genitourinary,Chronic_Kidney_Disease,Days/week of moderate physical activity,0.020810423,19
Genitourinary,Chronic_Kidney_Disease,Time spent watching TV,0.020601518,20
Genitourinary,Chronic_Kidney_Disease,Walking pace: Steady/average,0.019516943,21
Genitourinary,Chronic_Kidney_Disease,Days/week of vigorous physical activity,0.019253483,22
Genitourinary,Chronic_Kidney_Disease,Bread intake,0.018998113,23
Genitourinary,Chronic_Kidney_Disease,Snoring: Yes,0.01896942,24
Genitourinary,Chronic_Kidney_Disease,Mobile use: Never,0.018796477,25
Genitourinary,Hyperplasia_of_prostate_filtered,Time spent watching TV,0.12705593,1
Genitourinary,Hyperplasia_of_prostate_filtered,Tea intake,0.08443094,2
Genitourinary,Hyperplasia_of_prostate_filtered,Insomnia: Never/rarely,0.06910741,3
Genitourinary,Hyperplasia_of_prostate_filtered,Daytime nap: Never/rarely,0.06846428,4
Genitourinary,Hyperplasia_of_prostate_filtered,Milk: Semi-skimmed,0.06671021,5
Genitourinary,Hyperplasia_of_prostate_filtered,Insomnia: Usually,0.066467375,6
Genitourinary,Hyperplasia_of_prostate_filtered,Cooked vegetable intake,0.06324021,7
Genitourinary,Hyperplasia_of_prostate_filtered,Water intake,0.06286751,8
Genitourinary,Hyperplasia_of_prostate_filtered,Smoking: Previous,0.0626156,9
Genitourinary,Hyperplasia_of_prostate_filtered,Drive faster than limit: Never/rarely,0.059284262,10
Genitourinary,Hyperplasia_of_prostate_filtered,Salt added: Never/rarely,0.05718467,11
Genitourinary,Hyperplasia_of_prostate_filtered,Alcohol vs 10yrs ago: Less now,0.057033658,12
Genitourinary,Hyperplasia_of_prostate_filtered,Duration of walks,0.053798575,13
Genitourinary,Hyperplasia_of_prostate_filtered,Snoring: Yes,0.052871287,14
Genitourinary,Hyperplasia_of_prostate_filtered,Walking pace: Brisk,0.05278809,15
Genitourinary,Hyperplasia_of_prostate_filtered,Days/week of vigorous physical activity,0.05208263,16
Genitourinary,Hyperplasia_of_prostate_filtered,Time spent outdoors in summer,0.050231177,17
Genitourinary,Hyperplasia_of_prostate_filtered,Alcohol vs 10yrs ago: About the same,0.049968895,18
Genitourinary,Hyperplasia_of_prostate_filtered,Processed meat: 1/week,0.046686333,19
Genitourinary,Hyperplasia_of_prostate_filtered,Beef: <1/week,0.046377465,20
Genitourinary,Hyperplasia_of_prostate_filtered,Days/week of moderate physical activity,0.044946827,21
Genitourinary,Hyperplasia_of_prostate_filtered,Computer games: Never/rarely,0.043590456,22
Genitourinary,Hyperplasia_of_prostate_filtered,Milk: Skimmed,0.042646315,23
Genitourinary,Hyperplasia_of_prostate_filtered,Get up: Fairly easy,0.042337626,24
Genitourinary,Hyperplasia_of_prostate_filtered,Diet change: No,0.042151205,25
Genitourinary,Acute_Kidney_Injury,Time spent watching TV,0.02694301,1
Genitourinary,Acute_Kidney_Injury,Coffee intake,0.017543709,2
Genitourinary,Acute_Kidney_Injury,Walking pace: Brisk,0.01583307,3
Genitourinary,Acute_Kidney_Injury,Cereal intake,0.014172768,4
Genitourinary,Acute_Kidney_Injury,Days/week of moderate physical activity,0.014011128,5
Genitourinary,Acute_Kidney_Injury,Days/week of vigorous physical activity,0.0137794865,6
Genitourinary,Acute_Kidney_Injury,Time spent outdoors in summer,0.013189425,7
Genitourinary,Acute_Kidney_Injury,Daytime nap: Never/rarely,0.013097402,8
Genitourinary,Acute_Kidney_Injury,Milk: Semi-skimmed,0.012728863,9
Genitourinary,Acute_Kidney_Injury,Days/week of walk 10+ mins,0.012208184,10
Genitourinary,Acute_Kidney_Injury,Smoking: Never,0.011959262,11
Genitourinary,Acute_Kidney_Injury,Water intake,0.011644837,12
Genitourinary,Acute_Kidney_Injury,Time spent using computer,0.0114671495,13
Genitourinary,Acute_Kidney_Injury,Raw vegetable intake,0.011347936,14
Genitourinary,Acute_Kidney_Injury,Smoking: Previous,0.011320256,15
Genitourinary,Acute_Kidney_Injury,Fresh fruit intake,0.011268167,16
Genitourinary,Acute_Kidney_Injury,Tea intake,0.011225444,17
Genitourinary,Acute_Kidney_Injury,Age first had sexual intercourse,0.011177589,18
Genitourinary,Acute_Kidney_Injury,Cereal: Oat (Porridge),0.011054083,19
Genitourinary,Acute_Kidney_Injury,Alcohol vs 10yrs ago: Less now,0.010884115,20
Genitourinary,Acute_Kidney_Injury,Salt added: Never/rarely,0.010769525,21
Genitourinary,Acute_Kidney_Injury,Ever smoked: Yes,0.010583418,22
Genitourinary,Acute_Kidney_Injury,Sleep duration,0.010577291,23
Genitourinary,Acute_Kidney_Injury,Time spent outdoors in winter,0.009964942,24
Genitourinary,Acute_Kidney_Injury,Mobile use: More than eight years,0.009770458,25
Haematological_or_immunological,Secondary_or_other_Thrombocytopaenia,Mobile hand: Right,0.02920897,1
Haematological_or_immunological,Secondary_or_other_Thrombocytopaenia,Poultry: 1/week,0.02528244,2
Haematological_or_immunological,Secondary_or_other_Thrombocytopaenia,Ever smoked: No,0.02335281,3
Haematological_or_immunological,Secondary_or_other_Thrombocytopaenia,Sleep duration,0.023152225,4
Haematological_or_immunological,Secondary_or_other_Thrombocytopaenia,Walking pace: Brisk,0.022030614,5
Haematological_or_immunological,Secondary_or_other_Thrombocytopaenia,Time spent driving,0.021135604,6
Haematological_or_immunological,Secondary_or_other_Thrombocytopaenia,Age first had sexual intercourse,0.020846002,7
Haematological_or_immunological,Secondary_or_other_Thrombocytopaenia,Time spent outdoors in winter,0.019652316,8
Haematological_or_immunological,Secondary_or_other_Thrombocytopaenia,Days/week of moderate physical activity,0.019207897,9
Haematological_or_immunological,Secondary_or_other_Thrombocytopaenia,Non-oily fish: 1/week,0.018815005,10
Haematological_or_immunological,Secondary_or_other_Thrombocytopaenia,Tea intake,0.017870463,11
Haematological_or_immunological,Secondary_or_other_Thrombocytopaenia,Days/week of walk 10+ mins,0.017441917,12
Haematological_or_immunological,Secondary_or_other_Thrombocytopaenia,Cheese: 2-4/week,0.017282423,13
Haematological_or_immunological,Secondary_or_other_Thrombocytopaenia,Cereal intake,0.017022673,14
Haematological_or_immunological,Secondary_or_other_Thrombocytopaenia,Water intake,0.016422566,15
Haematological_or_immunological,Secondary_or_other_Thrombocytopaenia,Fresh fruit intake,0.016196577,16
Haematological_or_immunological,Secondary_or_other_Thrombocytopaenia,Duration of walks,0.016154617,17
Haematological_or_immunological,Secondary_or_other_Thrombocytopaenia,Days/week of vigorous physical activity,0.016005127,18
Haematological_or_immunological,Secondary_or_other_Thrombocytopaenia,Bread intake,0.015595116,19
Haematological_or_immunological,Secondary_or_other_Thrombocytopaenia,Stair climbing: 6-10 times,0.015165282,20
Haematological_or_immunological,Secondary_or_other_Thrombocytopaenia,Time spent watching TV,0.015051351,21
Haematological_or_immunological,Secondary_or_other_Thrombocytopaenia,Time spent using computer,0.014992384,22
Haematological_or_immunological,Secondary_or_other_Thrombocytopaenia,Alcohol: 3-4/week,0.01462879,23
Haematological_or_immunological,Secondary_or_other_Thrombocytopaenia,Time spent outdoors in summer,0.014023486,24
Haematological_or_immunological,Secondary_or_other_Thrombocytopaenia,Coffee intake,0.013971697,25
Haematological_or_immunological,Other_anaemias,Time spent watching TV,0.08317016,1
Haematological_or_immunological,Other_anaemias,Duration of walks,0.07679164,2
Haematological_or_immunological,Other_anaemias,Days/week of moderate physical activity,0.06649545,3
Haematological_or_immunological,Other_anaemias,Walking pace: Brisk,0.060578648,4
Haematological_or_immunological,Other_anaemias,Mobile use vs 2yrs: More now,0.052882764,5
Haematological_or_immunological,Other_anaemias,Drive faster: Sometimes,0.050297983,6
Haematological_or_immunological,Other_anaemias,Days/week of walk 10+ mins,0.04670962,7
Haematological_or_immunological,Other_anaemias,Smoking: Previous,0.046525512,8
Haematological_or_immunological,Other_anaemias,Time spent outdoors in summer,0.044844877,9
Haematological_or_immunological,Other_anaemias,Smoking: Never,0.041752767,10
Haematological_or_immunological,Other_anaemias,Past smoking: Never,0.04070352,11
Haematological_or_immunological,Other_anaemias,Processed meat: <1/week,0.040302247,12
Haematological_or_immunological,Other_anaemias,Daytime nap: Sometimes,0.037997156,13
Haematological_or_immunological,Other_anaemias,Snoring: Yes,0.037188858,14
Haematological_or_immunological,Other_anaemias,Daytime nap: Never/rarely,0.03588851,15
Haematological_or_immunological,Other_anaemias,Days/week of vigorous physical activity,0.035436586,16
Haematological_or_immunological,Other_anaemias,Diet change: No,0.035206128,17
Haematological_or_immunological,Other_anaemias,Mobile freq: 5-29 mins,0.03448591,18
Haematological_or_immunological,Other_anaemias,Pork: <1/week,0.03426536,19
Haematological_or_immunological,Other_anaemias,Spread: Other margarine,0.032830894,20
Haematological_or_immunological,Other_anaemias,Non-oily fish: 1/week,0.03260662,21
Haematological_or_immunological,Other_anaemias,Drive faster than limit: Never/rarely,0.032576505,22
Haematological_or_immunological,Other_anaemias,Mother: High blood pressure,0.032343946,23
Haematological_or_immunological,Other_anaemias,Fresh fruit intake,0.03104125,24
Haematological_or_immunological,Other_anaemias,Water intake,0.030424554,25
Haematological_or_immunological,Iron_deficiency_anaemia,Days/week of moderate physical activity,0.1065116,1
Haematological_or_immunological,Iron_deficiency_anaemia,Time spent watching TV,0.059013832,2
Haematological_or_immunological,Iron_deficiency_anaemia,Daytime nap: Never/rarely,0.049448546,3
Haematological_or_immunological,Iron_deficiency_anaemia,Mobile use: Five to eight years,0.04833933,4
Haematological_or_immunological,Iron_deficiency_anaemia,Walking pace: Brisk,0.047474958,5
Haematological_or_immunological,Iron_deficiency_anaemia,Mobile hand: Right,0.047382127,6
Haematological_or_immunological,Iron_deficiency_anaemia,Water intake,0.04659653,7
Haematological_or_immunological,Iron_deficiency_anaemia,Snoring: Yes,0.046002418,8
Haematological_or_immunological,Iron_deficiency_anaemia,Days/week of vigorous physical activity,0.044485386,9
Haematological_or_immunological,Iron_deficiency_anaemia,Insomnia: Sometimes,0.041441116,10
Haematological_or_immunological,Iron_deficiency_anaemia,Raw vegetable intake,0.03960725,11
Haematological_or_immunological,Iron_deficiency_anaemia,Tea intake,0.0394604,12
Haematological_or_immunological,Iron_deficiency_anaemia,Cereal intake,0.03943177,13
Haematological_or_immunological,Iron_deficiency_anaemia,Age first had sexual intercourse,0.038979515,14
Haematological_or_immunological,Iron_deficiency_anaemia,Milk: Skimmed,0.03791425,15
Haematological_or_immunological,Iron_deficiency_anaemia,Alcohol: 3-4/week,0.037425283,16
Haematological_or_immunological,Iron_deficiency_anaemia,Cheese: 2-4/week,0.036843814,17
Haematological_or_immunological,Iron_deficiency_anaemia,Hair colour: Dark brown,0.03477891,18
Haematological_or_immunological,Iron_deficiency_anaemia,Days/week of walk 10+ mins,0.03471407,19
Haematological_or_immunological,Iron_deficiency_anaemia,Bread: Wholemeal,0.033735126,20
Haematological_or_immunological,Iron_deficiency_anaemia,Get up: Very easy,0.033349857,21
Haematological_or_immunological,Iron_deficiency_anaemia,Cereal: Oat (Porridge),0.03313826,22
Haematological_or_immunological,Iron_deficiency_anaemia,Ever smoked: Yes,0.033118565,23
Haematological_or_immunological,Iron_deficiency_anaemia,Insomnia: Never/rarely,0.032683603,24
Haematological_or_immunological,Iron_deficiency_anaemia,Smoking: Previous,0.032393623,25
Haematological_or_immunological,Agranulocytosis,Days/week of moderate physical activity,0.053849913,1
Haematological_or_immunological,Agranulocytosis,Cereal intake,0.03602966,2
Haematological_or_immunological,Agranulocytosis,Days/week of walk 10+ mins,0.035863016,3
Haematological_or_immunological,Agranulocytosis,Time spent watching TV,0.03537864,4
Haematological_or_immunological,Agranulocytosis,Dried fruit intake,0.031163596,5
Haematological_or_immunological,Agranulocytosis,Raw vegetable intake,0.02923626,6
Haematological_or_immunological,Agranulocytosis,Fresh fruit intake,0.028802894,7
Haematological_or_immunological,Agranulocytosis,Get up: Very easy,0.028557431,8
Haematological_or_immunological,Agranulocytosis,Water intake,0.028315768,9
Haematological_or_immunological,Agranulocytosis,Days/week of vigorous physical activity,0.025903923,10
Haematological_or_immunological,Agranulocytosis,Insomnia: Sometimes,0.02448591,11
Haematological_or_immunological,Agranulocytosis,Coffee intake,0.024177808,12
Haematological_or_immunological,Agranulocytosis,Sleep duration,0.022993896,13
Haematological_or_immunological,Agranulocytosis,Stair climbing: 6-10 times,0.022676442,14
Haematological_or_immunological,Agranulocytosis,Cooked vegetable intake,0.022365328,15
Haematological_or_immunological,Agranulocytosis,Non-oily fish: 1/week,0.021880737,16
Haematological_or_immunological,Agranulocytosis,Bread intake,0.021811029,17
Haematological_or_immunological,Agranulocytosis,Time spent driving,0.021451497,18
Haematological_or_immunological,Agranulocytosis,Time spent outdoors in summer,0.021276271,19
Haematological_or_immunological,Agranulocytosis,Alcohol: Daily,0.021253789,20
Haematological_or_immunological,Agranulocytosis,Snoring: No,0.020251688,21
Haematological_or_immunological,Agranulocytosis,Daytime nap: Never/rarely,0.019808711,22
Haematological_or_immunological,Agranulocytosis,Salt added: Sometimes,0.019661393,23
Haematological_or_immunological,Agranulocytosis,Processed meat: <1/week,0.019542279,24
Haematological_or_immunological,Agranulocytosis,Facial ageing: Younger than you are,0.019209517,25
Infections,Viral_diseases,Time spent watching TV,0.07540503,1
Infections,Viral_diseases,Time spent outdoors in summer,0.06542575,2
Infections,Viral_diseases,Tea intake,0.062432032,3
Infections,Viral_diseases,Walking pace: Steady/average,0.05914103,4
Infections,Viral_diseases,Time spent outdoors in winter,0.057991892,5
Infections,Viral_diseases,Cooked vegetable intake,0.055833098,6
Infections,Viral_diseases,Days/week of walk 10+ mins,0.04977274,7
Infections,Viral_diseases,Days/week of moderate physical activity,0.04894697,8
Infections,Viral_diseases,Age first had sexual intercourse,0.047629148,9
Infections,Viral_diseases,Bread intake,0.047098216,10
Infections,Viral_diseases,Get up: Fairly easy,0.045655925,11
Infections,Viral_diseases,Insomnia: Sometimes,0.041553967,12
Infections,Viral_diseases,Drive faster than limit: Never/rarely,0.039642803,13
Infections,Viral_diseases,Past smoking: Never,0.03910394,14
Infections,Viral_diseases,Days/week of vigorous physical activity,0.03874121,15
Infections,Viral_diseases,Diet change: Yes (other),0.03751933,16
Infections,Viral_diseases,Daytime nap: Never/rarely,0.03542495,17
Infections,Viral_diseases,Alcohol vs 10yrs ago: Less now,0.035027966,18
Infections,Viral_diseases,Cereal intake,0.03453112,19
Infections,Viral_diseases,Non-oily fish: <1/week,0.034422062,20
Infections,Viral_diseases,Non-oily fish: 1/week,0.033818968,21
Infections,Viral_diseases,Smoking: Previous,0.03344995,22
Infections,Viral_diseases,Hair colour: Dark brown,0.033376906,23
Infections,Viral_diseases,Spread: Other margarine,0.033178724,24
Infections,Viral_diseases,Alcohol vs 10yrs ago: About the same,0.031986352,25
Infections,Urinary_Tract_Infections,Time spent watching TV,0.18495438,1
Infections,Urinary_Tract_Infections,Time spent driving,0.10926082,2
Infections,Urinary_Tract_Infections,Mobile use: More than eight years,0.0917912,3
Infections,Urinary_Tract_Infections,Bread intake,0.090773344,4
Infections,Urinary_Tract_Infections,Age first had sexual intercourse,0.08037405,5
Infections,Urinary_Tract_Infections,Dried fruit intake,0.0793417,6
Infections,Urinary_Tract_Infections,Daytime nap: Never/rarely,0.0742397,7
Infections,Urinary_Tract_Infections,Days/week of moderate physical activity,0.0633863,8
Infections,Urinary_Tract_Infections,Water intake,0.06297053,9
Infections,Urinary_Tract_Infections,Drive faster: Sometimes,0.059244405,10
Infections,Urinary_Tract_Infections,Diet change: No,0.05731313,11
Infections,Urinary_Tract_Infections,Tea intake,0.05644004,12
Infections,Urinary_Tract_Infections,Hot drink temp: Hot,0.05357368,13
Infections,Urinary_Tract_Infections,Sun protection: Most times,0.05068609,14
Infections,Urinary_Tract_Infections,Time spent outdoors in winter,0.050622452,15
Infections,Urinary_Tract_Infections,Snoring: Yes,0.050579835,16
Infections,Urinary_Tract_Infections,Walking pace: Steady/average,0.049762227,17
Infections,Urinary_Tract_Infections,Duration of walks,0.044971664,18
Infections,Urinary_Tract_Infections,Stair climbing: 6-10 times,0.044431817,19
Infections,Urinary_Tract_Infections,Sleep duration,0.044425454,20
Infections,Urinary_Tract_Infections,Walking pace: Brisk,0.044302586,21
Infections,Urinary_Tract_Infections,Days/week of walk 10+ mins,0.04418189,22
Infections,Urinary_Tract_Infections,Insomnia: Sometimes,0.043866996,23
Infections,Urinary_Tract_Infections,Pork: <1/week,0.043430958,24
Infections,Urinary_Tract_Infections,Cheese: 2-4/week,0.04335567,25
Infections,Infection_of_skin_and_subcutaneous_tissues,Days/week of walk 10+ mins,0.06412648,1
Infections,Infection_of_skin_and_subcutaneous_tissues,Days/week of vigorous physical activity,0.04978983,2
Infections,Infection_of_skin_and_subcutaneous_tissues,Water intake,0.049049176,3
Infections,Infection_of_skin_and_subcutaneous_tissues,Time spent using computer,0.048988048,4
Infections,Infection_of_skin_and_subcutaneous_tissues,Coffee intake,0.03927286,5
Infections,Infection_of_skin_and_subcutaneous_tissues,Sleep duration,0.039111394,6
Infections,Infection_of_skin_and_subcutaneous_tissues,Cereal intake,0.035465952,7
Infections,Infection_of_skin_and_subcutaneous_tissues,Sun protection: Sometimes,0.034764607,8
Infections,Infection_of_skin_and_subcutaneous_tissues,Diet change: No,0.033107776,9
Infections,Infection_of_skin_and_subcutaneous_tissues,Days/week of moderate physical activity,0.03266647,10
Infections,Infection_of_skin_and_subcutaneous_tissues,Daytime nap: Never/rarely,0.03226098,11
Infections,Infection_of_skin_and_subcutaneous_tissues,Time spent watching TV,0.031752422,12
Infections,Infection_of_skin_and_subcutaneous_tissues,Walking pace: Steady/average,0.029988086,13
Infections,Infection_of_skin_and_subcutaneous_tissues,Oily fish: 1/week,0.029169591,14
Infections,Infection_of_skin_and_subcutaneous_tissues,Fresh fruit intake,0.028919244,15
Infections,Infection_of_skin_and_subcutaneous_tissues,Tea intake,0.027216485,16
Infections,Infection_of_skin_and_subcutaneous_tissues,Spread: Other margarine,0.02446923,17
Infections,Infection_of_skin_and_subcutaneous_tissues,Diet variation: Sometimes,0.024435755,18
Infections,Infection_of_skin_and_subcutaneous_tissues,Duration of walks,0.023879716,19
Infections,Infection_of_skin_and_subcutaneous_tissues,Bread intake,0.023631953,20
Infections,Infection_of_skin_and_subcutaneous_tissues,Mobile hand: Left,0.023512315,21
Infections,Infection_of_skin_and_subcutaneous_tissues,Dried fruit intake,0.022947682,22
Infections,Infection_of_skin_and_subcutaneous_tissues,Time spent outdoors in winter,0.022696596,23
Infections,Infection_of_skin_and_subcutaneous_tissues,Pork: 1/week,0.02210218,24
Infections,Infection_of_skin_and_subcutaneous_tissues,Cooked vegetable intake,0.022066776,25
Infections,Septicaemia,Time spent watching TV,0.10849033,1
Infections,Septicaemia,Raw vegetable intake,0.09525822,2
Infections,Septicaemia,Smoking: Never,0.08534004,3
Infections,Septicaemia,Tea intake,0.07324644,4
Infections,Septicaemia,Days/week of moderate physical activity,0.07240573,5
Infections,Septicaemia,Bread: Wholemeal,0.07072494,6
Infections,Septicaemia,Age first had sexual intercourse,0.06669929,7
Infections,Septicaemia,Days/week of vigorous physical activity,0.06397382,8
Infections,Septicaemia,Smoking: Previous,0.0617792,9
Infections,Septicaemia,Beef: <1/week,0.06111528,10
Infections,Septicaemia,Dried fruit intake,0.06078304,11
Infections,Septicaemia,Days/week of walk 10+ mins,0.058466174,12
Infections,Septicaemia,Mobile use: Five to eight years,0.057943556,13
Infections,Septicaemia,Sun protection: Most times,0.055775225,14
Infections,Septicaemia,Time spent driving,0.05480628,15
Infections,Septicaemia,Daytime dozing: Never/rarely,0.053205356,16
Infections,Septicaemia,Walking pace: Brisk,0.05242694,17
Infections,Septicaemia,Past smoking: Tried once/twice,0.05162589,18
Infections,Septicaemia,Sleep duration,0.050311536,19
Infections,Septicaemia,Get up: Very easy,0.05003414,20
Infections,Septicaemia,Time spent outdoors in winter,0.04475362,21
Infections,Septicaemia,Mobile use vs 2yrs: No,0.044048414,22
Infections,Septicaemia,Cereal: Muesli,0.043515317,23
Infections,Septicaemia,Chronotype: More evening,0.042960614,24
Infections,Septicaemia,Bread intake,0.042764135,25
Infections,Mycoses,Time spent watching TV,0.06650515,1
Infections,Mycoses,Coffee intake,0.055850945,2
Infections,Mycoses,Days/week of vigorous physical activity,0.04890926,3
Infections,Mycoses,Duration of walks,0.04887858,4
Infections,Mycoses,Daytime nap: Never/rarely,0.046015363,5
Infections,Mycoses,Water intake,0.044662196,6
Infections,Mycoses,Days/week of moderate physical activity,0.03846252,7
Infections,Mycoses,Fresh fruit intake,0.036592714,8
Infections,Mycoses,Hair colour: Dark brown,0.036187097,9
Infections,Mycoses,Days/week of walk 10+ mins,0.03317119,10
Infections,Mycoses,Sun protection: Most times,0.033151377,11
Infections,Mycoses,Sleep duration,0.032229315,12
Infections,Mycoses,Daytime dozing: Sometimes,0.030509533,13
Infections,Mycoses,Dried fruit intake,0.03036038,14
Infections,Mycoses,Daytime dozing: Never/rarely,0.029402683,15
Infections,Mycoses,Snoring: No,0.028785942,16
Infections,Mycoses,Tea intake,0.027857622,17
Infections,Mycoses,Bread: Wholemeal,0.027305558,18
Infections,Mycoses,Cereal intake,0.0270674,19
Infections,Mycoses,Insomnia: Sometimes,0.026275152,20
Infections,Mycoses,Processed meat: 1/week,0.025662275,21
Infections,Mycoses,Raw vegetable intake,0.02478262,22
Infections,Mycoses,Alcohol vs 10yrs ago: Less now,0.024771608,23
Infections,Mycoses,Lamb/mutton: <1/week,0.024193276,24
Infections,Mycoses,Past smoking: Never,0.023804825,25
Infections,Lower_Respiratory_Tract_Infections,Walking pace: Brisk,0.06747092,1
Infections,Lower_Respiratory_Tract_Infections,Sun protection: Most times,0.04325629,2
Infections,Lower_Respiratory_Tract_Infections,Diet change: No,0.040802013,3
Infections,Lower_Respiratory_Tract_Infections,Coffee intake,0.040590957,4
Infections,Lower_Respiratory_Tract_Infections,Water intake,0.038584057,5
Infections,Lower_Respiratory_Tract_Infections,Time spent watching TV,0.036219425,6
Infections,Lower_Respiratory_Tract_Infections,Insomnia: Usually,0.03564916,7
Infections,Lower_Respiratory_Tract_Infections,Time spent driving,0.03482935,8
Infections,Lower_Respiratory_Tract_Infections,Days/week of moderate physical activity,0.033977717,9
Infections,Lower_Respiratory_Tract_Infections,Time spent outdoors in winter,0.031913713,10
Infections,Lower_Respiratory_Tract_Infections,Tea intake,0.031319197,11
Infections,Lower_Respiratory_Tract_Infections,Ever smoked: Yes,0.030725515,12
Infections,Lower_Respiratory_Tract_Infections,Days/week of vigorous physical activity,0.030692732,13
Infections,Lower_Respiratory_Tract_Infections,Sleep duration,0.029352104,14
Infections,Lower_Respiratory_Tract_Infections,Past smoking: Most/all days,0.029249411,15
Infections,Lower_Respiratory_Tract_Infections,Stair climbing: 11-15 times,0.028354488,16
Infections,Lower_Respiratory_Tract_Infections,Smoking: Never,0.026614085,17
Infections,Lower_Respiratory_Tract_Infections,Time spent outdoors in summer,0.026592243,18
Infections,Lower_Respiratory_Tract_Infections,Alcohol vs 10yrs ago: About the same,0.026403073,19
Infections,Lower_Respiratory_Tract_Infections,Age first had sexual intercourse,0.025062367,20
Infections,Lower_Respiratory_Tract_Infections,Chronotype: More morning,0.02495803,21
Infections,Lower_Respiratory_Tract_Infections,Days/week of walk 10+ mins,0.024523215,22
Infections,Lower_Respiratory_Tract_Infections,Cheese: 2-4/week,0.024416339,23
Infections,Lower_Respiratory_Tract_Infections,Mobile hand: Right,0.024118183,24
Infections,Lower_Respiratory_Tract_Infections,Poultry: 1/week,0.023633732,25
Infections,Ear_and_Upper_Respiratory_Tract_Infections,Days/week of moderate physical activity,0.12019054,1
Infections,Ear_and_Upper_Respiratory_Tract_Infections,Cooked vegetable intake,0.11972404,2
Infections,Ear_and_Upper_Respiratory_Tract_Infections,Diet change: No,0.09956709,3
Infections,Ear_and_Upper_Respiratory_Tract_Infections,Days/week of walk 10+ mins,0.09606358,4
Infections,Ear_and_Upper_Respiratory_Tract_Infections,Salt added: Never/rarely,0.095644645,5
Infections,Ear_and_Upper_Respiratory_Tract_Infections,Skin tanning: Get moderately tanned,0.08885129,6
Infections,Ear_and_Upper_Respiratory_Tract_Infections,Alcohol vs 10yrs ago: Less now,0.08690399,7
Infections,Ear_and_Upper_Respiratory_Tract_Infections,Drive faster than limit: Never/rarely,0.086305544,8
Infections,Ear_and_Upper_Respiratory_Tract_Infections,Get up: Very easy,0.08424456,9
Infections,Ear_and_Upper_Respiratory_Tract_Infections,Hair colour: Light brown,0.08272964,10
Infections,Ear_and_Upper_Respiratory_Tract_Infections,Processed meat: <1/week,0.08245814,11
Infections,Ear_and_Upper_Respiratory_Tract_Infections,Walking pace: Brisk,0.079888925,12
Infections,Ear_and_Upper_Respiratory_Tract_Infections,Exposure to tobacco smoke at home,0.07790785,13
Infections,Ear_and_Upper_Respiratory_Tract_Infections,Cereal intake,0.07633353,14
Infections,Ear_and_Upper_Respiratory_Tract_Infections,Beef: 1/week,0.07619904,15
Infections,Ear_and_Upper_Respiratory_Tract_Infections,Diet variation: Sometimes,0.07578697,16
Infections,Ear_and_Upper_Respiratory_Tract_Infections,Mother: High blood pressure,0.07171694,17
Infections,Ear_and_Upper_Respiratory_Tract_Infections,Facial ageing: Younger than you are,0.071284175,18
Infections,Ear_and_Upper_Respiratory_Tract_Infections,Cereal: Muesli,0.070610166,19
Infections,Ear_and_Upper_Respiratory_Tract_Infections,"Skin tanning: Never tan, only burn",0.07024543,20
Infections,Ear_and_Upper_Respiratory_Tract_Infections,Time spent outdoors in summer,0.065707974,21
Infections,Ear_and_Upper_Respiratory_Tract_Infections,Cheese: 2-4/week,0.065440714,22
Infections,Ear_and_Upper_Respiratory_Tract_Infections,Coffee intake,0.06338021,23
Infections,Ear_and_Upper_Respiratory_Tract_Infections,Mobile use: More than eight years,0.06313304,24
Infections,Ear_and_Upper_Respiratory_Tract_Infections,Tea intake,0.060630377,25
Infections,Infections_of_the_digestive_system,Time spent watching TV,0.10060055,1
Infections,Infections_of_the_digestive_system,Alcohol vs 10yrs ago: Less now,0.061148714,2
Infections,Infections_of_the_digestive_system,Diet change: No,0.057806537,3
Infections,Infections_of_the_digestive_system,Walking pace: Brisk,0.049785033,4
Infections,Infections_of_the_digestive_system,Days/week of walk 10+ mins,0.044059463,5
Infections,Infections_of_the_digestive_system,Alcohol vs 10yrs ago: About the same,0.044051033,6
Infections,Infections_of_the_digestive_system,Get up: Fairly easy,0.043555513,7
Infections,Infections_of_the_digestive_system,Daytime nap: Never/rarely,0.04188447,8
Infections,Infections_of_the_digestive_system,Days/week of vigorous physical activity,0.040892392,9
Infections,Infections_of_the_digestive_system,Bread: Wholemeal,0.040357742,10
Infections,Infections_of_the_digestive_system,Water intake,0.03864359,11
Infections,Infections_of_the_digestive_system,Cereal intake,0.038641155,12
Infections,Infections_of_the_digestive_system,Daytime nap: Sometimes,0.03574024,13
Infections,Infections_of_the_digestive_system,Past smoking: Most/all days,0.034661237,14
Infections,Infections_of_the_digestive_system,Days/week of moderate physical activity,0.03407501,15
Infections,Infections_of_the_digestive_system,Time spent driving,0.032927573,16
Infections,Infections_of_the_digestive_system,Diet change: Yes (illness),0.032598116,17
Infections,Infections_of_the_digestive_system,Sleep duration,0.03184615,18
Infections,Infections_of_the_digestive_system,Drive faster: Sometimes,0.030652517,19
Infections,Infections_of_the_digestive_system,Alcohol: 3-4/week,0.02963267,20
Infections,Infections_of_the_digestive_system,Daytime dozing: Never/rarely,0.02947608,21
Infections,Infections_of_the_digestive_system,Insomnia: Usually,0.028151399,22
Infections,Infections_of_the_digestive_system,"Skin tanning: Never tan, only burn",0.027839893,23
Infections,Infections_of_the_digestive_system,Tea intake,0.026375242,24
Infections,Infections_of_the_digestive_system,Ever smoked: No,0.025803281,25
Infections,Bacterial_Diseases,Time spent watching TV,0.11792672,1
Infections,Bacterial_Diseases,Days/week of walk 10+ mins,0.0988212,2
Infections,Bacterial_Diseases,Days/week of moderate physical activity,0.08822934,3
Infections,Bacterial_Diseases,Water intake,0.0756162,4
Infections,Bacterial_Diseases,Age first had sexual intercourse,0.075408645,5
Infections,Bacterial_Diseases,Tea intake,0.062238414,6
Infections,Bacterial_Diseases,Daytime nap: Never/rarely,0.06091223,7
Infections,Bacterial_Diseases,Alcohol vs 10yrs ago: About the same,0.057180174,8
Infections,Bacterial_Diseases,Diet change: No,0.0547949,9
Infections,Bacterial_Diseases,Daytime nap: Sometimes,0.050312474,10
Infections,Bacterial_Diseases,Time spent outdoors in summer,0.050274957,11
Infections,Bacterial_Diseases,Walking pace: Brisk,0.04845925,12
Infections,Bacterial_Diseases,Chronotype: More evening,0.048257075,13
Infections,Bacterial_Diseases,Days/week of vigorous physical activity,0.04294474,14
Infections,Bacterial_Diseases,Smoking: Never,0.042485233,15
Infections,Bacterial_Diseases,Non-oily fish: <1/week,0.0416513,16
Infections,Bacterial_Diseases,Cooked vegetable intake,0.038306948,17
Infections,Bacterial_Diseases,Processed meat: <1/week,0.03672324,18
Infections,Bacterial_Diseases,Daytime dozing: Never/rarely,0.03624889,19
Infections,Bacterial_Diseases,Walking pace: Steady/average,0.035054002,20
Infections,Bacterial_Diseases,Time spent driving,0.034733634,21
Infections,Bacterial_Diseases,Walking pace: Slow,0.034717496,22
Infections,Bacterial_Diseases,Sun protection: Always,0.03452724,23
Infections,Bacterial_Diseases,Diet variation: Sometimes,0.03385584,24
Infections,Bacterial_Diseases,Milk: Semi-skimmed,0.03330235,25
Musculoskeletal,Carpal_tunnel_syndrome,Sleep duration,0.18201195,1
Musculoskeletal,Carpal_tunnel_syndrome,Duration of walks,0.11655619,2
Musculoskeletal,Carpal_tunnel_syndrome,Time spent outdoors in summer,0.11191587,3
Musculoskeletal,Carpal_tunnel_syndrome,Tea intake,0.103523955,4
Musculoskeletal,Carpal_tunnel_syndrome,Alcohol vs 10yrs ago: About the same,0.1017591,5
Musculoskeletal,Carpal_tunnel_syndrome,Diet change: No,0.101626605,6
Musculoskeletal,Carpal_tunnel_syndrome,Hot drink temp: Hot,0.09673943,7
Musculoskeletal,Carpal_tunnel_syndrome,Dried fruit intake,0.096170165,8
Musculoskeletal,Carpal_tunnel_syndrome,Cooked vegetable intake,0.089337155,9
Musculoskeletal,Carpal_tunnel_syndrome,Insomnia: Sometimes,0.08792083,10
Musculoskeletal,Carpal_tunnel_syndrome,Insomnia: Usually,0.08674397,11
Musculoskeletal,Carpal_tunnel_syndrome,"Skin tanning: Never tan, only burn",0.08632781,12
Musculoskeletal,Carpal_tunnel_syndrome,Mobile hand: Left,0.085275605,13
Musculoskeletal,Carpal_tunnel_syndrome,Days/week of vigorous physical activity,0.07955266,14
Musculoskeletal,Carpal_tunnel_syndrome,Sun protection: Sometimes,0.07588581,15
Musculoskeletal,Carpal_tunnel_syndrome,Bread intake,0.074825756,16
Musculoskeletal,Carpal_tunnel_syndrome,Age first had sexual intercourse,0.072325855,17
Musculoskeletal,Carpal_tunnel_syndrome,Walking pace: Steady/average,0.07153912,18
Musculoskeletal,Carpal_tunnel_syndrome,Fresh fruit intake,0.07141249,19
Musculoskeletal,Carpal_tunnel_syndrome,Stair climbing: 1-5 times,0.068755224,20
Musculoskeletal,Carpal_tunnel_syndrome,Alcohol: 3-4/week,0.06786258,21
Musculoskeletal,Carpal_tunnel_syndrome,Mobile hand: Right,0.066694304,22
Musculoskeletal,Carpal_tunnel_syndrome,Past smoking: Never,0.065728426,23
Musculoskeletal,Carpal_tunnel_syndrome,Lamb/mutton: <1/week,0.06552421,24
Musculoskeletal,Carpal_tunnel_syndrome,Days/week of walk 10+ mins,0.06341679,25
Musculoskeletal,Fracture_of_wrist,Daytime nap: Sometimes,0.09148258,1
Musculoskeletal,Fracture_of_wrist,Tea intake,0.0834781,2
Musculoskeletal,Fracture_of_wrist,Time spent watching TV,0.076746196,3
Musculoskeletal,Fracture_of_wrist,Sleep duration,0.070998244,4
Musculoskeletal,Fracture_of_wrist,Non-oily fish: 1/week,0.070501335,5
Musculoskeletal,Fracture_of_wrist,Drive faster than limit: Never/rarely,0.06994862,6
Musculoskeletal,Fracture_of_wrist,Cereal intake,0.06557963,7
Musculoskeletal,Fracture_of_wrist,Facial ageing: Younger than you are,0.06400288,8
Musculoskeletal,Fracture_of_wrist,Stair climbing: 6-10 times,0.061788566,9
Musculoskeletal,Fracture_of_wrist,Snoring: Yes,0.059935376,10
Musculoskeletal,Fracture_of_wrist,Alcohol: 1-2/week,0.05943687,11
Musculoskeletal,Fracture_of_wrist,Beef: <1/week,0.051170155,12
Musculoskeletal,Fracture_of_wrist,Days/week of vigorous physical activity,0.05099994,13
Musculoskeletal,Fracture_of_wrist,Snoring: No,0.050545327,14
Musculoskeletal,Fracture_of_wrist,Age first had sexual intercourse,0.050315443,15
Musculoskeletal,Fracture_of_wrist,Time spent using computer,0.04900874,16
Musculoskeletal,Fracture_of_wrist,Fresh fruit intake,0.04685079,17
Musculoskeletal,Fracture_of_wrist,Coffee intake,0.046577107,18
Musculoskeletal,Fracture_of_wrist,Insomnia: Sometimes,0.04477214,19
Musculoskeletal,Fracture_of_wrist,Drive faster: Sometimes,0.042681556,20
Musculoskeletal,Fracture_of_wrist,Days/week of moderate physical activity,0.042151522,21
Musculoskeletal,Fracture_of_wrist,Daytime dozing: Sometimes,0.041067395,22
Musculoskeletal,Fracture_of_wrist,Mobile use: More than eight years,0.04066852,23
Musculoskeletal,Fracture_of_wrist,Time spent driving,0.03925922,24
Musculoskeletal,Fracture_of_wrist,Days/week of walk 10+ mins,0.03779831,25
Musculoskeletal,Osteoarthritis,Sleep duration,0.05596633,1
Musculoskeletal,Osteoarthritis,Walking pace: Slow,0.04999739,2
Musculoskeletal,Osteoarthritis,Insomnia: Usually,0.045264963,3
Musculoskeletal,Osteoarthritis,Time spent watching TV,0.044943202,4
Musculoskeletal,Osteoarthritis,Walking pace: Brisk,0.041886378,5
Musculoskeletal,Osteoarthritis,Lamb/mutton: <1/week,0.04150505,6
Musculoskeletal,Osteoarthritis,Walking pace: Steady/average,0.040998142,7
Musculoskeletal,Osteoarthritis,Bread intake,0.04061149,8
Musculoskeletal,Osteoarthritis,Time spent outdoors in summer,0.039368786,9
Musculoskeletal,Osteoarthritis,Diet change: No,0.039324995,10
Musculoskeletal,Osteoarthritis,Daytime dozing: Never/rarely,0.037475582,11
Musculoskeletal,Osteoarthritis,Mobile hand: Right,0.03710362,12
Musculoskeletal,Osteoarthritis,Tea intake,0.03627041,13
Musculoskeletal,Osteoarthritis,Insomnia: Never/rarely,0.0336224,14
Musculoskeletal,Osteoarthritis,Bread: Wholemeal,0.03278428,15
Musculoskeletal,Osteoarthritis,Chronotype: More morning,0.031198516,16
Musculoskeletal,Osteoarthritis,Sun protection: Sometimes,0.030499237,17
Musculoskeletal,Osteoarthritis,Alcohol vs 10yrs ago: Less now,0.02995637,18
Musculoskeletal,Osteoarthritis,Days/week of moderate physical activity,0.028368425,19
Musculoskeletal,Osteoarthritis,Diet change: Yes (illness),0.028196158,20
Musculoskeletal,Osteoarthritis,Raw vegetable intake,0.028191304,21
Musculoskeletal,Osteoarthritis,Days/week of walk 10+ mins,0.02741491,22
Musculoskeletal,Osteoarthritis,Get up: Very easy,0.026311709,23
Musculoskeletal,Osteoarthritis,Age first had sexual intercourse,0.025418624,24
Musculoskeletal,Osteoarthritis,Cooked vegetable intake,0.024924302,25
Musculoskeletal,Rheumatoid_Arthritis,Walking pace: Brisk,0.3384204,1
Musculoskeletal,Rheumatoid_Arthritis,Time spent using computer,0.30404514,2
Musculoskeletal,Rheumatoid_Arthritis,Fresh fruit intake,0.27358395,3
Musculoskeletal,Rheumatoid_Arthritis,Time spent watching TV,0.25760552,4
Musculoskeletal,Rheumatoid_Arthritis,Alcohol: 3-4/week,0.20971924,5
Musculoskeletal,Rheumatoid_Arthritis,Diet change: Yes (other),0.19288217,6
Musculoskeletal,Rheumatoid_Arthritis,Water intake,0.19128023,7
Musculoskeletal,Rheumatoid_Arthritis,Insomnia: Usually,0.16828008,8
Musculoskeletal,Rheumatoid_Arthritis,Mobile freq: Less than 5mins,0.16611798,9
Musculoskeletal,Rheumatoid_Arthritis,Non-oily fish: <1/week,0.16456757,10
Musculoskeletal,Rheumatoid_Arthritis,Bread: Wholemeal,0.16285321,11
Musculoskeletal,Rheumatoid_Arthritis,Age first had sexual intercourse,0.15466116,12
Musculoskeletal,Rheumatoid_Arthritis,"Skin tanning: Never tan, only burn",0.15273243,13
Musculoskeletal,Rheumatoid_Arthritis,Alcohol vs 10yrs ago: Less now,0.15129763,14
Musculoskeletal,Rheumatoid_Arthritis,Walking pace: Steady/average,0.14764787,15
Musculoskeletal,Rheumatoid_Arthritis,Alcohol vs 10yrs ago: More now,0.14154662,16
Musculoskeletal,Rheumatoid_Arthritis,Days/week of walk 10+ mins,0.13864389,17
Musculoskeletal,Rheumatoid_Arthritis,Mobile use vs 2yrs: No,0.12525517,18
Musculoskeletal,Rheumatoid_Arthritis,Walking pace: Slow,0.122103296,19
Musculoskeletal,Rheumatoid_Arthritis,Past smoking: Most/all days,0.1220086,20
Musculoskeletal,Rheumatoid_Arthritis,Lamb/mutton: Never,0.121200256,21
Musculoskeletal,Rheumatoid_Arthritis,Get up: Fairly easy,0.12029043,22
Musculoskeletal,Rheumatoid_Arthritis,Sleep duration,0.11879894,23
Musculoskeletal,Rheumatoid_Arthritis,Beef: 1/week,0.118489884,24
Musculoskeletal,Rheumatoid_Arthritis,Spread: Butter,0.116574556,25
Musculoskeletal,Enthesopathies_and_synovial_disorders,Days/week of vigorous physical activity,0.026841328,1
Musculoskeletal,Enthesopathies_and_synovial_disorders,Time spent outdoors in winter,0.025762545,2
Musculoskeletal,Enthesopathies_and_synovial_disorders,Beef: <1/week,0.023477178,3
Musculoskeletal,Enthesopathies_and_synovial_disorders,Days/week of moderate physical activity,0.02107117,4
Musculoskeletal,Enthesopathies_and_synovial_disorders,Water intake,0.020863796,5
Musculoskeletal,Enthesopathies_and_synovial_disorders,Hot drink temp: Hot,0.020141276,6
Musculoskeletal,Enthesopathies_and_synovial_disorders,Ever smoked: Yes,0.019722076,7
Musculoskeletal,Enthesopathies_and_synovial_disorders,Cereal intake,0.019679071,8
Musculoskeletal,Enthesopathies_and_synovial_disorders,Spread: Butter,0.019045064,9
Musculoskeletal,Enthesopathies_and_synovial_disorders,Time spent using computer,0.018983059,10
Musculoskeletal,Enthesopathies_and_synovial_disorders,Salt added: Never/rarely,0.01871396,11
Musculoskeletal,Enthesopathies_and_synovial_disorders,Diet variation: Never/rarely,0.018624758,12
Musculoskeletal,Enthesopathies_and_synovial_disorders,Time spent driving,0.018458635,13
Musculoskeletal,Enthesopathies_and_synovial_disorders,Cheese: 2-4/week,0.018070072,14
Musculoskeletal,Enthesopathies_and_synovial_disorders,Days/week of walk 10+ mins,0.01798158,15
Musculoskeletal,Enthesopathies_and_synovial_disorders,Time spent watching TV,0.017930014,16
Musculoskeletal,Enthesopathies_and_synovial_disorders,Hair colour: Dark brown,0.017833116,17
Musculoskeletal,Enthesopathies_and_synovial_disorders,Mobile use: Five to eight years,0.017206669,18
Musculoskeletal,Enthesopathies_and_synovial_disorders,Poultry: 2-4/week,0.016950365,19
Musculoskeletal,Enthesopathies_and_synovial_disorders,Sleep duration,0.016688844,20
Musculoskeletal,Enthesopathies_and_synovial_disorders,Fresh fruit intake,0.016473955,21
Musculoskeletal,Enthesopathies_and_synovial_disorders,Diet variation: Sometimes,0.016453952,22
Musculoskeletal,Enthesopathies_and_synovial_disorders,Facial ageing: Younger than you are,0.016048219,23
Musculoskeletal,Enthesopathies_and_synovial_disorders,Bread intake,0.015994092,24
Musculoskeletal,Enthesopathies_and_synovial_disorders,Insomnia: Sometimes,0.015275068,25
Musculoskeletal,Gout,Cereal intake,0.059129387,1
Musculoskeletal,Gout,Days/week of vigorous physical activity,0.054027576,2
Musculoskeletal,Gout,Bread intake,0.05142349,3
Musculoskeletal,Gout,Age first had sexual intercourse,0.047836605,4
Musculoskeletal,Gout,Water intake,0.047080964,5
Musculoskeletal,Gout,Coffee intake,0.04650537,6
Musculoskeletal,Gout,Get up: Very easy,0.045476936,7
Musculoskeletal,Gout,Alcohol vs 10yrs ago: Less now,0.045240093,8
Musculoskeletal,Gout,Cooked vegetable intake,0.04445457,9
Musculoskeletal,Gout,Duration of walks,0.04260133,10
Musculoskeletal,Gout,Raw vegetable intake,0.041669857,11
Musculoskeletal,Gout,Get up: Fairly easy,0.04084403,12
Musculoskeletal,Gout,Hair colour: Light brown,0.037934642,13
Musculoskeletal,Gout,Lamb/mutton: Never,0.036985524,14
Musculoskeletal,Gout,Alcohol: Daily,0.03660594,15
Musculoskeletal,Gout,Days/week of moderate physical activity,0.035111163,16
Musculoskeletal,Gout,Time spent using computer,0.034023933,17
Musculoskeletal,Gout,Facial ageing: Younger than you are,0.033736326,18
Musculoskeletal,Gout,Diet variation: Sometimes,0.032932457,19
Musculoskeletal,Gout,Days/week of walk 10+ mins,0.03224877,20
Musculoskeletal,Gout,Beef: <1/week,0.032187544,21
Musculoskeletal,Gout,Mobile use vs 2yrs: More now,0.031993106,22
Musculoskeletal,Gout,Poultry: 1/week,0.0315147,23
Musculoskeletal,Gout,Smoking: Never,0.031428296,24
Musculoskeletal,Gout,Walking pace: Brisk,0.031222772,25
Musculoskeletal,Osteoporosis,Time spent outdoors in summer,0.13502134,1
Musculoskeletal,Osteoporosis,Walking pace: Steady/average,0.11747046,2
Musculoskeletal,Osteoporosis,Time spent driving,0.11480806,3
Musculoskeletal,Osteoporosis,Bread: Wholemeal,0.113053866,4
Musculoskeletal,Osteoporosis,Days/week of moderate physical activity,0.10717678,5
Musculoskeletal,Osteoporosis,Diet change: Yes (other),0.09935029,6
Musculoskeletal,Osteoporosis,Diet change: No,0.09237247,7
Musculoskeletal,Osteoporosis,Pork: <1/week,0.08670376,8
Musculoskeletal,Osteoporosis,Insomnia: Sometimes,0.08521481,9
Musculoskeletal,Osteoporosis,Days/week of vigorous physical activity,0.0848395,10
Musculoskeletal,Osteoporosis,Time spent watching TV,0.08355914,11
Musculoskeletal,Osteoporosis,Smoking: Never,0.08327243,12
Musculoskeletal,Osteoporosis,Time spent outdoors in winter,0.075683065,13
Musculoskeletal,Osteoporosis,Get up: Very easy,0.073964626,14
Musculoskeletal,Osteoporosis,Cereal intake,0.072590604,15
Musculoskeletal,Osteoporosis,Daytime nap: Sometimes,0.0720986,16
Musculoskeletal,Osteoporosis,Sleep duration,0.071171716,17
Musculoskeletal,Osteoporosis,Walking pace: Brisk,0.07049603,18
Musculoskeletal,Osteoporosis,Walking pace: Slow,0.06906207,19
Musculoskeletal,Osteoporosis,Water intake,0.068107806,20
Musculoskeletal,Osteoporosis,Coffee intake,0.06643131,21
Musculoskeletal,Osteoporosis,Mobile use: Five to eight years,0.065275446,22
Musculoskeletal,Osteoporosis,Mobile freq: 30-59 mins,0.064856775,23
Musculoskeletal,Osteoporosis,Milk: Skimmed,0.06475183,24
Musculoskeletal,Osteoporosis,Past smoking: Tried once/twice,0.06425852,25
Musculoskeletal,Spinal_stenosis,Sleep duration,0.10103876,1
Musculoskeletal,Spinal_stenosis,Time spent outdoors in summer,0.076672375,2
Musculoskeletal,Spinal_stenosis,Walking pace: Brisk,0.075550266,3
Musculoskeletal,Spinal_stenosis,Smoking: Previous,0.07126894,4
Musculoskeletal,Spinal_stenosis,Water intake,0.06763113,5
Musculoskeletal,Spinal_stenosis,Spread: Other margarine,0.065633774,6
Musculoskeletal,Spinal_stenosis,Diet variation: Sometimes,0.06557748,7
Musculoskeletal,Spinal_stenosis,Days/week of moderate physical activity,0.06538479,8
Musculoskeletal,Spinal_stenosis,Mobile hand: Left,0.06211572,9
Musculoskeletal,Spinal_stenosis,Smoking: Never,0.061851982,10
Musculoskeletal,Spinal_stenosis,Salt added: Never/rarely,0.061148558,11
Musculoskeletal,Spinal_stenosis,Age first had sexual intercourse,0.060466945,12
Musculoskeletal,Spinal_stenosis,Facial ageing: Younger than you are,0.059275523,13
Musculoskeletal,Spinal_stenosis,Cereal intake,0.05910175,14
Musculoskeletal,Spinal_stenosis,Days/week of walk 10+ mins,0.05299734,15
Musculoskeletal,Spinal_stenosis,Insomnia: Never/rarely,0.051827457,16
Musculoskeletal,Spinal_stenosis,Insomnia: Usually,0.05078811,17
Musculoskeletal,Spinal_stenosis,Time spent watching TV,0.049740087,18
Musculoskeletal,Spinal_stenosis,Coffee intake,0.04916937,19
Musculoskeletal,Spinal_stenosis,Tea intake,0.048500177,20
Musculoskeletal,Spinal_stenosis,Beef: <1/week,0.04771148,21
Musculoskeletal,Spinal_stenosis,Walking pace: Slow,0.047392298,22
Musculoskeletal,Spinal_stenosis,Get up: Very easy,0.04726956,23
Musculoskeletal,Spinal_stenosis,Past smoking: Most/all days,0.046434466,24
Musculoskeletal,Spinal_stenosis,Salt added: Usually,0.04448262,25
Musculoskeletal,Fracture_of_hip,Cheese: 2-4/week,0.08470748,1
Musculoskeletal,Fracture_of_hip,Days/week of walk 10+ mins,0.07483524,2
Musculoskeletal,Fracture_of_hip,Insomnia: Sometimes,0.05724727,3
Musculoskeletal,Fracture_of_hip,Oily fish: <1/week,0.05587069,4
Musculoskeletal,Fracture_of_hip,Days/week of moderate physical activity,0.054275103,5
Musculoskeletal,Fracture_of_hip,Poultry: 2-4/week,0.054023087,6
Musculoskeletal,Fracture_of_hip,Pork: <1/week,0.05337254,7
Musculoskeletal,Fracture_of_hip,Days/week of vigorous physical activity,0.053132534,8
Musculoskeletal,Fracture_of_hip,Time spent driving,0.051404886,9
Musculoskeletal,Fracture_of_hip,Hair colour: Dark brown,0.04980475,10
Musculoskeletal,Fracture_of_hip,Time spent outdoors in summer,0.04790678,11
Musculoskeletal,Fracture_of_hip,Cooked vegetable intake,0.047524985,12
Musculoskeletal,Fracture_of_hip,Skin tanning: Get moderately tanned,0.045657303,13
Musculoskeletal,Fracture_of_hip,Cereal intake,0.044676647,14
Musculoskeletal,Fracture_of_hip,Bread: Wholemeal,0.04327827,15
Musculoskeletal,Fracture_of_hip,Past smoking: Most/all days,0.042683657,16
Musculoskeletal,Fracture_of_hip,Sun protection: Most times,0.041791543,17
Musculoskeletal,Fracture_of_hip,Sleep duration,0.041500237,18
Musculoskeletal,Fracture_of_hip,Father: Heart disease,0.040791463,19
Musculoskeletal,Fracture_of_hip,Smoking: Previous,0.040342476,20
Musculoskeletal,Fracture_of_hip,Duration of walks,0.040204324,21
Musculoskeletal,Fracture_of_hip,Mother: Diabetes,0.040032037,22
Musculoskeletal,Fracture_of_hip,Lamb/mutton: <1/week,0.039712705,23
Musculoskeletal,Fracture_of_hip,Tea intake,0.03842843,24
Musculoskeletal,Fracture_of_hip,Stair climbing: 1-5 times,0.038154442,25
Musculoskeletal,Intervertebral_disc_disorders,Time spent watching TV,0.10249806,1
Musculoskeletal,Intervertebral_disc_disorders,Walking pace: Brisk,0.093888536,2
Musculoskeletal,Intervertebral_disc_disorders,Fresh fruit intake,0.088919334,3
Musculoskeletal,Intervertebral_disc_disorders,Alcohol vs 10yrs ago: Less now,0.088427626,4
Musculoskeletal,Intervertebral_disc_disorders,Bread intake,0.0828811,5
Musculoskeletal,Intervertebral_disc_disorders,Smoking: Never,0.07091083,6
Musculoskeletal,Intervertebral_disc_disorders,Days/week of moderate physical activity,0.06866527,7
Musculoskeletal,Intervertebral_disc_disorders,Tea intake,0.064587854,8
Musculoskeletal,Intervertebral_disc_disorders,Non-oily fish: 1/week,0.06299986,9
Musculoskeletal,Intervertebral_disc_disorders,Sun protection: Most times,0.062974736,10
Musculoskeletal,Intervertebral_disc_disorders,Daytime nap: Never/rarely,0.061802007,11
Musculoskeletal,Intervertebral_disc_disorders,Time spent outdoors in winter,0.058179226,12
Musculoskeletal,Intervertebral_disc_disorders,Past smoking: Never,0.05772633,13
Musculoskeletal,Intervertebral_disc_disorders,Days/week of walk 10+ mins,0.05653502,14
Musculoskeletal,Intervertebral_disc_disorders,Ever smoked: Yes,0.053150024,15
Musculoskeletal,Intervertebral_disc_disorders,Insomnia: Usually,0.053061448,16
Musculoskeletal,Intervertebral_disc_disorders,Time spent using computer,0.05286192,17
Musculoskeletal,Intervertebral_disc_disorders,Drive faster than limit: Never/rarely,0.05211692,18
Musculoskeletal,Intervertebral_disc_disorders,Time spent driving,0.051388398,19
Musculoskeletal,Intervertebral_disc_disorders,Alcohol vs 10yrs ago: About the same,0.04792532,20
Musculoskeletal,Intervertebral_disc_disorders,Stair climbing: 6-10 times,0.046111006,21
Musculoskeletal,Intervertebral_disc_disorders,Snoring: Yes,0.04549025,22
Musculoskeletal,Intervertebral_disc_disorders,Age first had sexual intercourse,0.043451056,23
Musculoskeletal,Intervertebral_disc_disorders,Hair colour: Dark brown,0.04276845,24
Musculoskeletal,Intervertebral_disc_disorders,Ever smoked: No,0.042679206,25
Musculoskeletal,Polymyalgia_Rheumatica,Age first had sexual intercourse,0.03535104,1
Musculoskeletal,Polymyalgia_Rheumatica,Days/week of moderate physical activity,0.028930621,2
Musculoskeletal,Polymyalgia_Rheumatica,Time spent watching TV,0.028421167,3
Musculoskeletal,Polymyalgia_Rheumatica,Days/week of walk 10+ mins,0.024991708,4
Musculoskeletal,Polymyalgia_Rheumatica,Raw vegetable intake,0.022915201,5
Musculoskeletal,Polymyalgia_Rheumatica,Pork: <1/week,0.022893399,6
Musculoskeletal,Polymyalgia_Rheumatica,Coffee intake,0.022539495,7
Musculoskeletal,Polymyalgia_Rheumatica,Time spent outdoors in summer,0.020934429,8
Musculoskeletal,Polymyalgia_Rheumatica,Milk: Semi-skimmed,0.020669827,9
Musculoskeletal,Polymyalgia_Rheumatica,Drive faster than limit: Never/rarely,0.020647319,10
Musculoskeletal,Polymyalgia_Rheumatica,Get up: Fairly easy,0.02026315,11
Musculoskeletal,Polymyalgia_Rheumatica,Tea intake,0.020250227,12
Musculoskeletal,Polymyalgia_Rheumatica,Cereal intake,0.020045727,13
Musculoskeletal,Polymyalgia_Rheumatica,Alcohol vs 10yrs ago: Less now,0.019514658,14
Musculoskeletal,Polymyalgia_Rheumatica,Time spent using computer,0.019254455,15
Musculoskeletal,Polymyalgia_Rheumatica,Beef: <1/week,0.019206135,16
Musculoskeletal,Polymyalgia_Rheumatica,Days/week of vigorous physical activity,0.01918287,17
Musculoskeletal,Polymyalgia_Rheumatica,Time spent driving,0.019017985,18
Musculoskeletal,Polymyalgia_Rheumatica,Salt added: Sometimes,0.018832963,19
Musculoskeletal,Polymyalgia_Rheumatica,Alcohol: 3-4/week,0.018781126,20
Musculoskeletal,Polymyalgia_Rheumatica,Cooked vegetable intake,0.017952207,21
Musculoskeletal,Polymyalgia_Rheumatica,Water intake,0.017944302,22
Musculoskeletal,Polymyalgia_Rheumatica,Diet variation: Sometimes,0.017873071,23
Musculoskeletal,Polymyalgia_Rheumatica,Sleep duration,0.017850924,24
Musculoskeletal,Polymyalgia_Rheumatica,Poultry: 1/week,0.017635431,25
Musculoskeletal,Spondylosis,Time spent watching TV,0.08264513,1
Musculoskeletal,Spondylosis,Walking pace: Brisk,0.053805012,2
Musculoskeletal,Spondylosis,Insomnia: Usually,0.051752523,3
Musculoskeletal,Spondylosis,Water intake,0.043401085,4
Musculoskeletal,Spondylosis,Diet change: No,0.039870244,5
Musculoskeletal,Spondylosis,Walking pace: Slow,0.03387142,6
Musculoskeletal,Spondylosis,Sleep duration,0.029941237,7
Musculoskeletal,Spondylosis,Insomnia: Never/rarely,0.026582608,8
Musculoskeletal,Spondylosis,Daytime nap: Never/rarely,0.026197363,9
Musculoskeletal,Spondylosis,Tea intake,0.025585828,10
Musculoskeletal,Spondylosis,Daytime dozing: Never/rarely,0.024556335,11
Musculoskeletal,Spondylosis,Drive faster than limit: Never/rarely,0.02436339,12
Musculoskeletal,Spondylosis,Days/week of moderate physical activity,0.023983676,13
Musculoskeletal,Spondylosis,Get up: Fairly easy,0.02380514,14
Musculoskeletal,Spondylosis,Get up: Very easy,0.023616029,15
Musculoskeletal,Spondylosis,Snoring: No,0.02320091,16
Musculoskeletal,Spondylosis,Bread: Wholemeal,0.022958878,17
Musculoskeletal,Spondylosis,Mobile use: More than eight years,0.022346374,18
Musculoskeletal,Spondylosis,Coffee intake,0.020791357,19
Musculoskeletal,Spondylosis,Ever smoked: No,0.020735381,20
Musculoskeletal,Spondylosis,Snoring: Yes,0.020733224,21
Musculoskeletal,Spondylosis,Insomnia: Sometimes,0.020514414,22
Musculoskeletal,Spondylosis,Cereal intake,0.020484284,23
Musculoskeletal,Spondylosis,Age first had sexual intercourse,0.019848345,24
Musculoskeletal,Spondylosis,Skin tanning: Get very tanned,0.019742172,25
Neurological,Motor_neuron_disease,Days/week of walk 10+ mins,0.030916236,1
Neurological,Motor_neuron_disease,Days/week of moderate physical activity,0.029811613,2
Neurological,Motor_neuron_disease,Coffee intake,0.028458944,3
Neurological,Motor_neuron_disease,Spread: Other margarine,0.02577738,4
Neurological,Motor_neuron_disease,Drive faster than limit: Never/rarely,0.02512769,5
Neurological,Motor_neuron_disease,Water intake,0.022842802,6
Neurological,Motor_neuron_disease,Sleep duration,0.021384485,7
Neurological,Motor_neuron_disease,Days/week of vigorous physical activity,0.021306453,8
Neurological,Motor_neuron_disease,Diet variation: Sometimes,0.020865345,9
Neurological,Motor_neuron_disease,Cereal intake,0.020515554,10
Neurological,Motor_neuron_disease,Bread: Wholemeal,0.020378757,11
Neurological,Motor_neuron_disease,Skin colour: Fair,0.019824835,12
Neurological,Motor_neuron_disease,Hair colour: Light brown,0.019815473,13
Neurological,Motor_neuron_disease,Beef: <1/week,0.018524282,14
Neurological,Motor_neuron_disease,Fresh fruit intake,0.018452812,15
Neurological,Motor_neuron_disease,Time spent watching TV,0.018410232,16
Neurological,Motor_neuron_disease,Time spent driving,0.01797671,17
Neurological,Motor_neuron_disease,Time spent outdoors in summer,0.017089475,18
Neurological,Motor_neuron_disease,Daytime nap: Sometimes,0.016935512,19
Neurological,Motor_neuron_disease,Tea intake,0.016933857,20
Neurological,Motor_neuron_disease,Bread intake,0.016577559,21
Neurological,Motor_neuron_disease,Alcohol: 3-4/week,0.01612194,22
Neurological,Motor_neuron_disease,Cooked vegetable intake,0.015913522,23
Neurological,Motor_neuron_disease,Time spent using computer,0.015190893,24
Neurological,Motor_neuron_disease,Daytime dozing: Never/rarely,0.015179877,25
Neurological,Migraine,Days/week of moderate physical activity,0.40199178,1
Neurological,Migraine,Sleep duration,0.23791848,2
Neurological,Migraine,Get up: Fairly easy,0.2353121,3
Neurological,Migraine,Bread intake,0.22889997,4
Neurological,Migraine,Diet change: No,0.22712927,5
Neurological,Migraine,Insomnia: Never/rarely,0.22476399,6
Neurological,Migraine,Tea intake,0.2193414,7
Neurological,Migraine,Water intake,0.21519554,8
Neurological,Migraine,Mobile use: Five to eight years,0.20172244,9
Neurological,Migraine,Salt added: Never/rarely,0.19960277,10
Neurological,Migraine,Cooked vegetable intake,0.19173594,11
Neurological,Migraine,Diet variation: Never/rarely,0.18767412,12
Neurological,Migraine,Cereal intake,0.17973399,13
Neurological,Migraine,Walking pace: Brisk,0.17134403,14
Neurological,Migraine,Drive faster: Sometimes,0.16438282,15
Neurological,Migraine,Poultry: 2-4/week,0.16300108,16
Neurological,Migraine,Time spent outdoors in winter,0.16072989,17
Neurological,Migraine,Processed meat: <1/week,0.15879785,18
Neurological,Migraine,Mobile use: Never,0.15802276,19
Neurological,Migraine,Milk: Semi-skimmed,0.15563065,20
Neurological,Migraine,Raw vegetable intake,0.15433337,21
Neurological,Migraine,Time spent watching TV,0.15246671,22
Neurological,Migraine,Chronotype: More morning,0.15200059,23
Neurological,Migraine,Father: Heart disease,0.14916427,24
Neurological,Migraine,Time spent outdoors in summer,0.14742857,25
Neurological,Postviral_fatigue_syndrome_neurasthenia_and_fibromyalgia,Get up: Very easy,0.14897855,1
Neurological,Postviral_fatigue_syndrome_neurasthenia_and_fibromyalgia,Get up: Fairly easy,0.13793774,2
Neurological,Postviral_fatigue_syndrome_neurasthenia_and_fibromyalgia,Insomnia: Usually,0.121806055,3
Neurological,Postviral_fatigue_syndrome_neurasthenia_and_fibromyalgia,Snoring: No,0.109903544,4
Neurological,Postviral_fatigue_syndrome_neurasthenia_and_fibromyalgia,Walking pace: Steady/average,0.10619607,5
Neurological,Postviral_fatigue_syndrome_neurasthenia_and_fibromyalgia,Insomnia: Sometimes,0.10515552,6
Neurological,Postviral_fatigue_syndrome_neurasthenia_and_fibromyalgia,Age first had sexual intercourse,0.102638386,7
Neurological,Postviral_fatigue_syndrome_neurasthenia_and_fibromyalgia,Walking pace: Brisk,0.09896594,8
Neurological,Postviral_fatigue_syndrome_neurasthenia_and_fibromyalgia,Days/week of vigorous physical activity,0.09516978,9
Neurological,Postviral_fatigue_syndrome_neurasthenia_and_fibromyalgia,Diet change: No,0.09471745,10
Neurological,Postviral_fatigue_syndrome_neurasthenia_and_fibromyalgia,Sleep duration,0.09323553,11
Neurological,Postviral_fatigue_syndrome_neurasthenia_and_fibromyalgia,Insomnia: Never/rarely,0.08422082,12
Neurological,Postviral_fatigue_syndrome_neurasthenia_and_fibromyalgia,Days/week of moderate physical activity,0.08314944,13
Neurological,Postviral_fatigue_syndrome_neurasthenia_and_fibromyalgia,Snoring: Yes,0.08301585,14
Neurological,Postviral_fatigue_syndrome_neurasthenia_and_fibromyalgia,Sun protection: Sometimes,0.08295576,15
Neurological,Postviral_fatigue_syndrome_neurasthenia_and_fibromyalgia,Stair climbing: 6-10 times,0.08168858,16
Neurological,Postviral_fatigue_syndrome_neurasthenia_and_fibromyalgia,Bread intake,0.07844039,17
Neurological,Postviral_fatigue_syndrome_neurasthenia_and_fibromyalgia,Cereal intake,0.07106767,18
Neurological,Postviral_fatigue_syndrome_neurasthenia_and_fibromyalgia,Raw vegetable intake,0.07010066,19
Neurological,Postviral_fatigue_syndrome_neurasthenia_and_fibromyalgia,Time spent driving,0.06635396,20
Neurological,Postviral_fatigue_syndrome_neurasthenia_and_fibromyalgia,Mobile use: More than eight years,0.06294622,21
Neurological,Postviral_fatigue_syndrome_neurasthenia_and_fibromyalgia,Chronotype: Definite morning,0.06180639,22
Neurological,Postviral_fatigue_syndrome_neurasthenia_and_fibromyalgia,Facial ageing: Younger than you are,0.061086487,23
Neurological,Postviral_fatigue_syndrome_neurasthenia_and_fibromyalgia,Drive faster than limit: Never/rarely,0.058744557,24
Neurological,Postviral_fatigue_syndrome_neurasthenia_and_fibromyalgia,Time spent watching TV,0.05837412,25
Psychiatric,Depression,Get up: Very easy,0.12966707,1
Psychiatric,Depression,Time spent watching TV,0.11522584,2
Psychiatric,Depression,Days/week of moderate physical activity,0.1119332,3
Psychiatric,Depression,Water intake,0.101849854,4
Psychiatric,Depression,Walking pace: Brisk,0.100285895,5
Psychiatric,Depression,Insomnia: Usually,0.07855652,6
Psychiatric,Depression,Time spent driving,0.07645154,7
Psychiatric,Depression,Alcohol: 3-4/week,0.07124592,8
Psychiatric,Depression,Daytime nap: Never/rarely,0.068771444,9
Psychiatric,Depression,Smoking: Never,0.062757164,10
Psychiatric,Depression,Insomnia: Never/rarely,0.06082239,11
Psychiatric,Depression,Mobile use: More than eight years,0.060117826,12
Psychiatric,Depression,Days/week of walk 10+ mins,0.058399923,13
Psychiatric,Depression,Daytime dozing: Never/rarely,0.05570278,14
Psychiatric,Depression,Get up: Fairly easy,0.054975275,15
Psychiatric,Depression,Walking pace: Steady/average,0.048912276,16
Psychiatric,Depression,Mother: Severe depression,0.048597127,17
Psychiatric,Depression,Hot drink temp: Hot,0.046636987,18
Psychiatric,Depression,Drive faster: Sometimes,0.046365213,19
Psychiatric,Depression,Pork: <1/week,0.04545409,20
Psychiatric,Depression,Age first had sexual intercourse,0.044966213,21
Psychiatric,Depression,Cereal intake,0.044602036,22
Psychiatric,Depression,Cereal: Oat (Porridge),0.043884765,23
Psychiatric,Depression,Sleep duration,0.04243941,24
Psychiatric,Depression,Get up: Not very easy,0.042289503,25
Psychiatric,Dementia,Time spent watching TV,0.12144787,1
Psychiatric,Dementia,Alcohol vs 10yrs ago: Less now,0.104315035,2
Psychiatric,Dementia,Mother: High blood pressure,0.10127218,3
Psychiatric,Dementia,Dried fruit intake,0.0967104,4
Psychiatric,Dementia,Facial ageing: Younger than you are,0.09067343,5
Psychiatric,Dementia,Time spent using computer,0.076352,6
Psychiatric,Dementia,Sleep duration,0.07594764,7
Psychiatric,Dementia,Drive faster than limit: Never/rarely,0.07572294,8
Psychiatric,Dementia,Days/week of walk 10+ mins,0.07122943,9
Psychiatric,Dementia,Alcohol vs 10yrs ago: About the same,0.06708014,10
Psychiatric,Dementia,Hot drink temp: Hot,0.065111406,11
Psychiatric,Dementia,Get up: Fairly easy,0.061579186,12
Psychiatric,Dementia,Mobile use: More than eight years,0.057503417,13
Psychiatric,Dementia,Walking pace: Brisk,0.055968437,14
Psychiatric,Dementia,Insomnia: Never/rarely,0.0545229,15
Psychiatric,Dementia,Oily fish: <1/week,0.053128734,16
Psychiatric,Dementia,Time spent outdoors in winter,0.05128069,17
Psychiatric,Dementia,Daytime dozing: Never/rarely,0.04850042,18
Psychiatric,Dementia,Cheese: 2-4/week,0.04800759,19
Psychiatric,Dementia,Fresh fruit intake,0.047376476,20
Psychiatric,Dementia,Coffee intake,0.04694541,21
Psychiatric,Dementia,Smoking: Never,0.046620816,22
Psychiatric,Dementia,Cereal intake,0.046114754,23
Psychiatric,Dementia,Processed meat: <1/week,0.046097144,24
Psychiatric,Dementia,Insomnia: Usually,0.045689914,25
Psychiatric,Delirium_not_induced_by_alcohol_and_other_psychoactive_substances,Time spent watching TV,0.1107046,1
Psychiatric,Delirium_not_induced_by_alcohol_and_other_psychoactive_substances,Daytime nap: Never/rarely,0.06403813,2
Psychiatric,Delirium_not_induced_by_alcohol_and_other_psychoactive_substances,Time spent driving,0.062321182,3
Psychiatric,Delirium_not_induced_by_alcohol_and_other_psychoactive_substances,Walking pace: Brisk,0.061443996,4
Psychiatric,Delirium_not_induced_by_alcohol_and_other_psychoactive_substances,Drive faster: Sometimes,0.05720089,5
Psychiatric,Delirium_not_induced_by_alcohol_and_other_psychoactive_substances,Mother: High blood pressure,0.056559477,6
Psychiatric,Delirium_not_induced_by_alcohol_and_other_psychoactive_substances,Diet change: No,0.052324142,7
Psychiatric,Delirium_not_induced_by_alcohol_and_other_psychoactive_substances,Time spent using computer,0.050814766,8
Psychiatric,Delirium_not_induced_by_alcohol_and_other_psychoactive_substances,Days/week of walk 10+ mins,0.049638376,9
Psychiatric,Delirium_not_induced_by_alcohol_and_other_psychoactive_substances,Cereal intake,0.048975408,10
Psychiatric,Delirium_not_induced_by_alcohol_and_other_psychoactive_substances,Mobile use vs 2yrs: No,0.04708535,11
Psychiatric,Delirium_not_induced_by_alcohol_and_other_psychoactive_substances,Snoring: No,0.046097808,12
Psychiatric,Delirium_not_induced_by_alcohol_and_other_psychoactive_substances,Poultry: 2-4/week,0.045890935,13
Psychiatric,Delirium_not_induced_by_alcohol_and_other_psychoactive_substances,Sleep duration,0.045789406,14
Psychiatric,Delirium_not_induced_by_alcohol_and_other_psychoactive_substances,Beef: <1/week,0.04534703,15
Psychiatric,Delirium_not_induced_by_alcohol_and_other_psychoactive_substances,Processed meat: 1/week,0.044850312,16
Psychiatric,Delirium_not_induced_by_alcohol_and_other_psychoactive_substances,Chronotype: More morning,0.04395173,17
Psychiatric,Delirium_not_induced_by_alcohol_and_other_psychoactive_substances,Coffee intake,0.04297253,18
Psychiatric,Delirium_not_induced_by_alcohol_and_other_psychoactive_substances,Stair climbing: 6-10 times,0.042664178,19
Psychiatric,Delirium_not_induced_by_alcohol_and_other_psychoactive_substances,Days/week of moderate physical activity,0.042616215,20
Psychiatric,Delirium_not_induced_by_alcohol_and_other_psychoactive_substances,Days/week of vigorous physical activity,0.0425037,21
Psychiatric,Delirium_not_induced_by_alcohol_and_other_psychoactive_substances,Skin colour: Light olive,0.04240029,22
Psychiatric,Delirium_not_induced_by_alcohol_and_other_psychoactive_substances,Skin tanning: Get very tanned,0.0423469,23
Psychiatric,Delirium_not_induced_by_alcohol_and_other_psychoactive_substances,Alcohol vs 10yrs ago: About the same,0.04192039,24
Psychiatric,Delirium_not_induced_by_alcohol_and_other_psychoactive_substances,Dried fruit intake,0.041669775,25
Psychiatric,Anxiety_disorders,Time spent watching TV,0.13339458,1
Psychiatric,Anxiety_disorders,Days/week of moderate physical activity,0.07760284,2
Psychiatric,Anxiety_disorders,Alcohol vs 10yrs ago: About the same,0.077142246,3
Psychiatric,Anxiety_disorders,Bread intake,0.071971856,4
Psychiatric,Anxiety_disorders,Daytime nap: Never/rarely,0.07068649,5
Psychiatric,Anxiety_disorders,Insomnia: Usually,0.06513165,6
Psychiatric,Anxiety_disorders,Tea intake,0.061473183,7
Psychiatric,Anxiety_disorders,Walking pace: Brisk,0.056408517,8
Psychiatric,Anxiety_disorders,Alcohol: 3-4/week,0.05629264,9
Psychiatric,Anxiety_disorders,Days/week of walk 10+ mins,0.05584577,10
Psychiatric,Anxiety_disorders,Mobile use vs 2yrs: No,0.049459405,11
Psychiatric,Anxiety_disorders,Insomnia: Never/rarely,0.045296703,12
Psychiatric,Anxiety_disorders,Beef: 1/week,0.044369657,13
Psychiatric,Anxiety_disorders,Drive faster: Sometimes,0.044279102,14
Psychiatric,Anxiety_disorders,Drive faster than limit: Never/rarely,0.043820187,15
Psychiatric,Anxiety_disorders,Ever smoked: No,0.042802498,16
Psychiatric,Anxiety_disorders,Age first had sexual intercourse,0.04262627,17
Psychiatric,Anxiety_disorders,Sun protection: Sometimes,0.04066605,18
Psychiatric,Anxiety_disorders,Time spent driving,0.040320836,19
Psychiatric,Anxiety_disorders,Cereal intake,0.039781723,20
Psychiatric,Anxiety_disorders,Dried fruit intake,0.039374936,21
Psychiatric,Anxiety_disorders,Time spent outdoors in summer,0.039278973,22
Psychiatric,Anxiety_disorders,Hot drink temp: Hot,0.037941795,23
Psychiatric,Anxiety_disorders,Poultry: 1/week,0.036013983,24
Psychiatric,Anxiety_disorders,Snoring: No,0.035386167,25
Psychiatric,Alcohol_Problems,Tea intake,0.06405633,1
Psychiatric,Alcohol_Problems,Time spent driving,0.056895282,2
Psychiatric,Alcohol_Problems,Days/week of vigorous physical activity,0.053254124,3
Psychiatric,Alcohol_Problems,Alcohol: Daily,0.052843027,4
Psychiatric,Alcohol_Problems,Time spent outdoors in summer,0.05001406,5
Psychiatric,Alcohol_Problems,Smoking: Never,0.048018053,6
Psychiatric,Alcohol_Problems,Alcohol: Special occasions,0.043842707,7
Psychiatric,Alcohol_Problems,Diet change: No,0.043008704,8
Psychiatric,Alcohol_Problems,Days/week of moderate physical activity,0.03853313,9
Psychiatric,Alcohol_Problems,Drive faster than limit: Never/rarely,0.03644553,10
Psychiatric,Alcohol_Problems,Daytime nap: Never/rarely,0.03630259,11
Psychiatric,Alcohol_Problems,Ever smoked: No,0.035665542,12
Psychiatric,Alcohol_Problems,Days/week of walk 10+ mins,0.035644535,13
Psychiatric,Alcohol_Problems,Processed meat: <1/week,0.03389933,14
Psychiatric,Alcohol_Problems,Dried fruit intake,0.03300275,15
Psychiatric,Alcohol_Problems,Cereal intake,0.032089543,16
Psychiatric,Alcohol_Problems,Past smoking: Most/all days,0.03169745,17
Psychiatric,Alcohol_Problems,Time spent outdoors in winter,0.03048908,18
Psychiatric,Alcohol_Problems,Diet variation: Sometimes,0.030054662,19
Psychiatric,Alcohol_Problems,Sleep duration,0.029227624,20
Psychiatric,Alcohol_Problems,Alcohol: 1-2/week,0.027803589,21
Psychiatric,Alcohol_Problems,Fresh fruit intake,0.02770525,22
Psychiatric,Alcohol_Problems,Insomnia: Sometimes,0.027434915,23
Psychiatric,Alcohol_Problems,Salt added: Never/rarely,0.026999505,24
Psychiatric,Alcohol_Problems,Bread intake,0.026544511,25
Respiratory,Sleep_apnoea,Snoring: Yes,0.15575247,1
Respiratory,Sleep_apnoea,Snoring: No,0.12529215,2
Respiratory,Sleep_apnoea,Daytime dozing: Never/rarely,0.10823515,3
Respiratory,Sleep_apnoea,Insomnia: Usually,0.08499673,4
Respiratory,Sleep_apnoea,Mobile hand: Right,0.078169994,5
Respiratory,Sleep_apnoea,Processed meat: <1/week,0.07394614,6
Respiratory,Sleep_apnoea,Daytime nap: Never/rarely,0.06892756,7
Respiratory,Sleep_apnoea,Get up: Very easy,0.06517596,8
Respiratory,Sleep_apnoea,Diet change: No,0.06300193,9
Respiratory,Sleep_apnoea,Time spent outdoors in summer,0.059262566,10
Respiratory,Sleep_apnoea,Sun protection: Most times,0.05822721,11
Respiratory,Sleep_apnoea,Fresh fruit intake,0.05751108,12
Respiratory,Sleep_apnoea,Mobile freq: Less than 5mins,0.056475267,13
Respiratory,Sleep_apnoea,Non-oily fish: 1/week,0.056208123,14
Respiratory,Sleep_apnoea,Poultry: 2-4/week,0.055742715,15
Respiratory,Sleep_apnoea,Beef: <1/week,0.053009685,16
Respiratory,Sleep_apnoea,Ethnicity,0.052836746,17
Respiratory,Sleep_apnoea,Coffee intake,0.05168051,18
Respiratory,Sleep_apnoea,Walking pace: Brisk,0.048763562,19
Respiratory,Sleep_apnoea,Time spent using computer,0.047455493,20
Respiratory,Sleep_apnoea,Diet change: Yes (illness),0.04730522,21
Respiratory,Sleep_apnoea,Bread: Wholemeal,0.046289656,22
Respiratory,Sleep_apnoea,Past smoking: Most/all days,0.04537413,23
Respiratory,Sleep_apnoea,Age first had sexual intercourse,0.04476707,24
Respiratory,Sleep_apnoea,Sun protection: Sometimes,0.043631636,25
Respiratory,Respiratory_failure,Time spent watching TV,0.082853645,1
Respiratory,Respiratory_failure,Days/week of walk 10+ mins,0.05154165,2
Respiratory,Respiratory_failure,Walking pace: Brisk,0.050416265,3
Respiratory,Respiratory_failure,Smoking: Never,0.047057334,4
Respiratory,Respiratory_failure,Water intake,0.03533152,5
Respiratory,Respiratory_failure,Fresh fruit intake,0.034972716,6
Respiratory,Respiratory_failure,Sun protection: Most times,0.033659324,7
Respiratory,Respiratory_failure,Mother: High blood pressure,0.030821241,8
Respiratory,Respiratory_failure,Past smoking: Never,0.029436752,9
Respiratory,Respiratory_failure,Insomnia: Usually,0.028629024,10
Respiratory,Respiratory_failure,Processed meat: <1/week,0.028460003,11
Respiratory,Respiratory_failure,Dried fruit intake,0.026972447,12
Respiratory,Respiratory_failure,Oily fish: 1/week,0.026872402,13
Respiratory,Respiratory_failure,Current smoking: No,0.02653733,14
Respiratory,Respiratory_failure,Drive faster: Sometimes,0.026449602,15
Respiratory,Respiratory_failure,Time spent outdoors in winter,0.025354648,16
Respiratory,Respiratory_failure,Non-oily fish: <1/week,0.024883276,17
Respiratory,Respiratory_failure,Walking pace: Slow,0.024843806,18
Respiratory,Respiratory_failure,Tea intake,0.024744108,19
Respiratory,Respiratory_failure,Days/week of vigorous physical activity,0.024117058,20
Respiratory,Respiratory_failure,Mobile use vs 2yrs: No,0.024055181,21
Respiratory,Respiratory_failure,Past smoking: Most/all days,0.024040941,22
Respiratory,Respiratory_failure,Time spent outdoors in summer,0.023698151,23
Respiratory,Respiratory_failure,Lamb/mutton: <1/week,0.023358641,24
Respiratory,Respiratory_failure,Sleep duration,0.023277389,25
Respiratory,Pulmonary_collapse,Days/week of moderate physical activity,0.09623467,1
Respiratory,Pulmonary_collapse,Mobile freq: 5-29 mins,0.09272098,2
Respiratory,Pulmonary_collapse,Mobile hand: Left,0.089652516,3
Respiratory,Pulmonary_collapse,Coffee intake,0.07919722,4
Respiratory,Pulmonary_collapse,Insomnia: Sometimes,0.07659795,5
Respiratory,Pulmonary_collapse,Lamb/mutton: <1/week,0.07489316,6
Respiratory,Pulmonary_collapse,Days/week of walk 10+ mins,0.07343568,7
Respiratory,Pulmonary_collapse,Time spent watching TV,0.06534693,8
Respiratory,Pulmonary_collapse,Walking pace: Brisk,0.06505131,9
Respiratory,Pulmonary_collapse,Daytime dozing: Sometimes,0.06459014,10
Respiratory,Pulmonary_collapse,Past smoking: Most/all days,0.061979417,11
Respiratory,Pulmonary_collapse,Raw vegetable intake,0.061492562,12
Respiratory,Pulmonary_collapse,Daytime nap: Never/rarely,0.06066384,13
Respiratory,Pulmonary_collapse,Bread intake,0.059458166,14
Respiratory,Pulmonary_collapse,Smoking: Never,0.057766594,15
Respiratory,Pulmonary_collapse,Cereal intake,0.056209736,16
Respiratory,Pulmonary_collapse,Sleep duration,0.055452608,17
Respiratory,Pulmonary_collapse,Beef: <1/week,0.05501733,18
Respiratory,Pulmonary_collapse,Cooked vegetable intake,0.054786116,19
Respiratory,Pulmonary_collapse,Tea intake,0.05420511,20
Respiratory,Pulmonary_collapse,Age first had sexual intercourse,0.05415693,21
Respiratory,Pulmonary_collapse,Dried fruit intake,0.053584818,22
Respiratory,Pulmonary_collapse,Bread: Wholemeal,0.052590486,23
Respiratory,Pulmonary_collapse,Mobile use vs 2yrs: More now,0.052137464,24
Respiratory,Pulmonary_collapse,Snoring: No,0.05210475,25
Respiratory,Pleural_effusion,Days/week of moderate physical activity,0.13586043,1
Respiratory,Pleural_effusion,Time spent watching TV,0.10537679,2
Respiratory,Pleural_effusion,Walking pace: Brisk,0.09703067,3
Respiratory,Pleural_effusion,Smoking: Never,0.09180508,4
Respiratory,Pleural_effusion,Time spent outdoors in winter,0.08216873,5
Respiratory,Pleural_effusion,Days/week of walk 10+ mins,0.07034219,6
Respiratory,Pleural_effusion,Age first had sexual intercourse,0.06778098,7
Respiratory,Pleural_effusion,Mother: High blood pressure,0.067615174,8
Respiratory,Pleural_effusion,Coffee intake,0.0646066,9
Respiratory,Pleural_effusion,Past smoking: Never,0.061837684,10
Respiratory,Pleural_effusion,Cereal intake,0.06023856,11
Respiratory,Pleural_effusion,Poultry: 1/week,0.05725061,12
Respiratory,Pleural_effusion,Past smoking: Most/all days,0.055272043,13
Respiratory,Pleural_effusion,Fresh fruit intake,0.053222537,14
Respiratory,Pleural_effusion,Processed meat: 1/week,0.052611735,15
Respiratory,Pleural_effusion,Hair colour: Dark brown,0.051683567,16
Respiratory,Pleural_effusion,Snoring: No,0.051082835,17
Respiratory,Pleural_effusion,Bread intake,0.047377534,18
Respiratory,Pleural_effusion,Processed meat: <1/week,0.04736204,19
Respiratory,Pleural_effusion,Ever smoked: No,0.045187343,20
Respiratory,Pleural_effusion,Oily fish: <1/week,0.045082644,21
Respiratory,Pleural_effusion,Diet variation: Sometimes,0.04374629,22
Respiratory,Pleural_effusion,Insomnia: Usually,0.04372674,23
Respiratory,Pleural_effusion,Insomnia: Sometimes,0.042095147,24
Respiratory,Pleural_effusion,Mobile use vs 2yrs: More now,0.039721288,25
Respiratory,COPD,Tea intake,0.12525733,1
Respiratory,COPD,Past smoking: Most/all days,0.10198264,2
Respiratory,COPD,Smoking: Never,0.092949726,3
Respiratory,COPD,Walking pace: Brisk,0.07669326,4
Respiratory,COPD,Daytime nap: Sometimes,0.07506233,5
Respiratory,COPD,Daytime nap: Never/rarely,0.07329996,6
Respiratory,COPD,Time spent watching TV,0.07140588,7
Respiratory,COPD,Days/week of moderate physical activity,0.0630022,8
Respiratory,COPD,Days/week of vigorous physical activity,0.06253004,9
Respiratory,COPD,Cereal intake,0.058735088,10
Respiratory,COPD,Smoking: Previous,0.05539753,11
Respiratory,COPD,Salt added: Never/rarely,0.054456487,12
Respiratory,COPD,Bread intake,0.053736262,13
Respiratory,COPD,Time spent outdoors in summer,0.051794812,14
Respiratory,COPD,Sleep duration,0.051453784,15
Respiratory,COPD,Spread: Butter,0.04893714,16
Respiratory,COPD,Diet change: No,0.048785508,17
Respiratory,COPD,Skin tanning: Get very tanned,0.047623254,18
Respiratory,COPD,Raw vegetable intake,0.04752381,19
Respiratory,COPD,Mobile use vs 2yrs: More now,0.045946423,20
Respiratory,COPD,Ever smoked: No,0.044988286,21
Respiratory,COPD,Days/week of walk 10+ mins,0.04415275,22
Respiratory,COPD,Past smoking: Never,0.044132963,23
Respiratory,COPD,Insomnia: Never/rarely,0.043427862,24
Respiratory,COPD,Past smoking: Occasional,0.042752918,25
Respiratory,Bronchiectasis,Days/week of walk 10+ mins,0.074025564,1
Respiratory,Bronchiectasis,Time spent watching TV,0.07277462,2
Respiratory,Bronchiectasis,Mobile hand: Right,0.07214138,3
Respiratory,Bronchiectasis,Cereal intake,0.069335066,4
Respiratory,Bronchiectasis,Mobile use: More than eight years,0.06846632,5
Respiratory,Bronchiectasis,Walking pace: Brisk,0.06157509,6
Respiratory,Bronchiectasis,Get up: Fairly easy,0.059211954,7
Respiratory,Bronchiectasis,Stair climbing: 6-10 times,0.05875306,8
Respiratory,Bronchiectasis,Sleep duration,0.055851877,9
Respiratory,Bronchiectasis,Pork: <1/week,0.05169311,10
Respiratory,Bronchiectasis,Mother: High blood pressure,0.05020602,11
Respiratory,Bronchiectasis,Duration of walks,0.050012052,12
Respiratory,Bronchiectasis,Days/week of moderate physical activity,0.048297554,13
Respiratory,Bronchiectasis,Insomnia: Never/rarely,0.04664397,14
Respiratory,Bronchiectasis,Raw vegetable intake,0.045158327,15
Respiratory,Bronchiectasis,Cooked vegetable intake,0.04371653,16
Respiratory,Bronchiectasis,Time spent outdoors in winter,0.043562956,17
Respiratory,Bronchiectasis,Salt added: Never/rarely,0.042973053,18
Respiratory,Bronchiectasis,Poultry: 2-4/week,0.042175587,19
Respiratory,Bronchiectasis,Alcohol: Daily,0.041545033,20
Respiratory,Bronchiectasis,Computer games: Sometimes,0.040890537,21
Respiratory,Bronchiectasis,Days/week of vigorous physical activity,0.040195726,22
Respiratory,Bronchiectasis,Past smoking: Most/all days,0.03879129,23
Respiratory,Bronchiectasis,Bread intake,0.038648162,24
Respiratory,Bronchiectasis,Processed meat: <1/week,0.038028672,25
Respiratory,Allergic_and_chronic_rhinitis,Diet change: No,0.06469528,1
Respiratory,Allergic_and_chronic_rhinitis,Water intake,0.057612598,2
Respiratory,Allergic_and_chronic_rhinitis,Pork: <1/week,0.056068327,3
Respiratory,Allergic_and_chronic_rhinitis,Bread intake,0.053198393,4
Respiratory,Allergic_and_chronic_rhinitis,Days/week of walk 10+ mins,0.0520436,5
Respiratory,Allergic_and_chronic_rhinitis,Days/week of moderate physical activity,0.051382408,6
Respiratory,Allergic_and_chronic_rhinitis,Time spent outdoors in summer,0.046571538,7
Respiratory,Allergic_and_chronic_rhinitis,Days/week of vigorous physical activity,0.04388952,8
Respiratory,Allergic_and_chronic_rhinitis,Chronotype: More morning,0.0437568,9
Respiratory,Allergic_and_chronic_rhinitis,Cereal intake,0.042819276,10
Respiratory,Allergic_and_chronic_rhinitis,Duration of walks,0.04156632,11
Respiratory,Allergic_and_chronic_rhinitis,Mobile use vs 2yrs: No,0.03985738,12
Respiratory,Allergic_and_chronic_rhinitis,Time spent using computer,0.03977391,13
Respiratory,Allergic_and_chronic_rhinitis,Fresh fruit intake,0.038463358,14
Respiratory,Allergic_and_chronic_rhinitis,Time spent watching TV,0.037963387,15
Respiratory,Allergic_and_chronic_rhinitis,Lamb/mutton: <1/week,0.037789434,16
Respiratory,Allergic_and_chronic_rhinitis,Facial ageing: Younger than you are,0.03766861,17
Respiratory,Allergic_and_chronic_rhinitis,Non-oily fish: <1/week,0.037300162,18
Respiratory,Allergic_and_chronic_rhinitis,Father: Heart disease,0.036335915,19
Respiratory,Allergic_and_chronic_rhinitis,Time spent outdoors in winter,0.036112808,20
Respiratory,Allergic_and_chronic_rhinitis,Coffee intake,0.03541731,21
Respiratory,Allergic_and_chronic_rhinitis,Sleep duration,0.03474618,22
Respiratory,Allergic_and_chronic_rhinitis,Tea intake,0.034409773,23
Respiratory,Allergic_and_chronic_rhinitis,Age first had sexual intercourse,0.034357537,24
Respiratory,Allergic_and_chronic_rhinitis,Dried fruit intake,0.034239236,25
Respiratory,Asthma,Sleep duration,0.09556681,1
Respiratory,Asthma,Get up: Very easy,0.09515723,2
Respiratory,Asthma,Water intake,0.09427932,3
Respiratory,Asthma,Facial ageing: Younger than you are,0.08761364,4
Respiratory,Asthma,Cooked vegetable intake,0.087101735,5
Respiratory,Asthma,Processed meat: <1/week,0.08259995,6
Respiratory,Asthma,Insomnia: Usually,0.082176544,7
Respiratory,Asthma,Father: Chronic bronchitis,0.08138527,8
Respiratory,Asthma,Mobile use: More than eight years,0.076278515,9
Respiratory,Asthma,Insomnia: Never/rarely,0.07464816,10
Respiratory,Asthma,Walking pace: Brisk,0.074026465,11
Respiratory,Asthma,Mobile hand: Left,0.06820602,12
Respiratory,Asthma,Milk: Semi-skimmed,0.06483165,13
Respiratory,Asthma,Walking pace: Steady/average,0.06360216,14
Respiratory,Asthma,Walking pace: Slow,0.0631158,15
Respiratory,Asthma,Bread intake,0.06170292,16
Respiratory,Asthma,Facial ageing: About your age,0.059154615,17
Respiratory,Asthma,Daytime dozing: Never/rarely,0.058552124,18
Respiratory,Asthma,Tea intake,0.058434512,19
Respiratory,Asthma,Fresh fruit intake,0.058059126,20
Respiratory,Asthma,Coffee intake,0.057858955,21
Respiratory,Asthma,Mobile freq: 5-29 mins,0.055418648,22
Respiratory,Asthma,Mother: High blood pressure,0.05490925,23
Respiratory,Asthma,Raw vegetable intake,0.0539568,24
Respiratory,Asthma,Time spent outdoors in summer,0.04925651,25
Skin,Dermatitis,Time spent watching TV,0.111232445,1
Skin,Dermatitis,Fresh fruit intake,0.082639255,2
Skin,Dermatitis,Tea intake,0.08168875,3
Skin,Dermatitis,Pork: <1/week,0.08003992,4
Skin,Dermatitis,Milk: Semi-skimmed,0.077377714,5
Skin,Dermatitis,Past smoking: Never,0.070788674,6
Skin,Dermatitis,Non-oily fish: 1/week,0.06749372,7
Skin,Dermatitis,Cereal intake,0.066101626,8
Skin,Dermatitis,Chronotype: More evening,0.06595976,9
Skin,Dermatitis,Dried fruit intake,0.062709674,10
Skin,Dermatitis,Ever smoked: No,0.0625506,11
Skin,Dermatitis,Water intake,0.059656832,12
Skin,Dermatitis,Mother: High blood pressure,0.058424626,13
Skin,Dermatitis,Sleep duration,0.056560777,14
Skin,Dermatitis,Time spent outdoors in winter,0.056510653,15
Skin,Dermatitis,Hair colour: Dark brown,0.05634817,16
Skin,Dermatitis,Days/week of vigorous physical activity,0.054256897,17
Skin,Dermatitis,Time spent using computer,0.054022413,18
Skin,Dermatitis,Smoking: Previous,0.05249057,19
Skin,Dermatitis,Time spent outdoors in summer,0.05182423,20
Skin,Dermatitis,Walking pace: Steady/average,0.05161347,21
Skin,Dermatitis,Insomnia: Never/rarely,0.05082217,22
Skin,Dermatitis,Past smoking: Most/all days,0.049789235,23
Skin,Dermatitis,Bread: Wholemeal,0.04939092,24
Skin,Dermatitis,Skin tanning: Get moderately tanned,0.04740041,25
Skin,Actinic_keratosis,Time spent outdoors in winter,0.059311077,1
Skin,Actinic_keratosis,Time spent outdoors in summer,0.05911777,2
Skin,Actinic_keratosis,Bread intake,0.05702239,3
Skin,Actinic_keratosis,Hair colour: Dark brown,0.055573493,4
Skin,Actinic_keratosis,Water intake,0.05450457,5
Skin,Actinic_keratosis,Tea intake,0.050256778,6
Skin,Actinic_keratosis,Cereal intake,0.049454592,7
Skin,Actinic_keratosis,Bread: Wholemeal,0.048977554,8
Skin,Actinic_keratosis,Days/week of vigorous physical activity,0.045707792,9
Skin,Actinic_keratosis,Coffee intake,0.044438876,10
Skin,Actinic_keratosis,Chronotype: More morning,0.04434604,11
Skin,Actinic_keratosis,Fresh fruit intake,0.042231694,12
Skin,Actinic_keratosis,Days/week of walk 10+ mins,0.038684722,13
Skin,Actinic_keratosis,Age first had sexual intercourse,0.038164202,14
Skin,Actinic_keratosis,Days/week of moderate physical activity,0.037966702,15
Skin,Actinic_keratosis,Facial ageing: About your age,0.03779106,16
Skin,Actinic_keratosis,Non-oily fish: 1/week,0.037446044,17
Skin,Actinic_keratosis,Daytime nap: Sometimes,0.036913164,18
Skin,Actinic_keratosis,Pork: <1/week,0.036360182,19
Skin,Actinic_keratosis,Cheese: 1/week,0.03579623,20
Skin,Actinic_keratosis,Duration of walks,0.035687387,21
Skin,Actinic_keratosis,Mobile use: More than eight years,0.033902306,22
Skin,Actinic_keratosis,Drive faster than limit: Never/rarely,0.032491032,23
Skin,Actinic_keratosis,Hair colour: Light brown,0.031890564,24
Skin,Actinic_keratosis,Cooked vegetable intake,0.03151417,25
Skin,Psoriasis,Cereal intake,0.04283848,1
Skin,Psoriasis,Time spent outdoors in winter,0.026994903,2
Skin,Psoriasis,Tea intake,0.026451033,3
Skin,Psoriasis,Smoking: Never,0.026440125,4
Skin,Psoriasis,Past smoking: Most/all days,0.025256997,5
Skin,Psoriasis,Days/week of vigorous physical activity,0.0251769,6
Skin,Psoriasis,Days/week of moderate physical activity,0.0245816,7
Skin,Psoriasis,Diet change: No,0.024327923,8
Skin,Psoriasis,Bread intake,0.022552416,9
Skin,Psoriasis,Smoking: Previous,0.021305602,10
Skin,Psoriasis,Time spent watching TV,0.021238577,11
Skin,Psoriasis,Days/week of walk 10+ mins,0.020928588,12
Skin,Psoriasis,Alcohol: Daily,0.02084014,13
Skin,Psoriasis,Hot drink temp: Hot,0.02012597,14
Skin,Psoriasis,Coffee intake,0.019980198,15
Skin,Psoriasis,Sun protection: Most times,0.01951505,16
Skin,Psoriasis,Duration of walks,0.019260114,17
Skin,Psoriasis,Bread: Wholemeal,0.018554578,18
Skin,Psoriasis,Cheese: 1/week,0.017987125,19
Skin,Psoriasis,Water intake,0.017903158,20
Skin,Psoriasis,Diet change: Yes (other),0.017803082,21
Skin,Psoriasis,Lamb/mutton: 1/week,0.017683988,22
Skin,Psoriasis,Salt added: Never/rarely,0.017622294,23
Skin,Psoriasis,Ever smoked: Yes,0.017554106,24
Skin,Psoriasis,Time spent using computer,0.01734101,25
