Category,Disease,Protein,Importance,Rank
Benign_neoplasm_or_Carcinoma_in_situ,Benign_neoplasm_and_polyp_of_uterus_filtered,SERPINE1,0.04639025,1
Benign_neoplasm_or_Carcinoma_in_situ,Benign_neoplasm_and_polyp_of_uterus_filtered,PNLIPRP2,0.043290257,2
Benign_neoplasm_or_Carcinoma_in_situ,Benign_neoplasm_and_polyp_of_uterus_filtered,VIM,0.03812044,3
Benign_neoplasm_or_Carcinoma_in_situ,Benign_neoplasm_and_polyp_of_uterus_filtered,TWF2,0.033927,4
Benign_neoplasm_or_Carcinoma_in_situ,Benign_neoplasm_and_polyp_of_uterus_filtered,LMNB1,0.031164113,5
Benign_neoplasm_or_Carcinoma_in_situ,Benign_neoplasm_and_polyp_of_uterus_filtered,SRC,0.030845717,6
Benign_neoplasm_or_Carcinoma_in_situ,Benign_neoplasm_and_polyp_of_uterus_filtered,SAP18,0.029106066,7
Benign_neoplasm_or_Carcinoma_in_situ,Benign_neoplasm_and_polyp_of_uterus_filtered,GFAP,0.028566195,8
Benign_neoplasm_or_Carcinoma_in_situ,Benign_neoplasm_and_polyp_of_uterus_filtered,RPA2,0.02792831,9
Benign_neoplasm_or_Carcinoma_in_situ,Benign_neoplasm_and_polyp_of_uterus_filtered,PSMD1,0.025962139,10
Benign_neoplasm_or_Carcinoma_in_situ,Benign_neoplasm_and_polyp_of_uterus_filtered,ITGB1,0.024299119,11
Benign_neoplasm_or_Carcinoma_in_situ,Benign_neoplasm_and_polyp_of_uterus_filtered,FOXO3,0.023127075,12
Benign_neoplasm_or_Carcinoma_in_situ,Benign_neoplasm_and_polyp_of_uterus_filtered,TBL1X,0.021703241,13
Benign_neoplasm_or_Carcinoma_in_situ,Benign_neoplasm_and_polyp_of_uterus_filtered,LEFTY2,0.021116203,14
Benign_neoplasm_or_Carcinoma_in_situ,Benign_neoplasm_and_polyp_of_uterus_filtered,CHIT1,0.020281805,15
Benign_neoplasm_or_Carcinoma_in_situ,Benign_neoplasm_and_polyp_of_uterus_filtered,BGN,0.020260999,16
Benign_neoplasm_or_Carcinoma_in_situ,Benign_neoplasm_and_polyp_of_uterus_filtered,GSTA1,0.020226454,17
Benign_neoplasm_or_Carcinoma_in_situ,Benign_neoplasm_and_polyp_of_uterus_filtered,MYH9,0.019569086,18
Benign_neoplasm_or_Carcinoma_in_situ,Benign_neoplasm_and_polyp_of_uterus_filtered,CCNE1,0.019110357,19
Benign_neoplasm_or_Carcinoma_in_situ,Benign_neoplasm_and_polyp_of_uterus_filtered,ARID4B,0.018148404,20
Benign_neoplasm_or_Carcinoma_in_situ,Benign_neoplasm_and_polyp_of_uterus_filtered,EPS8L2,0.017998327,21
Benign_neoplasm_or_Carcinoma_in_situ,Benign_neoplasm_and_polyp_of_uterus_filtered,SMAD2,0.017961793,22
Benign_neoplasm_or_Carcinoma_in_situ,Benign_neoplasm_and_polyp_of_uterus_filtered,SFTPD,0.017774727,23
Benign_neoplasm_or_Carcinoma_in_situ,Benign_neoplasm_and_polyp_of_uterus_filtered,NPHS2,0.016948408,24
Benign_neoplasm_or_Carcinoma_in_situ,Benign_neoplasm_and_polyp_of_uterus_filtered,VPS28,0.016488748,25
Benign_neoplasm_or_Carcinoma_in_situ,Benign_neoplasm_of_colon_rectum_anus_and_anal_canal,APP,0.020448834,1
Benign_neoplasm_or_Carcinoma_in_situ,Benign_neoplasm_of_colon_rectum_anus_and_anal_canal,SERPINE1,0.0144288335,2
Benign_neoplasm_or_Carcinoma_in_situ,Benign_neoplasm_of_colon_rectum_anus_and_anal_canal,PNLIPRP2,0.013839284,3
Benign_neoplasm_or_Carcinoma_in_situ,Benign_neoplasm_of_colon_rectum_anus_and_anal_canal,FKBP1B,0.013374726,4
Benign_neoplasm_or_Carcinoma_in_situ,Benign_neoplasm_of_colon_rectum_anus_and_anal_canal,AGXT,0.013306007,5
Benign_neoplasm_or_Carcinoma_in_situ,Benign_neoplasm_of_colon_rectum_anus_and_anal_canal,PSMD9,0.012853649,6
Benign_neoplasm_or_Carcinoma_in_situ,Benign_neoplasm_of_colon_rectum_anus_and_anal_canal,PTPN6,0.012811051,7
Benign_neoplasm_or_Carcinoma_in_situ,Benign_neoplasm_of_colon_rectum_anus_and_anal_canal,VAV3,0.01278405,8
Benign_neoplasm_or_Carcinoma_in_situ,Benign_neoplasm_of_colon_rectum_anus_and_anal_canal,POLR2F,0.012343911,9
Benign_neoplasm_or_Carcinoma_in_situ,Benign_neoplasm_of_colon_rectum_anus_and_anal_canal,CDH15,0.012226733,10
Benign_neoplasm_or_Carcinoma_in_situ,Benign_neoplasm_of_colon_rectum_anus_and_anal_canal,CDKN1A,0.012008702,11
Benign_neoplasm_or_Carcinoma_in_situ,Benign_neoplasm_of_colon_rectum_anus_and_anal_canal,SIRPA,0.0117220655,12
Benign_neoplasm_or_Carcinoma_in_situ,Benign_neoplasm_of_colon_rectum_anus_and_anal_canal,SKAP2,0.011691736,13
Benign_neoplasm_or_Carcinoma_in_situ,Benign_neoplasm_of_colon_rectum_anus_and_anal_canal,TBL1X,0.0115732085,14
Benign_neoplasm_or_Carcinoma_in_situ,Benign_neoplasm_of_colon_rectum_anus_and_anal_canal,TOMM20,0.011270424,15
Benign_neoplasm_or_Carcinoma_in_situ,Benign_neoplasm_of_colon_rectum_anus_and_anal_canal,VIM,0.0111242635,16
Benign_neoplasm_or_Carcinoma_in_situ,Benign_neoplasm_of_colon_rectum_anus_and_anal_canal,TRIM25,0.010981765,17
Benign_neoplasm_or_Carcinoma_in_situ,Benign_neoplasm_of_colon_rectum_anus_and_anal_canal,FLI1,0.010876152,18
Benign_neoplasm_or_Carcinoma_in_situ,Benign_neoplasm_of_colon_rectum_anus_and_anal_canal,LMNB1,0.010782446,19
Benign_neoplasm_or_Carcinoma_in_situ,Benign_neoplasm_of_colon_rectum_anus_and_anal_canal,GSTA1,0.010112078,20
Benign_neoplasm_or_Carcinoma_in_situ,Benign_neoplasm_of_colon_rectum_anus_and_anal_canal,VPS28,0.009724755,21
Benign_neoplasm_or_Carcinoma_in_situ,Benign_neoplasm_of_colon_rectum_anus_and_anal_canal,ACY1,0.009488051,22
Benign_neoplasm_or_Carcinoma_in_situ,Benign_neoplasm_of_colon_rectum_anus_and_anal_canal,SRC,0.009461401,23
Benign_neoplasm_or_Carcinoma_in_situ,Benign_neoplasm_of_colon_rectum_anus_and_anal_canal,SULT1A1,0.009459427,24
Benign_neoplasm_or_Carcinoma_in_situ,Benign_neoplasm_of_colon_rectum_anus_and_anal_canal,F7,0.009408792,25
Benign_neoplasm_or_Carcinoma_in_situ,Leiomyoma_of_uterus_filtered,LEFTY2,0.2673739,1
Benign_neoplasm_or_Carcinoma_in_situ,Leiomyoma_of_uterus_filtered,VIM,0.12650113,2
Benign_neoplasm_or_Carcinoma_in_situ,Leiomyoma_of_uterus_filtered,SERPINE1,0.122984804,3
Benign_neoplasm_or_Carcinoma_in_situ,Leiomyoma_of_uterus_filtered,HMOX1,0.10029619,4
Benign_neoplasm_or_Carcinoma_in_situ,Leiomyoma_of_uterus_filtered,PSMD9,0.0988222,5
Benign_neoplasm_or_Carcinoma_in_situ,Leiomyoma_of_uterus_filtered,SULT1A1,0.08735461,6
Benign_neoplasm_or_Carcinoma_in_situ,Leiomyoma_of_uterus_filtered,NAMPT,0.07825525,7
Benign_neoplasm_or_Carcinoma_in_situ,Leiomyoma_of_uterus_filtered,PSMD1,0.07419869,8
Benign_neoplasm_or_Carcinoma_in_situ,Leiomyoma_of_uterus_filtered,PNLIPRP2,0.071552284,9
Benign_neoplasm_or_Carcinoma_in_situ,Leiomyoma_of_uterus_filtered,IGFBP1,0.06929353,10
Benign_neoplasm_or_Carcinoma_in_situ,Leiomyoma_of_uterus_filtered,LMNB1,0.06308722,11
Benign_neoplasm_or_Carcinoma_in_situ,Leiomyoma_of_uterus_filtered,PARK7,0.062381126,12
Benign_neoplasm_or_Carcinoma_in_situ,Leiomyoma_of_uterus_filtered,STXBP1,0.062109523,13
Benign_neoplasm_or_Carcinoma_in_situ,Leiomyoma_of_uterus_filtered,PRL,0.059063375,14
Benign_neoplasm_or_Carcinoma_in_situ,Leiomyoma_of_uterus_filtered,RUVBL1,0.057100207,15
Benign_neoplasm_or_Carcinoma_in_situ,Leiomyoma_of_uterus_filtered,MYH9,0.056529894,16
Benign_neoplasm_or_Carcinoma_in_situ,Leiomyoma_of_uterus_filtered,SMC3,0.05542393,17
Benign_neoplasm_or_Carcinoma_in_situ,Leiomyoma_of_uterus_filtered,GP1BB,0.054104324,18
Benign_neoplasm_or_Carcinoma_in_situ,Leiomyoma_of_uterus_filtered,NID2,0.054046545,19
Benign_neoplasm_or_Carcinoma_in_situ,Leiomyoma_of_uterus_filtered,PSMA1,0.051982448,20
Benign_neoplasm_or_Carcinoma_in_situ,Leiomyoma_of_uterus_filtered,SFTPD,0.051568966,21
Benign_neoplasm_or_Carcinoma_in_situ,Leiomyoma_of_uterus_filtered,CASP4,0.051417004,22
Benign_neoplasm_or_Carcinoma_in_situ,Leiomyoma_of_uterus_filtered,SERPINE2,0.051146153,23
Benign_neoplasm_or_Carcinoma_in_situ,Leiomyoma_of_uterus_filtered,APOA1,0.051107317,24
Benign_neoplasm_or_Carcinoma_in_situ,Leiomyoma_of_uterus_filtered,TIMM8A,0.050843533,25
Cancers,Primary_Malignancy_Breast,LEP,0.24908866,1
Cancers,Primary_Malignancy_Breast,KLK3,0.22386093,2
Cancers,Primary_Malignancy_Breast,CGA,0.16558176,3
Cancers,Primary_Malignancy_Breast,CALCA,0.08875474,4
Cancers,Primary_Malignancy_Breast,APOE,0.074710734,5
Cancers,Primary_Malignancy_Breast,VWF,0.06983828,6
Cancers,Primary_Malignancy_Breast,TBL1X,0.06710146,7
Cancers,Primary_Malignancy_Breast,GH1,0.06347803,8
Cancers,Primary_Malignancy_Breast,LYN,0.06327774,9
Cancers,Primary_Malignancy_Breast,SRC,0.056297373,10
Cancers,Primary_Malignancy_Breast,GGT1,0.056068365,11
Cancers,Primary_Malignancy_Breast,MMP3,0.04955199,12
Cancers,Primary_Malignancy_Breast,CA6,0.046965744,13
Cancers,Primary_Malignancy_Breast,GSTA1,0.04520032,14
Cancers,Primary_Malignancy_Breast,APP,0.044545606,15
Cancers,Primary_Malignancy_Breast,CDH15,0.04252925,16
Cancers,Primary_Malignancy_Breast,PGA4,0.040892094,17
Cancers,Primary_Malignancy_Breast,IGFBP1,0.039992057,18
Cancers,Primary_Malignancy_Breast,LPL,0.039735492,19
Cancers,Primary_Malignancy_Breast,LEFTY2,0.03825106,20
Cancers,Primary_Malignancy_Breast,PNLIPRP2,0.03821922,21
Cancers,Primary_Malignancy_Breast,NBN,0.036036376,22
Cancers,Primary_Malignancy_Breast,HSPA1A,0.035909623,23
Cancers,Primary_Malignancy_Breast,SERPINE1,0.035583947,24
Cancers,Primary_Malignancy_Breast,CHIT1,0.035206027,25
Cancers,Primary_Malignancy_Lung_and_trachea,GSTA1,0.06996322,1
Cancers,Primary_Malignancy_Lung_and_trachea,VIM,0.062512115,2
Cancers,Primary_Malignancy_Lung_and_trachea,CEACAM6,0.061607625,3
Cancers,Primary_Malignancy_Lung_and_trachea,PNLIPRP2,0.059330095,4
Cancers,Primary_Malignancy_Lung_and_trachea,SFTPD,0.05812976,5
Cancers,Primary_Malignancy_Lung_and_trachea,CHIT1,0.04372933,6
Cancers,Primary_Malignancy_Lung_and_trachea,BGN,0.034559626,7
Cancers,Primary_Malignancy_Lung_and_trachea,PNLIP,0.034498204,8
Cancers,Primary_Malignancy_Lung_and_trachea,PSMD1,0.03407401,9
Cancers,Primary_Malignancy_Lung_and_trachea,IL6,0.033159267,10
Cancers,Primary_Malignancy_Lung_and_trachea,LMNB1,0.032884575,11
Cancers,Primary_Malignancy_Lung_and_trachea,SULT1A1,0.030663077,12
Cancers,Primary_Malignancy_Lung_and_trachea,SFTPA2,0.028973678,13
Cancers,Primary_Malignancy_Lung_and_trachea,ITGB1,0.028744219,14
Cancers,Primary_Malignancy_Lung_and_trachea,HSPA2,0.028380346,15
Cancers,Primary_Malignancy_Lung_and_trachea,SRC,0.027727555,16
Cancers,Primary_Malignancy_Lung_and_trachea,FN1,0.025617933,17
Cancers,Primary_Malignancy_Lung_and_trachea,SERPINE1,0.024059633,18
Cancers,Primary_Malignancy_Lung_and_trachea,COL2A1,0.023919946,19
Cancers,Primary_Malignancy_Lung_and_trachea,PSMD9,0.023812935,20
Cancers,Primary_Malignancy_Lung_and_trachea,MSLN,0.023445034,21
Cancers,Primary_Malignancy_Lung_and_trachea,IGFBP1,0.022787211,22
Cancers,Primary_Malignancy_Lung_and_trachea,VWF,0.0221015,23
Cancers,Primary_Malignancy_Lung_and_trachea,GCG,0.022095647,24
Cancers,Primary_Malignancy_Lung_and_trachea,ATP6V1G1,0.021753201,25
Cancers,Primary_Malignancy_Prostate_filtered,KLK3,0.75459945,1
Cancers,Primary_Malignancy_Prostate_filtered,PNLIPRP2,0.12225544,2
Cancers,Primary_Malignancy_Prostate_filtered,SERPINE1,0.0902201,3
Cancers,Primary_Malignancy_Prostate_filtered,PSME2,0.08005318,4
Cancers,Primary_Malignancy_Prostate_filtered,SRC,0.070552826,5
Cancers,Primary_Malignancy_Prostate_filtered,PSMD9,0.06599382,6
Cancers,Primary_Malignancy_Prostate_filtered,PSMD1,0.058815967,7
Cancers,Primary_Malignancy_Prostate_filtered,CDKN1A,0.05706446,8
Cancers,Primary_Malignancy_Prostate_filtered,PSMA1,0.056637812,9
Cancers,Primary_Malignancy_Prostate_filtered,RUVBL1,0.05389503,10
Cancers,Primary_Malignancy_Prostate_filtered,HSPA2,0.052528188,11
Cancers,Primary_Malignancy_Prostate_filtered,RNF5,0.052428328,12
Cancers,Primary_Malignancy_Prostate_filtered,F7,0.049853142,13
Cancers,Primary_Malignancy_Prostate_filtered,AKT2,0.047945302,14
Cancers,Primary_Malignancy_Prostate_filtered,ATF2,0.047867257,15
Cancers,Primary_Malignancy_Prostate_filtered,BPIFB2,0.047153663,16
Cancers,Primary_Malignancy_Prostate_filtered,TBL1X,0.045121066,17
Cancers,Primary_Malignancy_Prostate_filtered,PAPPA,0.04437846,18
Cancers,Primary_Malignancy_Prostate_filtered,FN1,0.044098634,19
Cancers,Primary_Malignancy_Prostate_filtered,PRL,0.043492537,20
Cancers,Primary_Malignancy_Prostate_filtered,HSP90B1,0.04160307,21
Cancers,Primary_Malignancy_Prostate_filtered,PFDN6,0.040938012,22
Cancers,Primary_Malignancy_Prostate_filtered,GAS6,0.04061787,23
Cancers,Primary_Malignancy_Prostate_filtered,FURIN,0.03914305,24
Cancers,Primary_Malignancy_Prostate_filtered,VWF,0.039003473,25
Cancers,Secondary_malignancy_Liver_and_intrahepatic_bile_duct,PNLIPRP2,0.07551302,1
Cancers,Secondary_malignancy_Liver_and_intrahepatic_bile_duct,APP,0.053244676,2
Cancers,Secondary_malignancy_Liver_and_intrahepatic_bile_duct,TIMM8A,0.048102133,3
Cancers,Secondary_malignancy_Liver_and_intrahepatic_bile_duct,LYN,0.043524403,4
Cancers,Secondary_malignancy_Liver_and_intrahepatic_bile_duct,CHIT1,0.042007565,5
Cancers,Secondary_malignancy_Liver_and_intrahepatic_bile_duct,STAT5B,0.038862094,6
Cancers,Secondary_malignancy_Liver_and_intrahepatic_bile_duct,VIM,0.03658268,7
Cancers,Secondary_malignancy_Liver_and_intrahepatic_bile_duct,SERPINE1,0.03506782,8
Cancers,Secondary_malignancy_Liver_and_intrahepatic_bile_duct,MYH9,0.03451311,9
Cancers,Secondary_malignancy_Liver_and_intrahepatic_bile_duct,PSMA1,0.032083377,10
Cancers,Secondary_malignancy_Liver_and_intrahepatic_bile_duct,SRC,0.03143051,11
Cancers,Secondary_malignancy_Liver_and_intrahepatic_bile_duct,IL6,0.030878032,12
Cancers,Secondary_malignancy_Liver_and_intrahepatic_bile_duct,SHC1,0.030831661,13
Cancers,Secondary_malignancy_Liver_and_intrahepatic_bile_duct,PSMD9,0.029863628,14
Cancers,Secondary_malignancy_Liver_and_intrahepatic_bile_duct,SULT1A1,0.029331114,15
Cancers,Secondary_malignancy_Liver_and_intrahepatic_bile_duct,LMNB1,0.02829973,16
Cancers,Secondary_malignancy_Liver_and_intrahepatic_bile_duct,GGT1,0.028298069,17
Cancers,Secondary_malignancy_Liver_and_intrahepatic_bile_duct,CYB5A,0.027830342,18
Cancers,Secondary_malignancy_Liver_and_intrahepatic_bile_duct,GUCY2C,0.027144885,19
Cancers,Secondary_malignancy_Liver_and_intrahepatic_bile_duct,TBL1X,0.027030014,20
Cancers,Secondary_malignancy_Liver_and_intrahepatic_bile_duct,MYL3,0.026209943,21
Cancers,Secondary_malignancy_Liver_and_intrahepatic_bile_duct,COL4A1,0.026145624,22
Cancers,Secondary_malignancy_Liver_and_intrahepatic_bile_duct,TRIM25,0.025714768,23
Cancers,Secondary_malignancy_Liver_and_intrahepatic_bile_duct,TOMM20,0.025509764,24
Cancers,Secondary_malignancy_Liver_and_intrahepatic_bile_duct,APOE,0.0252539,25
Cancers,Secondary_Malignancy_Lung,VWF,0.055690505,1
Cancers,Secondary_Malignancy_Lung,PNLIPRP2,0.044909883,2
Cancers,Secondary_Malignancy_Lung,PSMD1,0.035425752,3
Cancers,Secondary_Malignancy_Lung,SRC,0.03452424,4
Cancers,Secondary_Malignancy_Lung,SERPINE1,0.033269864,5
Cancers,Secondary_Malignancy_Lung,CEACAM8,0.020393101,6
Cancers,Secondary_Malignancy_Lung,DNAJB1,0.02020013,7
Cancers,Secondary_Malignancy_Lung,VIM,0.020098286,8
Cancers,Secondary_Malignancy_Lung,TERF1,0.019462174,9
Cancers,Secondary_Malignancy_Lung,SFTPD,0.018640747,10
Cancers,Secondary_Malignancy_Lung,STAT5B,0.01851538,11
Cancers,Secondary_Malignancy_Lung,VPS37A,0.017780634,12
Cancers,Secondary_Malignancy_Lung,TBL1X,0.016693009,13
Cancers,Secondary_Malignancy_Lung,DCTN2,0.016455675,14
Cancers,Secondary_Malignancy_Lung,CA13,0.015061878,15
Cancers,Secondary_Malignancy_Lung,SIRPA,0.014997685,16
Cancers,Secondary_Malignancy_Lung,CEACAM6,0.014903101,17
Cancers,Secondary_Malignancy_Lung,TPR,0.014892997,18
Cancers,Secondary_Malignancy_Lung,GUCY2C,0.014416899,19
Cancers,Secondary_Malignancy_Lung,FGA,0.014147522,20
Cancers,Secondary_Malignancy_Lung,PSMD9,0.01406956,21
Cancers,Secondary_Malignancy_Lung,SULT1A1,0.013718617,22
Cancers,Secondary_Malignancy_Lung,GPC5,0.013581944,23
Cancers,Secondary_Malignancy_Lung,GSTA1,0.013389602,24
Cancers,Secondary_Malignancy_Lung,RUVBL1,0.013185546,25
Cancers,Secondary_Malignancy_Other_organs,PNLIPRP2,0.104414575,1
Cancers,Secondary_Malignancy_Other_organs,VIM,0.089071736,2
Cancers,Secondary_Malignancy_Other_organs,KLK3,0.06992887,3
Cancers,Secondary_Malignancy_Other_organs,TBL1X,0.06486468,4
Cancers,Secondary_Malignancy_Other_organs,SFTPA2,0.054419998,5
Cancers,Secondary_Malignancy_Other_organs,IGFBP1,0.047405537,6
Cancers,Secondary_Malignancy_Other_organs,POLR2F,0.042939365,7
Cancers,Secondary_Malignancy_Other_organs,FABP1,0.042927682,8
Cancers,Secondary_Malignancy_Other_organs,GGT1,0.041424897,9
Cancers,Secondary_Malignancy_Other_organs,SFTPD,0.040620912,10
Cancers,Secondary_Malignancy_Other_organs,CEACAM6,0.039651785,11
Cancers,Secondary_Malignancy_Other_organs,GSTA1,0.03907458,12
Cancers,Secondary_Malignancy_Other_organs,RANBP2,0.038366027,13
Cancers,Secondary_Malignancy_Other_organs,SMAD2,0.038031694,14
Cancers,Secondary_Malignancy_Other_organs,VWF,0.03654883,15
Cancers,Secondary_Malignancy_Other_organs,EP300,0.035511456,16
Cancers,Secondary_Malignancy_Other_organs,FGF2,0.034216113,17
Cancers,Secondary_Malignancy_Other_organs,SFTPA1,0.034133613,18
Cancers,Secondary_Malignancy_Other_organs,RNF5,0.033300802,19
Cancers,Secondary_Malignancy_Other_organs,MNAT1,0.03214091,20
Cancers,Secondary_Malignancy_Other_organs,CDKN1A,0.03153302,21
Cancers,Secondary_Malignancy_Other_organs,CEACAM8,0.03142449,22
Cancers,Secondary_Malignancy_Other_organs,HMOX1,0.03120556,23
Cancers,Secondary_Malignancy_Other_organs,ANXA2,0.030523771,24
Cancers,Secondary_Malignancy_Other_organs,IL6,0.030416254,25
Cancers,Secondary_Malignancy_Lymph_Nodes,PSMD9,0.013173173,1
Cancers,Secondary_Malignancy_Lymph_Nodes,TBL1X,0.012921281,2
Cancers,Secondary_Malignancy_Lymph_Nodes,PNLIPRP2,0.012912335,3
Cancers,Secondary_Malignancy_Lymph_Nodes,RAD51,0.010575032,4
Cancers,Secondary_Malignancy_Lymph_Nodes,SFTPA2,0.01034129,5
Cancers,Secondary_Malignancy_Lymph_Nodes,MYH9,0.009851508,6
Cancers,Secondary_Malignancy_Lymph_Nodes,CHIT1,0.008983549,7
Cancers,Secondary_Malignancy_Lymph_Nodes,TPMT,0.008091515,8
Cancers,Secondary_Malignancy_Lymph_Nodes,SRC,0.007822953,9
Cancers,Secondary_Malignancy_Lymph_Nodes,SFTPD,0.007460118,10
Cancers,Secondary_Malignancy_Lymph_Nodes,RUVBL1,0.007328364,11
Cancers,Secondary_Malignancy_Lymph_Nodes,SULT1A1,0.0071677305,12
Cancers,Secondary_Malignancy_Lymph_Nodes,PARK7,0.0070750895,13
Cancers,Secondary_Malignancy_Lymph_Nodes,STAT5B,0.0069650123,14
Cancers,Secondary_Malignancy_Lymph_Nodes,LYN,0.0069056023,15
Cancers,Secondary_Malignancy_Lymph_Nodes,VAV3,0.0068377233,16
Cancers,Secondary_Malignancy_Lymph_Nodes,BHLHE40,0.006424983,17
Cancers,Secondary_Malignancy_Lymph_Nodes,POLR2F,0.00636568,18
Cancers,Secondary_Malignancy_Lymph_Nodes,TIMM8A,0.0062449663,19
Cancers,Secondary_Malignancy_Lymph_Nodes,LEP,0.006141917,20
Cancers,Secondary_Malignancy_Lymph_Nodes,HGS,0.0060205194,21
Cancers,Secondary_Malignancy_Lymph_Nodes,CEACAM8,0.006004658,22
Cancers,Secondary_Malignancy_Lymph_Nodes,TWF2,0.0058829063,23
Cancers,Secondary_Malignancy_Lymph_Nodes,GCG,0.0054662884,24
Cancers,Secondary_Malignancy_Lymph_Nodes,SERPINE1,0.005319834,25
Cancers,Secondary_Malignancy_Bone,SFTPD,0.097081356,1
Cancers,Secondary_Malignancy_Bone,GSTA1,0.090056665,2
Cancers,Secondary_Malignancy_Bone,PSMD5,0.068934254,3
Cancers,Secondary_Malignancy_Bone,FGF21,0.05460092,4
Cancers,Secondary_Malignancy_Bone,KLK3,0.048504792,5
Cancers,Secondary_Malignancy_Bone,BHLHE40,0.046222735,6
Cancers,Secondary_Malignancy_Bone,VIM,0.043510657,7
Cancers,Secondary_Malignancy_Bone,APOE,0.03985887,8
Cancers,Secondary_Malignancy_Bone,SFTPA1,0.039748527,9
Cancers,Secondary_Malignancy_Bone,SFTPA2,0.038782887,10
Cancers,Secondary_Malignancy_Bone,VWF,0.038634147,11
Cancers,Secondary_Malignancy_Bone,COL4A1,0.033100434,12
Cancers,Secondary_Malignancy_Bone,TBL1X,0.032944404,13
Cancers,Secondary_Malignancy_Bone,BGN,0.03142488,14
Cancers,Secondary_Malignancy_Bone,APP,0.030378362,15
Cancers,Secondary_Malignancy_Bone,SULT1A1,0.02887794,16
Cancers,Secondary_Malignancy_Bone,PSCA,0.028326722,17
Cancers,Secondary_Malignancy_Bone,NBN,0.028253013,18
Cancers,Secondary_Malignancy_Bone,LMNB1,0.027985116,19
Cancers,Secondary_Malignancy_Bone,CEACAM8,0.02643272,20
Cancers,Secondary_Malignancy_Bone,SERPINE1,0.025841175,21
Cancers,Secondary_Malignancy_Bone,ACY1,0.02535839,22
Cancers,Secondary_Malignancy_Bone,COL2A1,0.025354218,23
Cancers,Secondary_Malignancy_Bone,MMP9,0.025344456,24
Cancers,Secondary_Malignancy_Bone,MSLN,0.025039876,25
Cancers,Secondary_Malignancy_retroperitoneum_and_peritoneum,SRC,0.053083558,1
Cancers,Secondary_Malignancy_retroperitoneum_and_peritoneum,MYH9,0.044274624,2
Cancers,Secondary_Malignancy_retroperitoneum_and_peritoneum,TPR,0.04191705,3
Cancers,Secondary_Malignancy_retroperitoneum_and_peritoneum,PSME1,0.04158463,4
Cancers,Secondary_Malignancy_retroperitoneum_and_peritoneum,VIM,0.040179554,5
Cancers,Secondary_Malignancy_retroperitoneum_and_peritoneum,LEP,0.03747462,6
Cancers,Secondary_Malignancy_retroperitoneum_and_peritoneum,SMAD2,0.037377905,7
Cancers,Secondary_Malignancy_retroperitoneum_and_peritoneum,TBL1X,0.034473006,8
Cancers,Secondary_Malignancy_retroperitoneum_and_peritoneum,SFTPA1,0.03401446,9
Cancers,Secondary_Malignancy_retroperitoneum_and_peritoneum,AKT2,0.033607773,10
Cancers,Secondary_Malignancy_retroperitoneum_and_peritoneum,CA6,0.031774893,11
Cancers,Secondary_Malignancy_retroperitoneum_and_peritoneum,PNLIPRP2,0.030329915,12
Cancers,Secondary_Malignancy_retroperitoneum_and_peritoneum,PSMD9,0.02782122,13
Cancers,Secondary_Malignancy_retroperitoneum_and_peritoneum,CDH1,0.027529268,14
Cancers,Secondary_Malignancy_retroperitoneum_and_peritoneum,GP6,0.025042072,15
Cancers,Secondary_Malignancy_retroperitoneum_and_peritoneum,POLR2F,0.02496781,16
Cancers,Secondary_Malignancy_retroperitoneum_and_peritoneum,CDC26,0.024890928,17
Cancers,Secondary_Malignancy_retroperitoneum_and_peritoneum,VPS28,0.024495011,18
Cancers,Secondary_Malignancy_retroperitoneum_and_peritoneum,FABP1,0.02448676,19
Cancers,Secondary_Malignancy_retroperitoneum_and_peritoneum,GRPEL1,0.02399817,20
Cancers,Secondary_Malignancy_retroperitoneum_and_peritoneum,KLK3,0.023560083,21
Cancers,Secondary_Malignancy_retroperitoneum_and_peritoneum,ANXA2,0.023520533,22
Cancers,Secondary_Malignancy_retroperitoneum_and_peritoneum,COL4A1,0.023418544,23
Cancers,Secondary_Malignancy_retroperitoneum_and_peritoneum,FOXO3,0.023163144,24
Cancers,Secondary_Malignancy_retroperitoneum_and_peritoneum,SHC1,0.022946144,25
Cancers,Primary_Malignancy_Other_Skin_and_subcutaneous_tissue,GSTA1,0.052229587,1
Cancers,Primary_Malignancy_Other_Skin_and_subcutaneous_tissue,HMOX1,0.039397236,2
Cancers,Primary_Malignancy_Other_Skin_and_subcutaneous_tissue,HRAS,0.03646255,3
Cancers,Primary_Malignancy_Other_Skin_and_subcutaneous_tissue,LEP,0.032861814,4
Cancers,Primary_Malignancy_Other_Skin_and_subcutaneous_tissue,FGF2,0.031372186,5
Cancers,Primary_Malignancy_Other_Skin_and_subcutaneous_tissue,VPS37A,0.028347608,6
Cancers,Primary_Malignancy_Other_Skin_and_subcutaneous_tissue,PNLIPRP1,0.028175596,7
Cancers,Primary_Malignancy_Other_Skin_and_subcutaneous_tissue,POLR2F,0.027511168,8
Cancers,Primary_Malignancy_Other_Skin_and_subcutaneous_tissue,COL2A1,0.026173303,9
Cancers,Primary_Malignancy_Other_Skin_and_subcutaneous_tissue,KLK3,0.025573205,10
Cancers,Primary_Malignancy_Other_Skin_and_subcutaneous_tissue,CDH15,0.025241874,11
Cancers,Primary_Malignancy_Other_Skin_and_subcutaneous_tissue,CHIT1,0.025160518,12
Cancers,Primary_Malignancy_Other_Skin_and_subcutaneous_tissue,CDC27,0.024963079,13
Cancers,Primary_Malignancy_Other_Skin_and_subcutaneous_tissue,NPHS2,0.024841344,14
Cancers,Primary_Malignancy_Other_Skin_and_subcutaneous_tissue,PNLIPRP2,0.02352654,15
Cancers,Primary_Malignancy_Other_Skin_and_subcutaneous_tissue,SKAP2,0.023359712,16
Cancers,Primary_Malignancy_Other_Skin_and_subcutaneous_tissue,VPS28,0.022724155,17
Cancers,Primary_Malignancy_Other_Skin_and_subcutaneous_tissue,IGFBP1,0.022139806,18
Cancers,Primary_Malignancy_Other_Skin_and_subcutaneous_tissue,SULT1A1,0.022024823,19
Cancers,Primary_Malignancy_Other_Skin_and_subcutaneous_tissue,APP,0.021778569,20
Cancers,Primary_Malignancy_Other_Skin_and_subcutaneous_tissue,SRC,0.02102246,21
Cancers,Primary_Malignancy_Other_Skin_and_subcutaneous_tissue,ATF2,0.020932328,22
Cancers,Primary_Malignancy_Other_Skin_and_subcutaneous_tissue,PSMD1,0.019867081,23
Cancers,Primary_Malignancy_Other_Skin_and_subcutaneous_tissue,TBL1X,0.019815786,24
Cancers,Primary_Malignancy_Other_Skin_and_subcutaneous_tissue,PSMA1,0.019491019,25
Cancers,Primary_Malignancy_colorectal_and_anus,VIM,0.029619072,1
Cancers,Primary_Malignancy_colorectal_and_anus,TBL1X,0.025524387,2
Cancers,Primary_Malignancy_colorectal_and_anus,PSMD5,0.023017809,3
Cancers,Primary_Malignancy_colorectal_and_anus,COL4A1,0.01995918,4
Cancers,Primary_Malignancy_colorectal_and_anus,TRDMT1,0.019531293,5
Cancers,Primary_Malignancy_colorectal_and_anus,APP,0.017479168,6
Cancers,Primary_Malignancy_colorectal_and_anus,SHC1,0.017371677,7
Cancers,Primary_Malignancy_colorectal_and_anus,PSMD9,0.017305372,8
Cancers,Primary_Malignancy_colorectal_and_anus,MNAT1,0.016523091,9
Cancers,Primary_Malignancy_colorectal_and_anus,TPR,0.014744802,10
Cancers,Primary_Malignancy_colorectal_and_anus,SULT1A1,0.014636804,11
Cancers,Primary_Malignancy_colorectal_and_anus,POLR2F,0.014491261,12
Cancers,Primary_Malignancy_colorectal_and_anus,SERPINE1,0.014437532,13
Cancers,Primary_Malignancy_colorectal_and_anus,FGF2,0.014399417,14
Cancers,Primary_Malignancy_colorectal_and_anus,BHLHE40,0.014387264,15
Cancers,Primary_Malignancy_colorectal_and_anus,CDH15,0.014336663,16
Cancers,Primary_Malignancy_colorectal_and_anus,RAD51,0.014313599,17
Cancers,Primary_Malignancy_colorectal_and_anus,CEACAM8,0.014064419,18
Cancers,Primary_Malignancy_colorectal_and_anus,TP53BP1,0.014001022,19
Cancers,Primary_Malignancy_colorectal_and_anus,LMNB1,0.013617287,20
Cancers,Primary_Malignancy_colorectal_and_anus,CASP4,0.0126795415,21
Cancers,Primary_Malignancy_colorectal_and_anus,PTPN6,0.012457105,22
Cancers,Primary_Malignancy_colorectal_and_anus,PNLIPRP2,0.0124001615,23
Cancers,Primary_Malignancy_colorectal_and_anus,RANBP2,0.012096561,24
Cancers,Primary_Malignancy_colorectal_and_anus,MYH9,0.0116864,25
Cardiovascular,Atrial_fibrillation,LTBP2,0.085426144,1
Cardiovascular,Atrial_fibrillation,VIM,0.065318756,2
Cardiovascular,Atrial_fibrillation,COL4A1,0.06403234,3
Cardiovascular,Atrial_fibrillation,F7,0.05992025,4
Cardiovascular,Atrial_fibrillation,PNLIPRP2,0.05770384,5
Cardiovascular,Atrial_fibrillation,BCAN,0.05483878,6
Cardiovascular,Atrial_fibrillation,ATF2,0.05343314,7
Cardiovascular,Atrial_fibrillation,GP1BB,0.05183636,8
Cardiovascular,Atrial_fibrillation,SFTPD,0.04968035,9
Cardiovascular,Atrial_fibrillation,COL1A1,0.04886382,10
Cardiovascular,Atrial_fibrillation,APOL1,0.047395114,11
Cardiovascular,Atrial_fibrillation,TBL1X,0.047087323,12
Cardiovascular,Atrial_fibrillation,AGXT,0.044876527,13
Cardiovascular,Atrial_fibrillation,HSPG2,0.043729603,14
Cardiovascular,Atrial_fibrillation,EIF4G1,0.04331378,15
Cardiovascular,Atrial_fibrillation,FURIN,0.043171216,16
Cardiovascular,Atrial_fibrillation,KLK3,0.040779594,17
Cardiovascular,Atrial_fibrillation,TNNI3,0.038863663,18
Cardiovascular,Atrial_fibrillation,FABP1,0.038782105,19
Cardiovascular,Atrial_fibrillation,PPP2R5A,0.038281426,20
Cardiovascular,Atrial_fibrillation,CEACAM8,0.037419893,21
Cardiovascular,Atrial_fibrillation,BGN,0.03735536,22
Cardiovascular,Atrial_fibrillation,SRC,0.036762893,23
Cardiovascular,Atrial_fibrillation,LYN,0.035854015,24
Cardiovascular,Atrial_fibrillation,GDF2,0.034014143,25
Cardiovascular,Ischaemic_stroke,ITGA6,0.08435509,1
Cardiovascular,Ischaemic_stroke,SHC1,0.07286172,2
Cardiovascular,Ischaemic_stroke,SRC,0.06830423,3
Cardiovascular,Ischaemic_stroke,FKBP1B,0.04919748,4
Cardiovascular,Ischaemic_stroke,GFER,0.04815897,5
Cardiovascular,Ischaemic_stroke,BHLHE40,0.046559654,6
Cardiovascular,Ischaemic_stroke,LAMA1,0.046110474,7
Cardiovascular,Ischaemic_stroke,TBL1X,0.046006445,8
Cardiovascular,Ischaemic_stroke,RAD51,0.044639263,9
Cardiovascular,Ischaemic_stroke,VPS37A,0.04317578,10
Cardiovascular,Ischaemic_stroke,CEACAM6,0.043040175,11
Cardiovascular,Ischaemic_stroke,SULT1A1,0.042762004,12
Cardiovascular,Ischaemic_stroke,FXN,0.042643182,13
Cardiovascular,Ischaemic_stroke,YES1,0.042501315,14
Cardiovascular,Ischaemic_stroke,BPIFB2,0.042319104,15
Cardiovascular,Ischaemic_stroke,GCG,0.042185556,16
Cardiovascular,Ischaemic_stroke,ATF2,0.042003676,17
Cardiovascular,Ischaemic_stroke,NID2,0.04067965,18
Cardiovascular,Ischaemic_stroke,PSMA1,0.037809487,19
Cardiovascular,Ischaemic_stroke,APOE,0.037706293,20
Cardiovascular,Ischaemic_stroke,KLK1,0.037059758,21
Cardiovascular,Ischaemic_stroke,VWF,0.03477062,22
Cardiovascular,Ischaemic_stroke,PSMD5,0.034522977,23
Cardiovascular,Ischaemic_stroke,MAP2K6,0.034515172,24
Cardiovascular,Ischaemic_stroke,GGT1,0.03448748,25
Cardiovascular,Hypertension,REN,0.12624478,1
Cardiovascular,Hypertension,LTBP2,0.08259248,2
Cardiovascular,Hypertension,MYL3,0.07930389,3
Cardiovascular,Hypertension,MMP7,0.07513276,4
Cardiovascular,Hypertension,GGT1,0.06630553,5
Cardiovascular,Hypertension,ELN,0.06583918,6
Cardiovascular,Hypertension,MYH9,0.06321831,7
Cardiovascular,Hypertension,HAVCR1,0.058706056,8
Cardiovascular,Hypertension,TIMM8A,0.056802344,9
Cardiovascular,Hypertension,CTSB,0.056499057,10
Cardiovascular,Hypertension,LEP,0.053620365,11
Cardiovascular,Hypertension,SRC,0.05288171,12
Cardiovascular,Hypertension,PTPN6,0.047833376,13
Cardiovascular,Hypertension,MMP9,0.047026705,14
Cardiovascular,Hypertension,COL5A1,0.0456298,15
Cardiovascular,Hypertension,KLK3,0.045575276,16
Cardiovascular,Hypertension,FBLN2,0.04424517,17
Cardiovascular,Hypertension,CD14,0.040519256,18
Cardiovascular,Hypertension,IGFBP1,0.038502514,19
Cardiovascular,Hypertension,SCN4B,0.03799403,20
Cardiovascular,Hypertension,TNNI3,0.03796959,21
Cardiovascular,Hypertension,PNLIPRP2,0.03794475,22
Cardiovascular,Hypertension,MMP10,0.037699305,23
Cardiovascular,Hypertension,FABP1,0.036648855,24
Cardiovascular,Hypertension,COL1A1,0.036190834,25
Cardiovascular,Left_bundle_branch_block,LMNB1,0.04618725,1
Cardiovascular,Left_bundle_branch_block,GSTA1,0.033390734,2
Cardiovascular,Left_bundle_branch_block,HSPA1A,0.030998325,3
Cardiovascular,Left_bundle_branch_block,TBL1X,0.030756978,4
Cardiovascular,Left_bundle_branch_block,CEACAM8,0.030355502,5
Cardiovascular,Left_bundle_branch_block,TRDMT1,0.029797506,6
Cardiovascular,Left_bundle_branch_block,CHIT1,0.025288591,7
Cardiovascular,Left_bundle_branch_block,POLR2F,0.025186114,8
Cardiovascular,Left_bundle_branch_block,VIM,0.025085105,9
Cardiovascular,Left_bundle_branch_block,CASP3,0.024388595,10
Cardiovascular,Left_bundle_branch_block,NUP50,0.022078384,11
Cardiovascular,Left_bundle_branch_block,SMC3,0.021508995,12
Cardiovascular,Left_bundle_branch_block,VPS37A,0.021032184,13
Cardiovascular,Left_bundle_branch_block,KLK3,0.021013174,14
Cardiovascular,Left_bundle_branch_block,PNLIPRP2,0.020916767,15
Cardiovascular,Left_bundle_branch_block,ELN,0.02039551,16
Cardiovascular,Left_bundle_branch_block,MMP9,0.019545231,17
Cardiovascular,Left_bundle_branch_block,ITGA5,0.019512704,18
Cardiovascular,Left_bundle_branch_block,RAD51,0.01901453,19
Cardiovascular,Left_bundle_branch_block,GP1BB,0.018667005,20
Cardiovascular,Left_bundle_branch_block,COL2A1,0.018258857,21
Cardiovascular,Left_bundle_branch_block,LAMA1,0.018045686,22
Cardiovascular,Left_bundle_branch_block,COL4A1,0.017673431,23
Cardiovascular,Left_bundle_branch_block,HSPA2,0.01726457,24
Cardiovascular,Left_bundle_branch_block,PSMD1,0.016623735,25
Cardiovascular,Multiple_valve_dz,TBL1X,0.15501471,1
Cardiovascular,Multiple_valve_dz,COL4A1,0.15058689,2
Cardiovascular,Multiple_valve_dz,PSMD9,0.10932245,3
Cardiovascular,Multiple_valve_dz,LMNB1,0.092940904,4
Cardiovascular,Multiple_valve_dz,PSME2,0.09154626,5
Cardiovascular,Multiple_valve_dz,VIM,0.088819444,6
Cardiovascular,Multiple_valve_dz,GSTA1,0.08686941,7
Cardiovascular,Multiple_valve_dz,SDC4,0.08422941,8
Cardiovascular,Multiple_valve_dz,MYH9,0.083576754,9
Cardiovascular,Multiple_valve_dz,AKT2,0.07785448,10
Cardiovascular,Multiple_valve_dz,COL2A1,0.0774491,11
Cardiovascular,Multiple_valve_dz,VWF,0.07657582,12
Cardiovascular,Multiple_valve_dz,FGF2,0.073184505,13
Cardiovascular,Multiple_valve_dz,CDKN1A,0.0726466,14
Cardiovascular,Multiple_valve_dz,CASP4,0.069038525,15
Cardiovascular,Multiple_valve_dz,PPP2R5A,0.06811983,16
Cardiovascular,Multiple_valve_dz,PSME1,0.06800299,17
Cardiovascular,Multiple_valve_dz,SERPINE1,0.06379137,18
Cardiovascular,Multiple_valve_dz,MSR1,0.062543735,19
Cardiovascular,Multiple_valve_dz,GCG,0.061936416,20
Cardiovascular,Multiple_valve_dz,ATF2,0.06163794,21
Cardiovascular,Multiple_valve_dz,NBN,0.061388712,22
Cardiovascular,Multiple_valve_dz,POLR2F,0.060344215,23
Cardiovascular,Multiple_valve_dz,CDC27,0.05880651,24
Cardiovascular,Multiple_valve_dz,LTBP2,0.05793011,25
Cardiovascular,Myocardial_infarction,TBL1X,0.13629633,1
Cardiovascular,Myocardial_infarction,PNLIPRP2,0.08363633,2
Cardiovascular,Myocardial_infarction,SERPINE1,0.07021235,3
Cardiovascular,Myocardial_infarction,SRC,0.06695563,4
Cardiovascular,Myocardial_infarction,STAT5B,0.050655324,5
Cardiovascular,Myocardial_infarction,KLK3,0.048869632,6
Cardiovascular,Myocardial_infarction,PSMD1,0.04463933,7
Cardiovascular,Myocardial_infarction,APOE,0.04395733,8
Cardiovascular,Myocardial_infarction,SULT1A1,0.041304193,9
Cardiovascular,Myocardial_infarction,GGT1,0.037602194,10
Cardiovascular,Myocardial_infarction,SAP18,0.037163313,11
Cardiovascular,Myocardial_infarction,TPRKB,0.037083767,12
Cardiovascular,Myocardial_infarction,CALCA,0.03689287,13
Cardiovascular,Myocardial_infarction,TRIM25,0.03547757,14
Cardiovascular,Myocardial_infarction,IMMT,0.034525514,15
Cardiovascular,Myocardial_infarction,NPHS2,0.034270138,16
Cardiovascular,Myocardial_infarction,VWF,0.030997712,17
Cardiovascular,Myocardial_infarction,IL6,0.030589096,18
Cardiovascular,Myocardial_infarction,TRDMT1,0.028604327,19
Cardiovascular,Myocardial_infarction,PSMD9,0.028412681,20
Cardiovascular,Myocardial_infarction,LMNB1,0.028333962,21
Cardiovascular,Myocardial_infarction,COL2A1,0.028146377,22
Cardiovascular,Myocardial_infarction,LYN,0.02774562,23
Cardiovascular,Myocardial_infarction,F7,0.027401654,24
Cardiovascular,Myocardial_infarction,CA3,0.027089793,25
Cardiovascular,Nonrheumatic_aortic_valve_disorders,TBL1X,0.06994082,1
Cardiovascular,Nonrheumatic_aortic_valve_disorders,PNLIPRP2,0.049826372,2
Cardiovascular,Nonrheumatic_aortic_valve_disorders,FASLG,0.038887385,3
Cardiovascular,Nonrheumatic_aortic_valve_disorders,TNFRSF10A,0.036814693,4
Cardiovascular,Nonrheumatic_aortic_valve_disorders,MYH9,0.033723366,5
Cardiovascular,Nonrheumatic_aortic_valve_disorders,LMNB1,0.03351484,6
Cardiovascular,Nonrheumatic_aortic_valve_disorders,TNNI3,0.030847842,7
Cardiovascular,Nonrheumatic_aortic_valve_disorders,SERPINE1,0.030472567,8
Cardiovascular,Nonrheumatic_aortic_valve_disorders,VIM,0.029871127,9
Cardiovascular,Nonrheumatic_aortic_valve_disorders,HSPA2,0.028493728,10
Cardiovascular,Nonrheumatic_aortic_valve_disorders,PSME1,0.026694156,11
Cardiovascular,Nonrheumatic_aortic_valve_disorders,PSMA1,0.026384944,12
Cardiovascular,Nonrheumatic_aortic_valve_disorders,APOE,0.02600653,13
Cardiovascular,Nonrheumatic_aortic_valve_disorders,SRC,0.025162805,14
Cardiovascular,Nonrheumatic_aortic_valve_disorders,PSMC3,0.022461154,15
Cardiovascular,Nonrheumatic_aortic_valve_disorders,PSMD5,0.021723598,16
Cardiovascular,Nonrheumatic_aortic_valve_disorders,ATF2,0.020710891,17
Cardiovascular,Nonrheumatic_aortic_valve_disorders,GGT1,0.020642698,18
Cardiovascular,Nonrheumatic_aortic_valve_disorders,CDH15,0.020047862,19
Cardiovascular,Nonrheumatic_aortic_valve_disorders,CDKN1A,0.019859519,20
Cardiovascular,Nonrheumatic_aortic_valve_disorders,ITGA6,0.019473122,21
Cardiovascular,Nonrheumatic_aortic_valve_disorders,SERPINE2,0.019251952,22
Cardiovascular,Nonrheumatic_aortic_valve_disorders,PSMD9,0.01823061,23
Cardiovascular,Nonrheumatic_aortic_valve_disorders,LYN,0.018105794,24
Cardiovascular,Nonrheumatic_aortic_valve_disorders,SMC3,0.018029237,25
Cardiovascular,Nonrheumatic_mitral_valve_disorders,GSTA1,0.22396441,1
Cardiovascular,Nonrheumatic_mitral_valve_disorders,TBL1X,0.14791268,2
Cardiovascular,Nonrheumatic_mitral_valve_disorders,PSMD9,0.09841911,3
Cardiovascular,Nonrheumatic_mitral_valve_disorders,SMAD3,0.096205495,4
Cardiovascular,Nonrheumatic_mitral_valve_disorders,COL4A1,0.09513985,5
Cardiovascular,Nonrheumatic_mitral_valve_disorders,VAV3,0.09485364,6
Cardiovascular,Nonrheumatic_mitral_valve_disorders,FABP1,0.093977906,7
Cardiovascular,Nonrheumatic_mitral_valve_disorders,CAMLG,0.084378965,8
Cardiovascular,Nonrheumatic_mitral_valve_disorders,SULT1A1,0.080672964,9
Cardiovascular,Nonrheumatic_mitral_valve_disorders,TP53BP1,0.07917562,10
Cardiovascular,Nonrheumatic_mitral_valve_disorders,FGF2,0.07654802,11
Cardiovascular,Nonrheumatic_mitral_valve_disorders,FURIN,0.07574757,12
Cardiovascular,Nonrheumatic_mitral_valve_disorders,SRC,0.074272715,13
Cardiovascular,Nonrheumatic_mitral_valve_disorders,SAP18,0.07343466,14
Cardiovascular,Nonrheumatic_mitral_valve_disorders,CTSH,0.072861075,15
Cardiovascular,Nonrheumatic_mitral_valve_disorders,NID2,0.07108774,16
Cardiovascular,Nonrheumatic_mitral_valve_disorders,POLR2F,0.070045866,17
Cardiovascular,Nonrheumatic_mitral_valve_disorders,NBN,0.069407985,18
Cardiovascular,Nonrheumatic_mitral_valve_disorders,PARP1,0.06820038,19
Cardiovascular,Nonrheumatic_mitral_valve_disorders,TOMM20,0.06597201,20
Cardiovascular,Nonrheumatic_mitral_valve_disorders,NPHS2,0.06342772,21
Cardiovascular,Nonrheumatic_mitral_valve_disorders,TIMM8A,0.062837705,22
Cardiovascular,Nonrheumatic_mitral_valve_disorders,ITGB5,0.061672106,23
Cardiovascular,Nonrheumatic_mitral_valve_disorders,CDKN1A,0.059038308,24
Cardiovascular,Nonrheumatic_mitral_valve_disorders,LEP,0.058968097,25
Cardiovascular,Heart_failure,SERPINE1,0.12709196,1
Cardiovascular,Heart_failure,TBL1X,0.122432634,2
Cardiovascular,Heart_failure,PNLIPRP2,0.07803894,3
Cardiovascular,Heart_failure,BHLHE40,0.059655525,4
Cardiovascular,Heart_failure,COL4A1,0.05232716,5
Cardiovascular,Heart_failure,PSMC3,0.05181676,6
Cardiovascular,Heart_failure,PSMD9,0.044998303,7
Cardiovascular,Heart_failure,LMNB1,0.044866547,8
Cardiovascular,Heart_failure,VIM,0.0439158,9
Cardiovascular,Heart_failure,PSMD5,0.043595485,10
Cardiovascular,Heart_failure,SRC,0.038637787,11
Cardiovascular,Heart_failure,PARK7,0.03760324,12
Cardiovascular,Heart_failure,GSTA1,0.03740639,13
Cardiovascular,Heart_failure,SULT1A1,0.037153885,14
Cardiovascular,Heart_failure,FKBP1B,0.036451835,15
Cardiovascular,Heart_failure,SOD2,0.034882035,16
Cardiovascular,Heart_failure,GFER,0.034085374,17
Cardiovascular,Heart_failure,CDKN1A,0.03403832,18
Cardiovascular,Heart_failure,ACY1,0.03362098,19
Cardiovascular,Heart_failure,GGT1,0.033418667,20
Cardiovascular,Heart_failure,VWF,0.03263334,21
Cardiovascular,Heart_failure,TNNI3,0.032600254,22
Cardiovascular,Heart_failure,REN,0.03218289,23
Cardiovascular,Heart_failure,RANBP2,0.031005774,24
Cardiovascular,Heart_failure,F7,0.030904599,25
Cardiovascular,Coronary_heart_disease_not_otherwise_specified,CES1,0.119719885,1
Cardiovascular,Coronary_heart_disease_not_otherwise_specified,FABP1,0.11278287,2
Cardiovascular,Coronary_heart_disease_not_otherwise_specified,RUVBL1,0.110093705,3
Cardiovascular,Coronary_heart_disease_not_otherwise_specified,TBL1X,0.10349078,4
Cardiovascular,Coronary_heart_disease_not_otherwise_specified,REN,0.10058435,5
Cardiovascular,Coronary_heart_disease_not_otherwise_specified,KLK3,0.098942205,6
Cardiovascular,Coronary_heart_disease_not_otherwise_specified,SRC,0.09147177,7
Cardiovascular,Coronary_heart_disease_not_otherwise_specified,CDC27,0.07977839,8
Cardiovascular,Coronary_heart_disease_not_otherwise_specified,TOMM20,0.075572394,9
Cardiovascular,Coronary_heart_disease_not_otherwise_specified,SERPINE1,0.06960339,10
Cardiovascular,Coronary_heart_disease_not_otherwise_specified,NBN,0.06954126,11
Cardiovascular,Coronary_heart_disease_not_otherwise_specified,TNNI3,0.0681493,12
Cardiovascular,Coronary_heart_disease_not_otherwise_specified,APOE,0.06755562,13
Cardiovascular,Coronary_heart_disease_not_otherwise_specified,STAT5B,0.06578863,14
Cardiovascular,Coronary_heart_disease_not_otherwise_specified,CD163,0.0641565,15
Cardiovascular,Coronary_heart_disease_not_otherwise_specified,LMNB1,0.06305786,16
Cardiovascular,Coronary_heart_disease_not_otherwise_specified,GH1,0.060655788,17
Cardiovascular,Coronary_heart_disease_not_otherwise_specified,FGF23,0.05307617,18
Cardiovascular,Coronary_heart_disease_not_otherwise_specified,SFTPD,0.05254221,19
Cardiovascular,Coronary_heart_disease_not_otherwise_specified,PSMD9,0.052532863,20
Cardiovascular,Coronary_heart_disease_not_otherwise_specified,ADH1B,0.051358126,21
Cardiovascular,Coronary_heart_disease_not_otherwise_specified,SNAP25,0.050743643,22
Cardiovascular,Coronary_heart_disease_not_otherwise_specified,CDKN1A,0.050623115,23
Cardiovascular,Coronary_heart_disease_not_otherwise_specified,IGFBP1,0.050279837,24
Cardiovascular,Coronary_heart_disease_not_otherwise_specified,PCSK9,0.049607813,25
Cardiovascular,Pulmonary_embolism,VWF,0.06290159,1
Cardiovascular,Pulmonary_embolism,PSMA1,0.058949217,2
Cardiovascular,Pulmonary_embolism,SRC,0.054578573,3
Cardiovascular,Pulmonary_embolism,POLR2F,0.05145719,4
Cardiovascular,Pulmonary_embolism,SFTPD,0.051412128,5
Cardiovascular,Pulmonary_embolism,SMAD2,0.047602847,6
Cardiovascular,Pulmonary_embolism,PRKAB1,0.045479897,7
Cardiovascular,Pulmonary_embolism,PNLIPRP2,0.040206734,8
Cardiovascular,Pulmonary_embolism,CHIT1,0.038085446,9
Cardiovascular,Pulmonary_embolism,SHC1,0.036065537,10
Cardiovascular,Pulmonary_embolism,NCK2,0.035903677,11
Cardiovascular,Pulmonary_embolism,SFTPA2,0.0333443,12
Cardiovascular,Pulmonary_embolism,RAD51,0.032448288,13
Cardiovascular,Pulmonary_embolism,FOXO3,0.032309778,14
Cardiovascular,Pulmonary_embolism,CD2AP,0.030803224,15
Cardiovascular,Pulmonary_embolism,PSMD1,0.029335715,16
Cardiovascular,Pulmonary_embolism,CDH15,0.029151047,17
Cardiovascular,Pulmonary_embolism,ITGB5,0.028618965,18
Cardiovascular,Pulmonary_embolism,MYH9,0.028528683,19
Cardiovascular,Pulmonary_embolism,ACY1,0.026531652,20
Cardiovascular,Pulmonary_embolism,MAP2K6,0.026513804,21
Cardiovascular,Pulmonary_embolism,KLK3,0.026420832,22
Cardiovascular,Pulmonary_embolism,SFTPA1,0.025010599,23
Cardiovascular,Pulmonary_embolism,SULT1A1,0.024879714,24
Cardiovascular,Pulmonary_embolism,GSTA1,0.024724567,25
Cardiovascular,Peripheral_arterial_disease,COL4A1,0.12503399,1
Cardiovascular,Peripheral_arterial_disease,FABP1,0.10776735,2
Cardiovascular,Peripheral_arterial_disease,PNLIPRP2,0.09333084,3
Cardiovascular,Peripheral_arterial_disease,LYN,0.08735086,4
Cardiovascular,Peripheral_arterial_disease,CDKN1A,0.072900265,5
Cardiovascular,Peripheral_arterial_disease,CHIT1,0.07227689,6
Cardiovascular,Peripheral_arterial_disease,GSTA1,0.0707632,7
Cardiovascular,Peripheral_arterial_disease,SERPINE1,0.06645276,8
Cardiovascular,Peripheral_arterial_disease,GP6,0.064865604,9
Cardiovascular,Peripheral_arterial_disease,SFTPD,0.063914806,10
Cardiovascular,Peripheral_arterial_disease,COL2A1,0.06181833,11
Cardiovascular,Peripheral_arterial_disease,CA6,0.05910565,12
Cardiovascular,Peripheral_arterial_disease,GUSB,0.058983356,13
Cardiovascular,Peripheral_arterial_disease,LAMA1,0.054734815,14
Cardiovascular,Peripheral_arterial_disease,PSMD1,0.05327522,15
Cardiovascular,Peripheral_arterial_disease,RAD51,0.05190484,16
Cardiovascular,Peripheral_arterial_disease,SRC,0.050853293,17
Cardiovascular,Peripheral_arterial_disease,KIF22,0.04849504,18
Cardiovascular,Peripheral_arterial_disease,SULT1A1,0.04723161,19
Cardiovascular,Peripheral_arterial_disease,CEACAM6,0.046669565,20
Cardiovascular,Peripheral_arterial_disease,PRKAR2A,0.046201922,21
Cardiovascular,Peripheral_arterial_disease,TBL1X,0.045990523,22
Cardiovascular,Peripheral_arterial_disease,SKAP2,0.045862727,23
Cardiovascular,Peripheral_arterial_disease,CAT,0.045742612,24
Cardiovascular,Peripheral_arterial_disease,ITGA6,0.044467635,25
Cardiovascular,Primary_pulmonary_hypertension,TBL1X,0.14881873,1
Cardiovascular,Primary_pulmonary_hypertension,IGFBP1,0.091706365,2
Cardiovascular,Primary_pulmonary_hypertension,SFTPD,0.081618324,3
Cardiovascular,Primary_pulmonary_hypertension,TRDMT1,0.06302594,4
Cardiovascular,Primary_pulmonary_hypertension,CHIT1,0.06168241,5
Cardiovascular,Primary_pulmonary_hypertension,PSMD5,0.059370007,6
Cardiovascular,Primary_pulmonary_hypertension,F7,0.0568746,7
Cardiovascular,Primary_pulmonary_hypertension,PSMD9,0.0552095,8
Cardiovascular,Primary_pulmonary_hypertension,VWF,0.054399736,9
Cardiovascular,Primary_pulmonary_hypertension,PRKAB1,0.052367546,10
Cardiovascular,Primary_pulmonary_hypertension,PDLIM5,0.05000498,11
Cardiovascular,Primary_pulmonary_hypertension,VPS37A,0.049211517,12
Cardiovascular,Primary_pulmonary_hypertension,BHLHE40,0.046639908,13
Cardiovascular,Primary_pulmonary_hypertension,KIF22,0.046280734,14
Cardiovascular,Primary_pulmonary_hypertension,GSTA1,0.046052642,15
Cardiovascular,Primary_pulmonary_hypertension,MYH9,0.04502718,16
Cardiovascular,Primary_pulmonary_hypertension,VIM,0.04455374,17
Cardiovascular,Primary_pulmonary_hypertension,PRKG1,0.04324691,18
Cardiovascular,Primary_pulmonary_hypertension,PNLIPRP2,0.04277356,19
Cardiovascular,Primary_pulmonary_hypertension,DBNL,0.040718284,20
Cardiovascular,Primary_pulmonary_hypertension,SRC,0.040531177,21
Cardiovascular,Primary_pulmonary_hypertension,COL4A1,0.04050625,22
Cardiovascular,Primary_pulmonary_hypertension,PDE5A,0.0402729,23
Cardiovascular,Primary_pulmonary_hypertension,HMOX1,0.03957551,24
Cardiovascular,Primary_pulmonary_hypertension,SH2B3,0.039339088,25
Cardiovascular,Raynaud_syndrome,VWF,0.17162648,1
Cardiovascular,Raynaud_syndrome,PSMD5,0.13909414,2
Cardiovascular,Raynaud_syndrome,LMNB1,0.13115358,3
Cardiovascular,Raynaud_syndrome,PSMD9,0.12699683,4
Cardiovascular,Raynaud_syndrome,PSMD1,0.11807512,5
Cardiovascular,Raynaud_syndrome,NBN,0.11754663,6
Cardiovascular,Raynaud_syndrome,TBL1X,0.10982651,7
Cardiovascular,Raynaud_syndrome,GSTA1,0.10898755,8
Cardiovascular,Raynaud_syndrome,PSME1,0.10632617,9
Cardiovascular,Raynaud_syndrome,MYH9,0.0951855,10
Cardiovascular,Raynaud_syndrome,PSMA1,0.09461358,11
Cardiovascular,Raynaud_syndrome,ATF2,0.090064235,12
Cardiovascular,Raynaud_syndrome,IGFBP1,0.071149155,13
Cardiovascular,Raynaud_syndrome,LYN,0.07022735,14
Cardiovascular,Raynaud_syndrome,ITGA2,0.067614116,15
Cardiovascular,Raynaud_syndrome,PSME2,0.06728773,16
Cardiovascular,Raynaud_syndrome,HSPA2,0.066506155,17
Cardiovascular,Raynaud_syndrome,SERPINE1,0.06634259,18
Cardiovascular,Raynaud_syndrome,GP6,0.06624775,19
Cardiovascular,Raynaud_syndrome,GH1,0.0651977,20
Cardiovascular,Raynaud_syndrome,GCG,0.061086107,21
Cardiovascular,Raynaud_syndrome,CYB5A,0.058602806,22
Cardiovascular,Raynaud_syndrome,ACY1,0.057216648,23
Cardiovascular,Raynaud_syndrome,GRPEL1,0.05709487,24
Cardiovascular,Raynaud_syndrome,LEFTY2,0.056804173,25
Cardiovascular,Right_bundle_branch_block,VPS37A,0.09096661,1
Cardiovascular,Right_bundle_branch_block,PSMD9,0.08211694,2
Cardiovascular,Right_bundle_branch_block,PNLIPRP2,0.07716828,3
Cardiovascular,Right_bundle_branch_block,NBN,0.07356637,4
Cardiovascular,Right_bundle_branch_block,F7,0.061970517,5
Cardiovascular,Right_bundle_branch_block,VIM,0.051422086,6
Cardiovascular,Right_bundle_branch_block,SFTPD,0.049707673,7
Cardiovascular,Right_bundle_branch_block,PDLIM5,0.04950108,8
Cardiovascular,Right_bundle_branch_block,TFRC,0.048962656,9
Cardiovascular,Right_bundle_branch_block,GP1BB,0.047719408,10
Cardiovascular,Right_bundle_branch_block,APP,0.046633765,11
Cardiovascular,Right_bundle_branch_block,FKBP1B,0.04551472,12
Cardiovascular,Right_bundle_branch_block,CHMP6,0.04490392,13
Cardiovascular,Right_bundle_branch_block,TBL1X,0.04460165,14
Cardiovascular,Right_bundle_branch_block,PSMA1,0.043282803,15
Cardiovascular,Right_bundle_branch_block,CHIT1,0.041058686,16
Cardiovascular,Right_bundle_branch_block,CALCA,0.040474858,17
Cardiovascular,Right_bundle_branch_block,KLK3,0.040144175,18
Cardiovascular,Right_bundle_branch_block,SAP18,0.03822405,19
Cardiovascular,Right_bundle_branch_block,RUVBL1,0.03784359,20
Cardiovascular,Right_bundle_branch_block,SDC4,0.036621325,21
Cardiovascular,Right_bundle_branch_block,GRPEL1,0.03592131,22
Cardiovascular,Right_bundle_branch_block,GSTP1,0.034938436,23
Cardiovascular,Right_bundle_branch_block,COL4A1,0.034457214,24
Cardiovascular,Right_bundle_branch_block,SLC16A1,0.034439612,25
Cardiovascular,Stable_angina,SFTPD,0.048215058,1
Cardiovascular,Stable_angina,APP,0.045081303,2
Cardiovascular,Stable_angina,PNLIPRP2,0.040188182,3
Cardiovascular,Stable_angina,REN,0.03963816,4
Cardiovascular,Stable_angina,PLAT,0.038768046,5
Cardiovascular,Stable_angina,CHIT1,0.038577184,6
Cardiovascular,Stable_angina,FABP1,0.037101287,7
Cardiovascular,Stable_angina,KLK3,0.036578752,8
Cardiovascular,Stable_angina,AKT2,0.03569623,9
Cardiovascular,Stable_angina,COL2A1,0.034437455,10
Cardiovascular,Stable_angina,VIM,0.03410298,11
Cardiovascular,Stable_angina,GFAP,0.033553243,12
Cardiovascular,Stable_angina,GGT1,0.033072624,13
Cardiovascular,Stable_angina,FURIN,0.03138036,14
Cardiovascular,Stable_angina,CDH15,0.029225454,15
Cardiovascular,Stable_angina,PCSK9,0.029054355,16
Cardiovascular,Stable_angina,CDKN1A,0.028779404,17
Cardiovascular,Stable_angina,SERPINE1,0.028124563,18
Cardiovascular,Stable_angina,SKAP2,0.027856668,19
Cardiovascular,Stable_angina,YES1,0.027402347,20
Cardiovascular,Stable_angina,GCG,0.027369743,21
Cardiovascular,Stable_angina,ITGB1,0.026954759,22
Cardiovascular,Stable_angina,BPIFB2,0.026737753,23
Cardiovascular,Stable_angina,SULT1A1,0.026625156,24
Cardiovascular,Stable_angina,PSMD1,0.026314495,25
Cardiovascular,Supraventricular_tachycardia,SERPINE1,0.07122859,1
Cardiovascular,Supraventricular_tachycardia,TBL1X,0.033091,2
Cardiovascular,Supraventricular_tachycardia,PDE5A,0.02458388,3
Cardiovascular,Supraventricular_tachycardia,SMAD2,0.024271324,4
Cardiovascular,Supraventricular_tachycardia,VAV3,0.023341225,5
Cardiovascular,Supraventricular_tachycardia,LMNB1,0.023153216,6
Cardiovascular,Supraventricular_tachycardia,OCLN,0.018338898,7
Cardiovascular,Supraventricular_tachycardia,RAD51,0.017962396,8
Cardiovascular,Supraventricular_tachycardia,VIM,0.016188245,9
Cardiovascular,Supraventricular_tachycardia,CDKN1A,0.015654484,10
Cardiovascular,Supraventricular_tachycardia,SRC,0.014312295,11
Cardiovascular,Supraventricular_tachycardia,PNLIPRP2,0.014134255,12
Cardiovascular,Supraventricular_tachycardia,F7,0.013567569,13
Cardiovascular,Supraventricular_tachycardia,SHH,0.013436206,14
Cardiovascular,Supraventricular_tachycardia,VWF,0.013368505,15
Cardiovascular,Supraventricular_tachycardia,LEP,0.012970366,16
Cardiovascular,Supraventricular_tachycardia,GSTA1,0.012800517,17
Cardiovascular,Supraventricular_tachycardia,GFER,0.012443534,18
Cardiovascular,Supraventricular_tachycardia,VPS28,0.012359012,19
Cardiovascular,Supraventricular_tachycardia,PARK7,0.011903475,20
Cardiovascular,Supraventricular_tachycardia,POLR2F,0.011658754,21
Cardiovascular,Supraventricular_tachycardia,MYH9,0.011554208,22
Cardiovascular,Supraventricular_tachycardia,MAP2K6,0.011497238,23
Cardiovascular,Supraventricular_tachycardia,HHEX,0.011496476,24
Cardiovascular,Supraventricular_tachycardia,UBE2L6,0.011111123,25
Cardiovascular,Transient_ischaemic_attack,VIM,0.010879179,1
Cardiovascular,Transient_ischaemic_attack,TBL1X,0.010024291,2
Cardiovascular,Transient_ischaemic_attack,SKAP2,0.009000306,3
Cardiovascular,Transient_ischaemic_attack,LMNB1,0.008974285,4
Cardiovascular,Transient_ischaemic_attack,FOXO3,0.008741295,5
Cardiovascular,Transient_ischaemic_attack,PSMA1,0.00826856,6
Cardiovascular,Transient_ischaemic_attack,CHIT1,0.007953968,7
Cardiovascular,Transient_ischaemic_attack,ATF2,0.0076839435,8
Cardiovascular,Transient_ischaemic_attack,CEACAM8,0.007452919,9
Cardiovascular,Transient_ischaemic_attack,SMAD2,0.00655493,10
Cardiovascular,Transient_ischaemic_attack,MYL3,0.006494447,11
Cardiovascular,Transient_ischaemic_attack,PSME2,0.0063345293,12
Cardiovascular,Transient_ischaemic_attack,ACTN2,0.005726689,13
Cardiovascular,Transient_ischaemic_attack,PNLIPRP2,0.0056830575,14
Cardiovascular,Transient_ischaemic_attack,MAP2K6,0.005172815,15
Cardiovascular,Transient_ischaemic_attack,HMOX1,0.004924377,16
Cardiovascular,Transient_ischaemic_attack,SMC3,0.0048956578,17
Cardiovascular,Transient_ischaemic_attack,SERPINE1,0.0048659802,18
Cardiovascular,Transient_ischaemic_attack,YAP1,0.00473066,19
Cardiovascular,Transient_ischaemic_attack,CDC26,0.004657164,20
Cardiovascular,Transient_ischaemic_attack,SAP18,0.004569417,21
Cardiovascular,Transient_ischaemic_attack,HSPA2,0.0045314594,22
Cardiovascular,Transient_ischaemic_attack,GSTP1,0.0045043486,23
Cardiovascular,Transient_ischaemic_attack,RNASE1,0.0044187587,24
Cardiovascular,Transient_ischaemic_attack,CDKN1A,0.004414085,25
Cardiovascular,Unstable_Angina,TBL1X,0.102005325,1
Cardiovascular,Unstable_Angina,SERPINE1,0.041994452,2
Cardiovascular,Unstable_Angina,AGXT,0.03933209,3
Cardiovascular,Unstable_Angina,POLR2F,0.034107737,4
Cardiovascular,Unstable_Angina,ITGB1,0.03312986,5
Cardiovascular,Unstable_Angina,FGF21,0.03191349,6
Cardiovascular,Unstable_Angina,SRC,0.031884257,7
Cardiovascular,Unstable_Angina,VIM,0.029985528,8
Cardiovascular,Unstable_Angina,PSMD9,0.02995491,9
Cardiovascular,Unstable_Angina,ATF2,0.028652582,10
Cardiovascular,Unstable_Angina,PNLIPRP2,0.027445244,11
Cardiovascular,Unstable_Angina,ITGA6,0.02646725,12
Cardiovascular,Unstable_Angina,RUVBL1,0.024701929,13
Cardiovascular,Unstable_Angina,FURIN,0.024148513,14
Cardiovascular,Unstable_Angina,VAV3,0.023830716,15
Cardiovascular,Unstable_Angina,TERF1,0.023766011,16
Cardiovascular,Unstable_Angina,SERPINE2,0.022849103,17
Cardiovascular,Unstable_Angina,SULT1A1,0.022130676,18
Cardiovascular,Unstable_Angina,MYL6B,0.022098118,19
Cardiovascular,Unstable_Angina,SFTPD,0.021191707,20
Cardiovascular,Unstable_Angina,RAD51,0.020796672,21
Cardiovascular,Unstable_Angina,PDE5A,0.019597169,22
Cardiovascular,Unstable_Angina,GSTA1,0.018859033,23
Cardiovascular,Unstable_Angina,CTSH,0.018787317,24
Cardiovascular,Unstable_Angina,MLLT1,0.01868508,25
Cardiovascular,Venous_thromboembolic_disease,SRC,0.043836232,1
Cardiovascular,Venous_thromboembolic_disease,LMNB1,0.039155804,2
Cardiovascular,Venous_thromboembolic_disease,TBL1X,0.029684668,3
Cardiovascular,Venous_thromboembolic_disease,SMC3,0.02157597,4
Cardiovascular,Venous_thromboembolic_disease,PNLIPRP2,0.020581169,5
Cardiovascular,Venous_thromboembolic_disease,GFAP,0.019083343,6
Cardiovascular,Venous_thromboembolic_disease,CHMP6,0.01863948,7
Cardiovascular,Venous_thromboembolic_disease,TPR,0.018414484,8
Cardiovascular,Venous_thromboembolic_disease,NAMPT,0.017634168,9
Cardiovascular,Venous_thromboembolic_disease,PSME2,0.016870316,10
Cardiovascular,Venous_thromboembolic_disease,GSTA1,0.016532788,11
Cardiovascular,Venous_thromboembolic_disease,PDE5A,0.016410263,12
Cardiovascular,Venous_thromboembolic_disease,LATS1,0.01635233,13
Cardiovascular,Venous_thromboembolic_disease,VAV3,0.015913801,14
Cardiovascular,Venous_thromboembolic_disease,FGF21,0.015787283,15
Cardiovascular,Venous_thromboembolic_disease,VIM,0.014979942,16
Cardiovascular,Venous_thromboembolic_disease,F7,0.014941981,17
Cardiovascular,Venous_thromboembolic_disease,LDLR,0.01479759,18
Cardiovascular,Venous_thromboembolic_disease,GP1BB,0.013924908,19
Cardiovascular,Venous_thromboembolic_disease,TWF2,0.013468991,20
Cardiovascular,Venous_thromboembolic_disease,LYN,0.013345421,21
Cardiovascular,Venous_thromboembolic_disease,VWF,0.012617731,22
Cardiovascular,Venous_thromboembolic_disease,RCOR1,0.012306816,23
Cardiovascular,Venous_thromboembolic_disease,SERPINE1,0.012224967,24
Cardiovascular,Venous_thromboembolic_disease,SAP18,0.01207025,25
Digestive,Peptic_ulcer_disease,PNLIPRP2,0.05167906,1
Digestive,Peptic_ulcer_disease,RAD51,0.02727366,2
Digestive,Peptic_ulcer_disease,NCK2,0.02603307,3
Digestive,Peptic_ulcer_disease,SERPINE1,0.024702959,4
Digestive,Peptic_ulcer_disease,BHLHE40,0.024239615,5
Digestive,Peptic_ulcer_disease,SAP18,0.023208318,6
Digestive,Peptic_ulcer_disease,SULT1A1,0.020689111,7
Digestive,Peptic_ulcer_disease,IGFBP1,0.019557575,8
Digestive,Peptic_ulcer_disease,TBL1X,0.019125408,9
Digestive,Peptic_ulcer_disease,CDKN1A,0.019090466,10
Digestive,Peptic_ulcer_disease,GP6,0.018496806,11
Digestive,Peptic_ulcer_disease,LMNB1,0.017569529,12
Digestive,Peptic_ulcer_disease,SRC,0.017525475,13
Digestive,Peptic_ulcer_disease,VIM,0.017345922,14
Digestive,Peptic_ulcer_disease,CASP3,0.017041598,15
Digestive,Peptic_ulcer_disease,VAV3,0.0168455,16
Digestive,Peptic_ulcer_disease,PGA4,0.016766574,17
Digestive,Peptic_ulcer_disease,HMOX1,0.01666202,18
Digestive,Peptic_ulcer_disease,PRKAB1,0.015830848,19
Digestive,Peptic_ulcer_disease,GUCY2C,0.015817018,20
Digestive,Peptic_ulcer_disease,APP,0.015392557,21
Digestive,Peptic_ulcer_disease,CHIT1,0.015300477,22
Digestive,Peptic_ulcer_disease,MYL6B,0.015162162,23
Digestive,Peptic_ulcer_disease,FGF21,0.0148632135,24
Digestive,Peptic_ulcer_disease,NBN,0.0144979125,25
Digestive,Oesophagitis_and_oesophageal_ulcer,TBL1X,0.05273314,1
Digestive,Oesophagitis_and_oesophageal_ulcer,VIM,0.031592272,2
Digestive,Oesophagitis_and_oesophageal_ulcer,FXN,0.02703687,3
Digestive,Oesophagitis_and_oesophageal_ulcer,SHC1,0.026579505,4
Digestive,Oesophagitis_and_oesophageal_ulcer,PSMD1,0.02547354,5
Digestive,Oesophagitis_and_oesophageal_ulcer,CHIT1,0.025252767,6
Digestive,Oesophagitis_and_oesophageal_ulcer,SMC3,0.024787156,7
Digestive,Oesophagitis_and_oesophageal_ulcer,SRC,0.024080303,8
Digestive,Oesophagitis_and_oesophageal_ulcer,PNLIPRP2,0.021085436,9
Digestive,Oesophagitis_and_oesophageal_ulcer,TPMT,0.020925555,10
Digestive,Oesophagitis_and_oesophageal_ulcer,COL2A1,0.0203853,11
Digestive,Oesophagitis_and_oesophageal_ulcer,SLC16A1,0.019746998,12
Digestive,Oesophagitis_and_oesophageal_ulcer,VAV3,0.019128865,13
Digestive,Oesophagitis_and_oesophageal_ulcer,SERPINE1,0.016863413,14
Digestive,Oesophagitis_and_oesophageal_ulcer,PGA4,0.016759336,15
Digestive,Oesophagitis_and_oesophageal_ulcer,POLR2A,0.015387033,16
Digestive,Oesophagitis_and_oesophageal_ulcer,SOD2,0.015370076,17
Digestive,Oesophagitis_and_oesophageal_ulcer,TOMM20,0.015109907,18
Digestive,Oesophagitis_and_oesophageal_ulcer,TNNI3,0.015097943,19
Digestive,Oesophagitis_and_oesophageal_ulcer,SAP18,0.014822593,20
Digestive,Oesophagitis_and_oesophageal_ulcer,FOXO3,0.014453797,21
Digestive,Oesophagitis_and_oesophageal_ulcer,MYL6B,0.014162018,22
Digestive,Oesophagitis_and_oesophageal_ulcer,CA6,0.014024733,23
Digestive,Oesophagitis_and_oesophageal_ulcer,PRKAB1,0.013894872,24
Digestive,Oesophagitis_and_oesophageal_ulcer,IMMT,0.013860104,25
Digestive,Irritable_bowel_syndrome,PNLIPRP2,0.09823976,1
Digestive,Irritable_bowel_syndrome,PSMD1,0.0886853,2
Digestive,Irritable_bowel_syndrome,TBL1X,0.061540145,3
Digestive,Irritable_bowel_syndrome,PSMD9,0.059872195,4
Digestive,Irritable_bowel_syndrome,NBN,0.059715003,5
Digestive,Irritable_bowel_syndrome,LEP,0.058754254,6
Digestive,Irritable_bowel_syndrome,GCG,0.056530233,7
Digestive,Irritable_bowel_syndrome,CDKN1A,0.050827317,8
Digestive,Irritable_bowel_syndrome,KLK3,0.041953404,9
Digestive,Irritable_bowel_syndrome,STAT5B,0.03539277,10
Digestive,Irritable_bowel_syndrome,BGN,0.03366601,11
Digestive,Irritable_bowel_syndrome,SMAD2,0.033163987,12
Digestive,Irritable_bowel_syndrome,PGA4,0.029526046,13
Digestive,Irritable_bowel_syndrome,ATP5F1D,0.02933312,14
Digestive,Irritable_bowel_syndrome,VWF,0.029235344,15
Digestive,Irritable_bowel_syndrome,SFTPA2,0.028856551,16
Digestive,Irritable_bowel_syndrome,ATP6V1G2,0.027791891,17
Digestive,Irritable_bowel_syndrome,IGFBP1,0.027325243,18
Digestive,Irritable_bowel_syndrome,COL4A1,0.026236093,19
Digestive,Irritable_bowel_syndrome,SHC1,0.025685102,20
Digestive,Irritable_bowel_syndrome,FLI1,0.025478788,21
Digestive,Irritable_bowel_syndrome,TP53BP1,0.02499081,22
Digestive,Irritable_bowel_syndrome,PSMD5,0.024988672,23
Digestive,Irritable_bowel_syndrome,TNNI3,0.024857137,24
Digestive,Irritable_bowel_syndrome,PSME1,0.024711454,25
Digestive,Fatty_Liver,GSTA1,0.09917676,1
Digestive,Fatty_Liver,SRC,0.08637276,2
Digestive,Fatty_Liver,PSMD9,0.07944262,3
Digestive,Fatty_Liver,IGFBP1,0.07165269,4
Digestive,Fatty_Liver,FGF21,0.06822771,5
Digestive,Fatty_Liver,LEP,0.0625467,6
Digestive,Fatty_Liver,GGT1,0.056082185,7
Digestive,Fatty_Liver,SHC1,0.045054123,8
Digestive,Fatty_Liver,CGA,0.04429565,9
Digestive,Fatty_Liver,TPMT,0.043480147,10
Digestive,Fatty_Liver,SERPINE1,0.04308495,11
Digestive,Fatty_Liver,PNLIPRP2,0.0423408,12
Digestive,Fatty_Liver,RAD51,0.037605282,13
Digestive,Fatty_Liver,GUSB,0.034217466,14
Digestive,Fatty_Liver,PSMA1,0.03399917,15
Digestive,Fatty_Liver,TPR,0.031938706,16
Digestive,Fatty_Liver,APOE,0.031780455,17
Digestive,Fatty_Liver,CA13,0.03106659,18
Digestive,Fatty_Liver,ACY1,0.030723518,19
Digestive,Fatty_Liver,PSMC3,0.029817061,20
Digestive,Fatty_Liver,AGXT,0.02981695,21
Digestive,Fatty_Liver,MLLT1,0.02962363,22
Digestive,Fatty_Liver,SFTPA2,0.029537179,23
Digestive,Fatty_Liver,MYH9,0.029368171,24
Digestive,Fatty_Liver,PFDN2,0.02789328,25
Digestive,Diaphragmatic_hernia,PGA4,0.19563378,1
Digestive,Diaphragmatic_hernia,LMNB1,0.1356512,2
Digestive,Diaphragmatic_hernia,ENPP7,0.11277037,3
Digestive,Diaphragmatic_hernia,SNCA,0.10667955,4
Digestive,Diaphragmatic_hernia,EGF,0.104006186,5
Digestive,Diaphragmatic_hernia,IGFBP2,0.1001017,6
Digestive,Diaphragmatic_hernia,TFF1,0.09896164,7
Digestive,Diaphragmatic_hernia,SRC,0.09837523,8
Digestive,Diaphragmatic_hernia,FGF21,0.09380026,9
Digestive,Diaphragmatic_hernia,RNF5,0.092277914,10
Digestive,Diaphragmatic_hernia,TBL1X,0.09106071,11
Digestive,Diaphragmatic_hernia,COL2A1,0.08903308,12
Digestive,Diaphragmatic_hernia,IGFBP1,0.085230954,13
Digestive,Diaphragmatic_hernia,PDE5A,0.084437974,14
Digestive,Diaphragmatic_hernia,LEP,0.0838574,15
Digestive,Diaphragmatic_hernia,CES1,0.08043977,16
Digestive,Diaphragmatic_hernia,GFAP,0.07892706,17
Digestive,Diaphragmatic_hernia,ANXA2,0.076383285,18
Digestive,Diaphragmatic_hernia,TYMP,0.07568234,19
Digestive,Diaphragmatic_hernia,RANBP2,0.075140096,20
Digestive,Diaphragmatic_hernia,CALCA,0.07503869,21
Digestive,Diaphragmatic_hernia,THBS2,0.07487655,22
Digestive,Diaphragmatic_hernia,CD36,0.07127317,23
Digestive,Diaphragmatic_hernia,SMPD1,0.07070519,24
Digestive,Diaphragmatic_hernia,DOCK9,0.070494086,25
Digestive,Abdominal_Hernia,KLK3,0.29220507,1
Digestive,Abdominal_Hernia,LEP,0.26537073,2
Digestive,Abdominal_Hernia,TBL1X,0.13705808,3
Digestive,Abdominal_Hernia,SRC,0.12703872,4
Digestive,Abdominal_Hernia,LMNB1,0.12262919,5
Digestive,Abdominal_Hernia,CGA,0.12080937,6
Digestive,Abdominal_Hernia,VIM,0.09879385,7
Digestive,Abdominal_Hernia,MYL3,0.094986215,8
Digestive,Abdominal_Hernia,ITGB1,0.093361475,9
Digestive,Abdominal_Hernia,CEACAM8,0.08792934,10
Digestive,Abdominal_Hernia,IGFBP1,0.087427646,11
Digestive,Abdominal_Hernia,APOE,0.08252676,12
Digestive,Abdominal_Hernia,PSMD9,0.07700295,13
Digestive,Abdominal_Hernia,LEFTY2,0.07573194,14
Digestive,Abdominal_Hernia,PSME1,0.07408126,15
Digestive,Abdominal_Hernia,SERPINE1,0.073060825,16
Digestive,Abdominal_Hernia,PTPN6,0.07267657,17
Digestive,Abdominal_Hernia,AKT2,0.07115779,18
Digestive,Abdominal_Hernia,SULT1A1,0.0677949,19
Digestive,Abdominal_Hernia,SAP18,0.06528354,20
Digestive,Abdominal_Hernia,FABP1,0.062135868,21
Digestive,Abdominal_Hernia,CDKN1A,0.061722957,22
Digestive,Abdominal_Hernia,GSTA1,0.059290994,23
Digestive,Abdominal_Hernia,CHIT1,0.05291134,24
Digestive,Abdominal_Hernia,IGFBP2,0.05290813,25
Digestive,Anal_fissure,VIM,0.06423951,1
Digestive,Anal_fissure,IGFBP1,0.04567544,2
Digestive,Anal_fissure,NBN,0.04260928,3
Digestive,Anal_fissure,ITGA2,0.042005826,4
Digestive,Anal_fissure,GSTA1,0.04144134,5
Digestive,Anal_fissure,TBL1X,0.038544964,6
Digestive,Anal_fissure,KIF22,0.037646268,7
Digestive,Anal_fissure,WASL,0.037616782,8
Digestive,Anal_fissure,MYH9,0.03255608,9
Digestive,Anal_fissure,NPHS2,0.031454775,10
Digestive,Anal_fissure,PSMD9,0.031132665,11
Digestive,Anal_fissure,SIRPA,0.031003159,12
Digestive,Anal_fissure,COL4A1,0.030932225,13
Digestive,Anal_fissure,VPS37A,0.03068275,14
Digestive,Anal_fissure,POLR2A,0.028085819,15
Digestive,Anal_fissure,PLAT,0.0278987,16
Digestive,Anal_fissure,CEACAM8,0.027835084,17
Digestive,Anal_fissure,PNLIPRP2,0.025901284,18
Digestive,Anal_fissure,YES1,0.024915392,19
Digestive,Anal_fissure,TP53BP1,0.024883268,20
Digestive,Anal_fissure,CHIT1,0.024607059,21
Digestive,Anal_fissure,GP1BB,0.023563523,22
Digestive,Anal_fissure,CD163,0.022899505,23
Digestive,Anal_fissure,PNLIPRP1,0.021703342,24
Digestive,Anal_fissure,DBNL,0.021653006,25
Digestive,Gastro_oesophageal_reflux_disease,PGA4,0.20408939,1
Digestive,Gastro_oesophageal_reflux_disease,GAST,0.16941,2
Digestive,Gastro_oesophageal_reflux_disease,VWF,0.08842444,3
Digestive,Gastro_oesophageal_reflux_disease,TBL1X,0.088375844,4
Digestive,Gastro_oesophageal_reflux_disease,TPMT,0.07793297,5
Digestive,Gastro_oesophageal_reflux_disease,SERPINE1,0.07765363,6
Digestive,Gastro_oesophageal_reflux_disease,PLCB2,0.07021688,7
Digestive,Gastro_oesophageal_reflux_disease,SRC,0.0599898,8
Digestive,Gastro_oesophageal_reflux_disease,INPPL1,0.058505494,9
Digestive,Gastro_oesophageal_reflux_disease,LEP,0.0565343,10
Digestive,Gastro_oesophageal_reflux_disease,NBN,0.05606576,11
Digestive,Gastro_oesophageal_reflux_disease,LIPF,0.0537633,12
Digestive,Gastro_oesophageal_reflux_disease,PTPN6,0.052858036,13
Digestive,Gastro_oesophageal_reflux_disease,CA6,0.05280208,14
Digestive,Gastro_oesophageal_reflux_disease,SNCA,0.051548935,15
Digestive,Gastro_oesophageal_reflux_disease,TIMM8A,0.051474914,16
Digestive,Gastro_oesophageal_reflux_disease,DCTN2,0.05017742,17
Digestive,Gastro_oesophageal_reflux_disease,VAV3,0.049240287,18
Digestive,Gastro_oesophageal_reflux_disease,HBEGF,0.04806215,19
Digestive,Gastro_oesophageal_reflux_disease,VIM,0.04794101,20
Digestive,Gastro_oesophageal_reflux_disease,PSME1,0.047936928,21
Digestive,Gastro_oesophageal_reflux_disease,PNLIPRP2,0.047606695,22
Digestive,Gastro_oesophageal_reflux_disease,IGFBP1,0.047453158,23
Digestive,Gastro_oesophageal_reflux_disease,TP53BP1,0.047293052,24
Digestive,Gastro_oesophageal_reflux_disease,POLR2A,0.04568099,25
Digestive,Gastritis_and_duodenitis,GAST,0.107677326,1
Digestive,Gastritis_and_duodenitis,SRC,0.094306394,2
Digestive,Gastritis_and_duodenitis,CDKN1A,0.058562092,3
Digestive,Gastritis_and_duodenitis,PSMD9,0.058239527,4
Digestive,Gastritis_and_duodenitis,HBEGF,0.046254516,5
Digestive,Gastritis_and_duodenitis,PNLIPRP2,0.045964602,6
Digestive,Gastritis_and_duodenitis,FOXO3,0.044677205,7
Digestive,Gastritis_and_duodenitis,CA9,0.044474807,8
Digestive,Gastritis_and_duodenitis,PGA4,0.043923013,9
Digestive,Gastritis_and_duodenitis,CA6,0.043239072,10
Digestive,Gastritis_and_duodenitis,PLIN3,0.043055125,11
Digestive,Gastritis_and_duodenitis,VWF,0.04255042,12
Digestive,Gastritis_and_duodenitis,TBL1X,0.041495204,13
Digestive,Gastritis_and_duodenitis,PTPN6,0.041474286,14
Digestive,Gastritis_and_duodenitis,INPPL1,0.039542522,15
Digestive,Gastritis_and_duodenitis,PARK7,0.03836577,16
Digestive,Gastritis_and_duodenitis,PSCA,0.037344955,17
Digestive,Gastritis_and_duodenitis,LYN,0.035965357,18
Digestive,Gastritis_and_duodenitis,AKT2,0.03295792,19
Digestive,Gastritis_and_duodenitis,APOE,0.03269651,20
Digestive,Gastritis_and_duodenitis,VIM,0.03249919,21
Digestive,Gastritis_and_duodenitis,CHIT1,0.032114845,22
Digestive,Gastritis_and_duodenitis,RANBP2,0.031011388,23
Digestive,Gastritis_and_duodenitis,FGF2,0.030952837,24
Digestive,Gastritis_and_duodenitis,JCHAIN,0.03086081,25
Digestive,Diverticular_disease_of_intestine,SRC,0.10145034,1
Digestive,Diverticular_disease_of_intestine,PSMD9,0.095473655,2
Digestive,Diverticular_disease_of_intestine,STAT5B,0.09295178,3
Digestive,Diverticular_disease_of_intestine,COL9A1,0.08658052,4
Digestive,Diverticular_disease_of_intestine,PNLIPRP2,0.07433882,5
Digestive,Diverticular_disease_of_intestine,CDKN1A,0.06725656,6
Digestive,Diverticular_disease_of_intestine,GAST,0.06712652,7
Digestive,Diverticular_disease_of_intestine,ELN,0.06529122,8
Digestive,Diverticular_disease_of_intestine,FURIN,0.060577415,9
Digestive,Diverticular_disease_of_intestine,COL2A1,0.05995883,10
Digestive,Diverticular_disease_of_intestine,ITGA2,0.057994097,11
Digestive,Diverticular_disease_of_intestine,SMAD2,0.05780894,12
Digestive,Diverticular_disease_of_intestine,LMNB1,0.05490169,13
Digestive,Diverticular_disease_of_intestine,PGA4,0.05445651,14
Digestive,Diverticular_disease_of_intestine,GCG,0.052109107,15
Digestive,Diverticular_disease_of_intestine,SULT1A1,0.050877497,16
Digestive,Diverticular_disease_of_intestine,DLL4,0.050254032,17
Digestive,Diverticular_disease_of_intestine,PTPN6,0.04789299,18
Digestive,Diverticular_disease_of_intestine,PRKAB1,0.043487933,19
Digestive,Diverticular_disease_of_intestine,LEP,0.04270974,20
Digestive,Diverticular_disease_of_intestine,FADD,0.041887905,21
Digestive,Diverticular_disease_of_intestine,PLCB2,0.04032042,22
Digestive,Diverticular_disease_of_intestine,COL4A1,0.040255688,23
Digestive,Diverticular_disease_of_intestine,CHIT1,0.04009618,24
Digestive,Diverticular_disease_of_intestine,TRIM25,0.039847378,25
Digestive,Cholelithiasis,LEP,0.08637919,1
Digestive,Cholelithiasis,GSTA1,0.06155177,2
Digestive,Cholelithiasis,ITGB1,0.044286344,3
Digestive,Cholelithiasis,ITGA2,0.038137596,4
Digestive,Cholelithiasis,CHIT1,0.035909798,5
Digestive,Cholelithiasis,POLR2F,0.031930134,6
Digestive,Cholelithiasis,MMP3,0.031106297,7
Digestive,Cholelithiasis,CA6,0.029517537,8
Digestive,Cholelithiasis,VIM,0.027335607,9
Digestive,Cholelithiasis,CDH15,0.026209954,10
Digestive,Cholelithiasis,OCLN,0.026088513,11
Digestive,Cholelithiasis,PTPN6,0.025786724,12
Digestive,Cholelithiasis,RAD51,0.025768913,13
Digestive,Cholelithiasis,ITGA5,0.025189208,14
Digestive,Cholelithiasis,SHC1,0.02450058,15
Digestive,Cholelithiasis,CGA,0.024117095,16
Digestive,Cholelithiasis,NBN,0.023362925,17
Digestive,Cholelithiasis,COL2A1,0.023078617,18
Digestive,Cholelithiasis,FGF21,0.022464916,19
Digestive,Cholelithiasis,BHLHE40,0.022036944,20
Digestive,Cholelithiasis,KLK3,0.021826336,21
Digestive,Cholelithiasis,PDLIM5,0.021657852,22
Digestive,Cholelithiasis,FABP4,0.020931393,23
Digestive,Cholelithiasis,IGFBP1,0.02063777,24
Digestive,Cholelithiasis,TBL1X,0.020557124,25
Digestive,Cholecystitis,VIM,0.10016081,1
Digestive,Cholecystitis,TBL1X,0.077818856,2
Digestive,Cholecystitis,SRC,0.07773552,3
Digestive,Cholecystitis,SERPINE1,0.056690242,4
Digestive,Cholecystitis,RAD51,0.03902716,5
Digestive,Cholecystitis,SMC3,0.037903078,6
Digestive,Cholecystitis,F7,0.033130545,7
Digestive,Cholecystitis,PSMD9,0.03152932,8
Digestive,Cholecystitis,LEP,0.030328685,9
Digestive,Cholecystitis,CD2AP,0.02760604,10
Digestive,Cholecystitis,PNLIPRP2,0.02744892,11
Digestive,Cholecystitis,GGT1,0.02633178,12
Digestive,Cholecystitis,SULT1A1,0.025594497,13
Digestive,Cholecystitis,CEACAM8,0.025217729,14
Digestive,Cholecystitis,PLIN3,0.024136975,15
Digestive,Cholecystitis,NAMPT,0.024132932,16
Digestive,Cholecystitis,GFER,0.023599299,17
Digestive,Cholecystitis,CDKN1A,0.023571353,18
Digestive,Cholecystitis,APP,0.023397911,19
Digestive,Cholecystitis,CEBPB,0.023133976,20
Digestive,Cholecystitis,VAV3,0.022743236,21
Digestive,Cholecystitis,TPMT,0.022302572,22
Digestive,Cholecystitis,LMNB1,0.022219261,23
Digestive,Cholecystitis,PGA4,0.022152647,24
Digestive,Cholecystitis,BHLHE40,0.021475142,25
Digestive,Barrett_oesophagus,PGA4,0.36411145,1
Digestive,Barrett_oesophagus,LYN,0.14503725,2
Digestive,Barrett_oesophagus,SLC16A1,0.13202961,3
Digestive,Barrett_oesophagus,PDE5A,0.10456872,4
Digestive,Barrett_oesophagus,PNLIPRP2,0.10035464,5
Digestive,Barrett_oesophagus,APOE,0.09851818,6
Digestive,Barrett_oesophagus,ATF2,0.09174337,7
Digestive,Barrett_oesophagus,LMNB1,0.09073895,8
Digestive,Barrett_oesophagus,NBN,0.084330216,9
Digestive,Barrett_oesophagus,LIPF,0.08132627,10
Digestive,Barrett_oesophagus,TBL1X,0.07715519,11
Digestive,Barrett_oesophagus,LEFTY2,0.076826364,12
Digestive,Barrett_oesophagus,TPMT,0.07511897,13
Digestive,Barrett_oesophagus,BHLHE40,0.07456362,14
Digestive,Barrett_oesophagus,PRKG1,0.07307452,15
Digestive,Barrett_oesophagus,PSMD1,0.07163289,16
Digestive,Barrett_oesophagus,EGF,0.06437441,17
Digestive,Barrett_oesophagus,PTPN6,0.06311014,18
Digestive,Barrett_oesophagus,ODAM,0.06269574,19
Digestive,Barrett_oesophagus,SH2B3,0.061981328,20
Digestive,Barrett_oesophagus,VWF,0.060468405,21
Digestive,Barrett_oesophagus,IL6,0.059590023,22
Digestive,Barrett_oesophagus,CDC27,0.05834936,23
Digestive,Barrett_oesophagus,CALCA,0.058120646,24
Digestive,Barrett_oesophagus,CEBPB,0.058025032,25
Ear,Hearing_loss,SULT1A1,0.072897986,1
Ear,Hearing_loss,GFAP,0.059445422,2
Ear,Hearing_loss,SHC1,0.054198477,3
Ear,Hearing_loss,VPS37A,0.049379338,4
Ear,Hearing_loss,CHMP6,0.047099985,5
Ear,Hearing_loss,ITGA6,0.046363976,6
Ear,Hearing_loss,VWF,0.041399743,7
Ear,Hearing_loss,TPMT,0.041060153,8
Ear,Hearing_loss,SERPINE1,0.039706446,9
Ear,Hearing_loss,PRKAB1,0.037242055,10
Ear,Hearing_loss,FGF21,0.036200553,11
Ear,Hearing_loss,CHIT1,0.03538405,12
Ear,Hearing_loss,PSMD1,0.03399196,13
Ear,Hearing_loss,RAD51,0.032322627,14
Ear,Hearing_loss,KLK1,0.032015875,15
Ear,Hearing_loss,VAV3,0.03160502,16
Ear,Hearing_loss,PSMD9,0.03129396,17
Ear,Hearing_loss,ITGA2,0.03049876,18
Ear,Hearing_loss,GP1BB,0.02976727,19
Ear,Hearing_loss,DCTN2,0.029568844,20
Ear,Hearing_loss,F7,0.029429479,21
Ear,Hearing_loss,FKBP1B,0.028842937,22
Ear,Hearing_loss,LMNB1,0.028244328,23
Ear,Hearing_loss,CHCHD6,0.028182201,24
Ear,Hearing_loss,ATP5PO,0.028180031,25
Endocrine,Diabetes_NOS,SRC,0.10755636,1
Endocrine,Diabetes_NOS,HMOX1,0.057656027,2
Endocrine,Diabetes_NOS,VIM,0.05378273,3
Endocrine,Diabetes_NOS,IGFBP1,0.049738675,4
Endocrine,Diabetes_NOS,FGF21,0.049093213,5
Endocrine,Diabetes_NOS,ACY1,0.048188433,6
Endocrine,Diabetes_NOS,VPS37A,0.047655433,7
Endocrine,Diabetes_NOS,TBL1X,0.047308937,8
Endocrine,Diabetes_NOS,IL6,0.044485964,9
Endocrine,Diabetes_NOS,NCK2,0.04437307,10
Endocrine,Diabetes_NOS,APOE,0.04351702,11
Endocrine,Diabetes_NOS,RAD51,0.04218769,12
Endocrine,Diabetes_NOS,PNLIPRP2,0.04011646,13
Endocrine,Diabetes_NOS,CDH1,0.037918102,14
Endocrine,Diabetes_NOS,GFER,0.037085764,15
Endocrine,Diabetes_NOS,GRPEL1,0.0369102,16
Endocrine,Diabetes_NOS,LPL,0.035385408,17
Endocrine,Diabetes_NOS,TRDMT1,0.03347023,18
Endocrine,Diabetes_NOS,FGF23,0.033040244,19
Endocrine,Diabetes_NOS,SLC39A5,0.03270885,20
Endocrine,Diabetes_NOS,MFGE8,0.03194654,21
Endocrine,Diabetes_NOS,IGFBP3,0.03162271,22
Endocrine,Diabetes_NOS,SKAP2,0.03107972,23
Endocrine,Diabetes_NOS,STXBP1,0.030983666,24
Endocrine,Diabetes_NOS,CHIT1,0.030761644,25
Endocrine,Diabetes_Type_II,LPL,0.087818325,1
Endocrine,Diabetes_Type_II,APOA4,0.081702396,2
Endocrine,Diabetes_Type_II,PSMA1,0.072095476,3
Endocrine,Diabetes_Type_II,IGFBP1,0.06716829,4
Endocrine,Diabetes_Type_II,TBL1X,0.054966915,5
Endocrine,Diabetes_Type_II,PNLIPRP2,0.051063836,6
Endocrine,Diabetes_Type_II,LEP,0.049972083,7
Endocrine,Diabetes_Type_II,CDH2,0.047697548,8
Endocrine,Diabetes_Type_II,ITGB6,0.044942625,9
Endocrine,Diabetes_Type_II,MATN3,0.044317063,10
Endocrine,Diabetes_Type_II,VWF,0.04425668,11
Endocrine,Diabetes_Type_II,COL5A1,0.042212833,12
Endocrine,Diabetes_Type_II,POLR2F,0.04147011,13
Endocrine,Diabetes_Type_II,SRC,0.04089576,14
Endocrine,Diabetes_Type_II,NBN,0.040819205,15
Endocrine,Diabetes_Type_II,PSMD9,0.04018144,16
Endocrine,Diabetes_Type_II,PCSK9,0.040057115,17
Endocrine,Diabetes_Type_II,SERPINE1,0.038729314,18
Endocrine,Diabetes_Type_II,GSTA1,0.037850805,19
Endocrine,Diabetes_Type_II,MVK,0.03683599,20
Endocrine,Diabetes_Type_II,GCG,0.036410313,21
Endocrine,Diabetes_Type_II,ITGA2,0.035208277,22
Endocrine,Diabetes_Type_II,PSME2,0.03479729,23
Endocrine,Diabetes_Type_II,FABP1,0.03444993,24
Endocrine,Diabetes_Type_II,MYH9,0.034293503,25
Endocrine,Hypo_or_hyperthyroidism,TSHB,0.4392294,1
Endocrine,Hypo_or_hyperthyroidism,PNLIPRP2,0.1228299,2
Endocrine,Hypo_or_hyperthyroidism,LEP,0.113488026,3
Endocrine,Hypo_or_hyperthyroidism,CALCA,0.0982529,4
Endocrine,Hypo_or_hyperthyroidism,SRC,0.08655879,5
Endocrine,Hypo_or_hyperthyroidism,VIM,0.08498084,6
Endocrine,Hypo_or_hyperthyroidism,AKT2,0.08453768,7
Endocrine,Hypo_or_hyperthyroidism,PDCD1,0.08382409,8
Endocrine,Hypo_or_hyperthyroidism,KLK3,0.07814479,9
Endocrine,Hypo_or_hyperthyroidism,CES1,0.076092064,10
Endocrine,Hypo_or_hyperthyroidism,CDKN1A,0.075191036,11
Endocrine,Hypo_or_hyperthyroidism,ACY1,0.0638208,12
Endocrine,Hypo_or_hyperthyroidism,HMOX1,0.061190605,13
Endocrine,Hypo_or_hyperthyroidism,SERPINE1,0.061150286,14
Endocrine,Hypo_or_hyperthyroidism,FURIN,0.059666988,15
Endocrine,Hypo_or_hyperthyroidism,VAV3,0.057996158,16
Endocrine,Hypo_or_hyperthyroidism,GGT1,0.057424698,17
Endocrine,Hypo_or_hyperthyroidism,SMAD3,0.053223252,18
Endocrine,Hypo_or_hyperthyroidism,STK4,0.05076366,19
Endocrine,Hypo_or_hyperthyroidism,SMC3,0.05011588,20
Endocrine,Hypo_or_hyperthyroidism,EGF,0.047768537,21
Endocrine,Hypo_or_hyperthyroidism,UBE2L6,0.04533759,22
Endocrine,Hypo_or_hyperthyroidism,VWF,0.044775296,23
Endocrine,Hypo_or_hyperthyroidism,FOXO3,0.044475835,24
Endocrine,Hypo_or_hyperthyroidism,CEACAM8,0.04320344,25
Endocrine,Hypothyroidism,TSHB,0.51749986,1
Endocrine,Hypothyroidism,LEP,0.17010924,2
Endocrine,Hypothyroidism,TBL1X,0.13214582,3
Endocrine,Hypothyroidism,PDCD1,0.11483937,4
Endocrine,Hypothyroidism,CDKN1A,0.11451791,5
Endocrine,Hypothyroidism,SERPINE1,0.09767067,6
Endocrine,Hypothyroidism,MYH9,0.09176571,7
Endocrine,Hypothyroidism,KLK3,0.08831794,8
Endocrine,Hypothyroidism,CALCA,0.083301984,9
Endocrine,Hypothyroidism,PSMD9,0.080286086,10
Endocrine,Hypothyroidism,SMAD3,0.071221344,11
Endocrine,Hypothyroidism,COL2A1,0.0690652,12
Endocrine,Hypothyroidism,AKT2,0.06751755,13
Endocrine,Hypothyroidism,CDH15,0.06638746,14
Endocrine,Hypothyroidism,CES1,0.06558788,15
Endocrine,Hypothyroidism,YES1,0.063690856,16
Endocrine,Hypothyroidism,GSTA1,0.061839063,17
Endocrine,Hypothyroidism,FABP1,0.060556177,18
Endocrine,Hypothyroidism,LYN,0.05712738,19
Endocrine,Hypothyroidism,PDLIM5,0.05537389,20
Endocrine,Hypothyroidism,ATF2,0.054551467,21
Endocrine,Hypothyroidism,ARID4B,0.053900298,22
Endocrine,Hypothyroidism,GGT1,0.051875014,23
Endocrine,Hypothyroidism,GUSB,0.051715568,24
Endocrine,Hypothyroidism,FLI1,0.05164678,25
Endocrine,Obesity,LEP,0.06909324,1
Endocrine,Obesity,SULT1A1,0.04288145,2
Endocrine,Obesity,AFP,0.03901473,3
Endocrine,Obesity,SCG3,0.035004374,4
Endocrine,Obesity,IL6,0.03432657,5
Endocrine,Obesity,FXN,0.032127753,6
Endocrine,Obesity,CHGB,0.03005109,7
Endocrine,Obesity,GGT1,0.029459538,8
Endocrine,Obesity,COL4A1,0.029406426,9
Endocrine,Obesity,CEACAM8,0.027601162,10
Endocrine,Obesity,GSTA1,0.027520826,11
Endocrine,Obesity,LMNB1,0.027057573,12
Endocrine,Obesity,CALCA,0.026960218,13
Endocrine,Obesity,PNLIPRP2,0.026546735,14
Endocrine,Obesity,TBL1X,0.026105765,15
Endocrine,Obesity,HSP90B1,0.025637148,16
Endocrine,Obesity,GCG,0.025070565,17
Endocrine,Obesity,VPS28,0.024959363,18
Endocrine,Obesity,ITGB5,0.02311371,19
Endocrine,Obesity,RNASE1,0.022527948,20
Endocrine,Obesity,CHMP6,0.022207685,21
Endocrine,Obesity,CA6,0.0220035,22
Endocrine,Obesity,CA13,0.021063276,23
Endocrine,Obesity,SIRT1,0.02089477,24
Endocrine,Obesity,PSCA,0.020057674,25
Eye,Cataract,FABP1,0.034814656,1
Eye,Cataract,GSTA1,0.033563506,2
Eye,Cataract,VWF,0.032666244,3
Eye,Cataract,AKT2,0.030589217,4
Eye,Cataract,CTSH,0.025040679,5
Eye,Cataract,VIM,0.024722764,6
Eye,Cataract,FOXO3,0.024520567,7
Eye,Cataract,PNLIPRP2,0.023633005,8
Eye,Cataract,ITGA6,0.023168247,9
Eye,Cataract,PSMA1,0.021220973,10
Eye,Cataract,FGF2,0.020162204,11
Eye,Cataract,NAMPT,0.019860635,12
Eye,Cataract,TBL1X,0.019353596,13
Eye,Cataract,PCNA,0.019266699,14
Eye,Cataract,GP1BB,0.01886776,15
Eye,Cataract,REN,0.018646691,16
Eye,Cataract,BGN,0.018603291,17
Eye,Cataract,GFAP,0.018258262,18
Eye,Cataract,HRAS,0.01807207,19
Eye,Cataract,SPON1,0.01787718,20
Eye,Cataract,LMNB1,0.017838774,21
Eye,Cataract,PPP2R5A,0.017624414,22
Eye,Cataract,SERPINE1,0.017602596,23
Eye,Cataract,APOL1,0.017290596,24
Eye,Cataract,HGS,0.017217526,25
Eye,Diabetic_ophthalmic_complications,TBL1X,0.111008815,1
Eye,Diabetic_ophthalmic_complications,REN,0.07299438,2
Eye,Diabetic_ophthalmic_complications,GSTA1,0.06930782,3
Eye,Diabetic_ophthalmic_complications,GCG,0.052186992,4
Eye,Diabetic_ophthalmic_complications,CDH1,0.050298944,5
Eye,Diabetic_ophthalmic_complications,PLCB2,0.04918109,6
Eye,Diabetic_ophthalmic_complications,ITGA6,0.048809078,7
Eye,Diabetic_ophthalmic_complications,SERPINE1,0.04695271,8
Eye,Diabetic_ophthalmic_complications,LMNB1,0.041208047,9
Eye,Diabetic_ophthalmic_complications,FGF21,0.04112371,10
Eye,Diabetic_ophthalmic_complications,BHLHE40,0.04030769,11
Eye,Diabetic_ophthalmic_complications,SULT1A1,0.0400692,12
Eye,Diabetic_ophthalmic_complications,VIM,0.03921934,13
Eye,Diabetic_ophthalmic_complications,PSMD9,0.03817544,14
Eye,Diabetic_ophthalmic_complications,COL4A1,0.037486468,15
Eye,Diabetic_ophthalmic_complications,CDH15,0.036883987,16
Eye,Diabetic_ophthalmic_complications,APOA4,0.036492452,17
Eye,Diabetic_ophthalmic_complications,MYH9,0.03619306,18
Eye,Diabetic_ophthalmic_complications,GH1,0.0353178,19
Eye,Diabetic_ophthalmic_complications,SMAD2,0.034490712,20
Eye,Diabetic_ophthalmic_complications,CDKN1A,0.03329451,21
Eye,Diabetic_ophthalmic_complications,FABP4,0.032949734,22
Eye,Diabetic_ophthalmic_complications,INPPL1,0.032489315,23
Eye,Diabetic_ophthalmic_complications,APOE,0.032356035,24
Eye,Diabetic_ophthalmic_complications,COL1A1,0.032353688,25
Eye,Glaucoma,VIM,0.023241824,1
Eye,Glaucoma,PNLIPRP2,0.0223897,2
Eye,Glaucoma,LMNB1,0.012703718,3
Eye,Glaucoma,TBL1X,0.011420894,4
Eye,Glaucoma,VWF,0.010565734,5
Eye,Glaucoma,CHIT1,0.010543411,6
Eye,Glaucoma,COL2A1,0.0083244955,7
Eye,Glaucoma,PLIN3,0.0072982376,8
Eye,Glaucoma,PARK7,0.007033604,9
Eye,Glaucoma,BHLHE40,0.006700806,10
Eye,Glaucoma,PSMD9,0.006677928,11
Eye,Glaucoma,MYH9,0.006653521,12
Eye,Glaucoma,RAD51,0.0065530897,13
Eye,Glaucoma,MYL6B,0.006149472,14
Eye,Glaucoma,RANBP2,0.006075469,15
Eye,Glaucoma,FGF21,0.00586182,16
Eye,Glaucoma,CEACAM8,0.0057637854,17
Eye,Glaucoma,COL4A1,0.0056908834,18
Eye,Glaucoma,TWF2,0.0056830193,19
Eye,Glaucoma,TOMM20,0.0055288477,20
Eye,Glaucoma,GGT1,0.0052209464,21
Eye,Glaucoma,PRKAB1,0.0052171433,22
Eye,Glaucoma,SRC,0.0051102694,23
Eye,Glaucoma,GFAP,0.005102196,24
Eye,Glaucoma,SERPINE1,0.005049817,25
Eye,Macular_degeneration,LMNB1,0.052974,1
Eye,Macular_degeneration,SRC,0.05234038,2
Eye,Macular_degeneration,PSMA1,0.050526325,3
Eye,Macular_degeneration,PNLIPRP2,0.048957527,4
Eye,Macular_degeneration,GFAP,0.04594726,5
Eye,Macular_degeneration,LYN,0.041279435,6
Eye,Macular_degeneration,RUVBL1,0.03852085,7
Eye,Macular_degeneration,TBL1X,0.037107818,8
Eye,Macular_degeneration,CDKN1A,0.036719743,9
Eye,Macular_degeneration,RAD51,0.035746034,10
Eye,Macular_degeneration,SERPINE1,0.0356426,11
Eye,Macular_degeneration,CA6,0.035614576,12
Eye,Macular_degeneration,FOXO3,0.034514204,13
Eye,Macular_degeneration,NCK2,0.031032855,14
Eye,Macular_degeneration,SIRPA,0.029814411,15
Eye,Macular_degeneration,SAP18,0.029475521,16
Eye,Macular_degeneration,ITGB1,0.028626634,17
Eye,Macular_degeneration,CHIT1,0.028591784,18
Eye,Macular_degeneration,CDC27,0.025421107,19
Eye,Macular_degeneration,NPHS2,0.025139837,20
Eye,Macular_degeneration,VIM,0.023998663,21
Eye,Macular_degeneration,SULT1A1,0.02326319,22
Eye,Macular_degeneration,CA9,0.022771806,23
Eye,Macular_degeneration,MAP2K6,0.022007676,24
Eye,Macular_degeneration,TPMT,0.021642728,25
Eye,Retinal_detachments_and_breaks,PNLIPRP2,0.015930861,1
Eye,Retinal_detachments_and_breaks,TBL1X,0.011690916,2
Eye,Retinal_detachments_and_breaks,HMOX1,0.010182601,3
Eye,Retinal_detachments_and_breaks,MYH9,0.010135343,4
Eye,Retinal_detachments_and_breaks,SERPINE1,0.009969416,5
Eye,Retinal_detachments_and_breaks,VIM,0.009716803,6
Eye,Retinal_detachments_and_breaks,ECI2,0.009081992,7
Eye,Retinal_detachments_and_breaks,BHLHE40,0.008474847,8
Eye,Retinal_detachments_and_breaks,SRC,0.008198295,9
Eye,Retinal_detachments_and_breaks,NBN,0.008081967,10
Eye,Retinal_detachments_and_breaks,STXBP1,0.007684444,11
Eye,Retinal_detachments_and_breaks,SMAD2,0.0072972043,12
Eye,Retinal_detachments_and_breaks,NPHS2,0.007223803,13
Eye,Retinal_detachments_and_breaks,STAT5B,0.0069871466,14
Eye,Retinal_detachments_and_breaks,PSMD9,0.0068078004,15
Eye,Retinal_detachments_and_breaks,GSTA1,0.0065800934,16
Eye,Retinal_detachments_and_breaks,PDE5A,0.006540934,17
Eye,Retinal_detachments_and_breaks,SCP2,0.0065296995,18
Eye,Retinal_detachments_and_breaks,CHIT1,0.0064657773,19
Eye,Retinal_detachments_and_breaks,VPS37A,0.006461101,20
Eye,Retinal_detachments_and_breaks,NCK2,0.006373818,21
Eye,Retinal_detachments_and_breaks,TIMM8A,0.006243765,22
Eye,Retinal_detachments_and_breaks,IMMT,0.006187583,23
Eye,Retinal_detachments_and_breaks,AGXT,0.0060750414,24
Eye,Retinal_detachments_and_breaks,TRDMT1,0.0059305965,25
Genitourinary,Urolithiasis,TBL1X,0.11387953,1
Genitourinary,Urolithiasis,PNLIPRP2,0.08321195,2
Genitourinary,Urolithiasis,VIM,0.08134886,3
Genitourinary,Urolithiasis,SERPINE1,0.0805766,4
Genitourinary,Urolithiasis,SRC,0.079930454,5
Genitourinary,Urolithiasis,BHLHE40,0.07252022,6
Genitourinary,Urolithiasis,FGF21,0.065688536,7
Genitourinary,Urolithiasis,MYH9,0.055971354,8
Genitourinary,Urolithiasis,RAD51,0.055439815,9
Genitourinary,Urolithiasis,VWF,0.0538486,10
Genitourinary,Urolithiasis,IGFBP1,0.050835907,11
Genitourinary,Urolithiasis,CDC27,0.0506304,12
Genitourinary,Urolithiasis,KLK3,0.048928063,13
Genitourinary,Urolithiasis,SMC3,0.045144632,14
Genitourinary,Urolithiasis,PSMD1,0.04053967,15
Genitourinary,Urolithiasis,HSPA2,0.037969008,16
Genitourinary,Urolithiasis,GSTA1,0.0379688,17
Genitourinary,Urolithiasis,LPL,0.03773289,18
Genitourinary,Urolithiasis,HRAS,0.0373567,19
Genitourinary,Urolithiasis,CDH15,0.036123388,20
Genitourinary,Urolithiasis,CASP3,0.03567639,21
Genitourinary,Urolithiasis,NPHS2,0.03549918,22
Genitourinary,Urolithiasis,PSMD9,0.032187868,23
Genitourinary,Urolithiasis,AGXT,0.029822383,24
Genitourinary,Urolithiasis,CGA,0.029662935,25
Genitourinary,Urinary_Incontinence,LEP,0.119072355,1
Genitourinary,Urinary_Incontinence,TBL1X,0.086290024,2
Genitourinary,Urinary_Incontinence,BHLHE40,0.07147369,3
Genitourinary,Urinary_Incontinence,KLK3,0.065794766,4
Genitourinary,Urinary_Incontinence,APP,0.052767422,5
Genitourinary,Urinary_Incontinence,NAMPT,0.051858276,6
Genitourinary,Urinary_Incontinence,NID2,0.0499699,7
Genitourinary,Urinary_Incontinence,CALCA,0.043508958,8
Genitourinary,Urinary_Incontinence,PLCB2,0.040427733,9
Genitourinary,Urinary_Incontinence,TOMM20,0.040390067,10
Genitourinary,Urinary_Incontinence,GGT1,0.040035237,11
Genitourinary,Urinary_Incontinence,SHC1,0.039904527,12
Genitourinary,Urinary_Incontinence,TPMT,0.03871857,13
Genitourinary,Urinary_Incontinence,MMP3,0.038507566,14
Genitourinary,Urinary_Incontinence,RPA2,0.038467303,15
Genitourinary,Urinary_Incontinence,CEACAM8,0.037744213,16
Genitourinary,Urinary_Incontinence,PSMD1,0.037221346,17
Genitourinary,Urinary_Incontinence,SERPINE1,0.036952667,18
Genitourinary,Urinary_Incontinence,NPHS2,0.035271965,19
Genitourinary,Urinary_Incontinence,PNLIPRP2,0.032314412,20
Genitourinary,Urinary_Incontinence,TIMM8A,0.031529073,21
Genitourinary,Urinary_Incontinence,LMNB1,0.030976601,22
Genitourinary,Urinary_Incontinence,F7,0.02977307,23
Genitourinary,Urinary_Incontinence,PSMD9,0.029686913,24
Genitourinary,Urinary_Incontinence,INPPL1,0.029526064,25
Genitourinary,Postmenopausal_bleeding_filtered,TBL1X,0.07786394,1
Genitourinary,Postmenopausal_bleeding_filtered,VWF,0.053715207,2
Genitourinary,Postmenopausal_bleeding_filtered,CHIT1,0.04743308,3
Genitourinary,Postmenopausal_bleeding_filtered,VIM,0.04459208,4
Genitourinary,Postmenopausal_bleeding_filtered,PTPN6,0.043527685,5
Genitourinary,Postmenopausal_bleeding_filtered,CDKN1A,0.038766697,6
Genitourinary,Postmenopausal_bleeding_filtered,SFTPA2,0.03687498,7
Genitourinary,Postmenopausal_bleeding_filtered,MYH9,0.036585025,8
Genitourinary,Postmenopausal_bleeding_filtered,TPMT,0.035542313,9
Genitourinary,Postmenopausal_bleeding_filtered,PARK7,0.034923002,10
Genitourinary,Postmenopausal_bleeding_filtered,NBN,0.034725748,11
Genitourinary,Postmenopausal_bleeding_filtered,LMNB1,0.0347093,12
Genitourinary,Postmenopausal_bleeding_filtered,ITGB1,0.034114044,13
Genitourinary,Postmenopausal_bleeding_filtered,COL9A1,0.033797707,14
Genitourinary,Postmenopausal_bleeding_filtered,COL2A1,0.03356025,15
Genitourinary,Postmenopausal_bleeding_filtered,PRKAB1,0.032072324,16
Genitourinary,Postmenopausal_bleeding_filtered,RAD51,0.03170658,17
Genitourinary,Postmenopausal_bleeding_filtered,PSMD9,0.031182121,18
Genitourinary,Postmenopausal_bleeding_filtered,HRAS,0.03020964,19
Genitourinary,Postmenopausal_bleeding_filtered,GUCY2C,0.029381212,20
Genitourinary,Postmenopausal_bleeding_filtered,ITGA2,0.028783625,21
Genitourinary,Postmenopausal_bleeding_filtered,HGS,0.028004006,22
Genitourinary,Postmenopausal_bleeding_filtered,LYN,0.027655639,23
Genitourinary,Postmenopausal_bleeding_filtered,NCK2,0.027479414,24
Genitourinary,Postmenopausal_bleeding_filtered,OGT,0.027152404,25
Genitourinary,Obstructive_and_reflux_uropathy,SRC,0.1194471,1
Genitourinary,Obstructive_and_reflux_uropathy,GSTA1,0.109745055,2
Genitourinary,Obstructive_and_reflux_uropathy,CDKN1A,0.080526344,3
Genitourinary,Obstructive_and_reflux_uropathy,PSMD9,0.0777807,4
Genitourinary,Obstructive_and_reflux_uropathy,FGF21,0.075492784,5
Genitourinary,Obstructive_and_reflux_uropathy,VIM,0.069276,6
Genitourinary,Obstructive_and_reflux_uropathy,FOXO3,0.066964954,7
Genitourinary,Obstructive_and_reflux_uropathy,PNLIPRP2,0.066791214,8
Genitourinary,Obstructive_and_reflux_uropathy,VPS37A,0.06456706,9
Genitourinary,Obstructive_and_reflux_uropathy,TBL1X,0.061722163,10
Genitourinary,Obstructive_and_reflux_uropathy,FABP1,0.057355657,11
Genitourinary,Obstructive_and_reflux_uropathy,VWF,0.05710184,12
Genitourinary,Obstructive_and_reflux_uropathy,CEACAM8,0.05391589,13
Genitourinary,Obstructive_and_reflux_uropathy,GH2,0.053368624,14
Genitourinary,Obstructive_and_reflux_uropathy,KIF22,0.051625583,15
Genitourinary,Obstructive_and_reflux_uropathy,PTPN6,0.04830463,16
Genitourinary,Obstructive_and_reflux_uropathy,SAP18,0.04621954,17
Genitourinary,Obstructive_and_reflux_uropathy,RPA2,0.04449055,18
Genitourinary,Obstructive_and_reflux_uropathy,TWF2,0.042969793,19
Genitourinary,Obstructive_and_reflux_uropathy,HRAS,0.042906035,20
Genitourinary,Obstructive_and_reflux_uropathy,GH1,0.04199727,21
Genitourinary,Obstructive_and_reflux_uropathy,PCNA,0.041570637,22
Genitourinary,Obstructive_and_reflux_uropathy,ARID4B,0.041313495,23
Genitourinary,Obstructive_and_reflux_uropathy,STXBP1,0.040835414,24
Genitourinary,Obstructive_and_reflux_uropathy,PLIN3,0.040603213,25
Genitourinary,Female_genital_prolapse_filtered,FXN,0.021712229,1
Genitourinary,Female_genital_prolapse_filtered,PNLIPRP2,0.020361647,2
Genitourinary,Female_genital_prolapse_filtered,VPS37A,0.016334843,3
Genitourinary,Female_genital_prolapse_filtered,POLR2F,0.01542354,4
Genitourinary,Female_genital_prolapse_filtered,TBL1X,0.015180103,5
Genitourinary,Female_genital_prolapse_filtered,FKBP1B,0.013797205,6
Genitourinary,Female_genital_prolapse_filtered,GRPEL1,0.013655901,7
Genitourinary,Female_genital_prolapse_filtered,PARK7,0.013211343,8
Genitourinary,Female_genital_prolapse_filtered,VIM,0.013181044,9
Genitourinary,Female_genital_prolapse_filtered,STAT5B,0.013178874,10
Genitourinary,Female_genital_prolapse_filtered,CHMP6,0.012614209,11
Genitourinary,Female_genital_prolapse_filtered,TPMT,0.012221001,12
Genitourinary,Female_genital_prolapse_filtered,RAD51,0.011198185,13
Genitourinary,Female_genital_prolapse_filtered,PDE5A,0.011077655,14
Genitourinary,Female_genital_prolapse_filtered,RNF5,0.011007384,15
Genitourinary,Female_genital_prolapse_filtered,APP,0.010597652,16
Genitourinary,Female_genital_prolapse_filtered,ANXA2,0.010400599,17
Genitourinary,Female_genital_prolapse_filtered,SAP18,0.010273894,18
Genitourinary,Female_genital_prolapse_filtered,SULT1A1,0.0099784685,19
Genitourinary,Female_genital_prolapse_filtered,TPR,0.009802767,20
Genitourinary,Female_genital_prolapse_filtered,CHIT1,0.009506847,21
Genitourinary,Female_genital_prolapse_filtered,SERPINE1,0.009479555,22
Genitourinary,Female_genital_prolapse_filtered,NAMPT,0.009364475,23
Genitourinary,Female_genital_prolapse_filtered,BAG6,0.009339885,24
Genitourinary,Female_genital_prolapse_filtered,ATP5F1D,0.009320611,25
Genitourinary,Menorrhagia_and_polymenorrhoea_filtered,CGA,0.38072592,1
Genitourinary,Menorrhagia_and_polymenorrhoea_filtered,SRC,0.17947613,2
Genitourinary,Menorrhagia_and_polymenorrhoea_filtered,TBL1X,0.13836426,3
Genitourinary,Menorrhagia_and_polymenorrhoea_filtered,PRL,0.12987772,4
Genitourinary,Menorrhagia_and_polymenorrhoea_filtered,PNLIPRP2,0.12935281,5
Genitourinary,Menorrhagia_and_polymenorrhoea_filtered,MMP10,0.113551855,6
Genitourinary,Menorrhagia_and_polymenorrhoea_filtered,FGF23,0.11219895,7
Genitourinary,Menorrhagia_and_polymenorrhoea_filtered,POLR2F,0.110059984,8
Genitourinary,Menorrhagia_and_polymenorrhoea_filtered,RUVBL1,0.099092305,9
Genitourinary,Menorrhagia_and_polymenorrhoea_filtered,ELN,0.09394417,10
Genitourinary,Menorrhagia_and_polymenorrhoea_filtered,COL9A1,0.0934498,11
Genitourinary,Menorrhagia_and_polymenorrhoea_filtered,EPO,0.09159759,12
Genitourinary,Menorrhagia_and_polymenorrhoea_filtered,GGT1,0.07973182,13
Genitourinary,Menorrhagia_and_polymenorrhoea_filtered,SMC3,0.078018054,14
Genitourinary,Menorrhagia_and_polymenorrhoea_filtered,PSME2,0.07733384,15
Genitourinary,Menorrhagia_and_polymenorrhoea_filtered,MYH9,0.07633623,16
Genitourinary,Menorrhagia_and_polymenorrhoea_filtered,GFAP,0.076128334,17
Genitourinary,Menorrhagia_and_polymenorrhoea_filtered,TRDMT1,0.075336404,18
Genitourinary,Menorrhagia_and_polymenorrhoea_filtered,SFTPD,0.07430835,19
Genitourinary,Menorrhagia_and_polymenorrhoea_filtered,F7,0.071665384,20
Genitourinary,Menorrhagia_and_polymenorrhoea_filtered,CA3,0.071539186,21
Genitourinary,Menorrhagia_and_polymenorrhoea_filtered,GCG,0.07013411,22
Genitourinary,Menorrhagia_and_polymenorrhoea_filtered,SERPINE1,0.06831273,23
Genitourinary,Menorrhagia_and_polymenorrhoea_filtered,STXBP1,0.066704005,24
Genitourinary,Menorrhagia_and_polymenorrhoea_filtered,STK4,0.06658786,25
Genitourinary,Chronic_Kidney_Disease,PNLIPRP2,0.053761918,1
Genitourinary,Chronic_Kidney_Disease,VIM,0.04790993,2
Genitourinary,Chronic_Kidney_Disease,REN,0.047455594,3
Genitourinary,Chronic_Kidney_Disease,VWF,0.047267888,4
Genitourinary,Chronic_Kidney_Disease,MMP7,0.043338582,5
Genitourinary,Chronic_Kidney_Disease,SRC,0.039897215,6
Genitourinary,Chronic_Kidney_Disease,SERPINE2,0.033187572,7
Genitourinary,Chronic_Kidney_Disease,PTPN6,0.030317644,8
Genitourinary,Chronic_Kidney_Disease,COL6A3,0.030257322,9
Genitourinary,Chronic_Kidney_Disease,SMAD2,0.02782338,10
Genitourinary,Chronic_Kidney_Disease,COL1A1,0.02668932,11
Genitourinary,Chronic_Kidney_Disease,PSMD5,0.026267763,12
Genitourinary,Chronic_Kidney_Disease,STAT5B,0.026192565,13
Genitourinary,Chronic_Kidney_Disease,PGA4,0.025939098,14
Genitourinary,Chronic_Kidney_Disease,IGFBP1,0.025303833,15
Genitourinary,Chronic_Kidney_Disease,TRDMT1,0.024971984,16
Genitourinary,Chronic_Kidney_Disease,SMC3,0.024747413,17
Genitourinary,Chronic_Kidney_Disease,APP,0.02446146,18
Genitourinary,Chronic_Kidney_Disease,GCG,0.024195284,19
Genitourinary,Chronic_Kidney_Disease,STK4,0.02413684,20
Genitourinary,Chronic_Kidney_Disease,YAP1,0.024120105,21
Genitourinary,Chronic_Kidney_Disease,SHC1,0.023771016,22
Genitourinary,Chronic_Kidney_Disease,LMNB1,0.02352252,23
Genitourinary,Chronic_Kidney_Disease,PSME1,0.023312552,24
Genitourinary,Chronic_Kidney_Disease,LEFTY2,0.022985056,25
Genitourinary,Hyperplasia_of_prostate_filtered,KLK3,0.44401774,1
Genitourinary,Hyperplasia_of_prostate_filtered,LEP,0.08724129,2
Genitourinary,Hyperplasia_of_prostate_filtered,CDKN1A,0.08665067,3
Genitourinary,Hyperplasia_of_prostate_filtered,GFAP,0.08179465,4
Genitourinary,Hyperplasia_of_prostate_filtered,VPS37A,0.075092316,5
Genitourinary,Hyperplasia_of_prostate_filtered,CHRDL1,0.069477834,6
Genitourinary,Hyperplasia_of_prostate_filtered,TBL1X,0.068657,7
Genitourinary,Hyperplasia_of_prostate_filtered,SRC,0.065163694,8
Genitourinary,Hyperplasia_of_prostate_filtered,APOE,0.05663588,9
Genitourinary,Hyperplasia_of_prostate_filtered,PPP2R5A,0.055257414,10
Genitourinary,Hyperplasia_of_prostate_filtered,BHLHE40,0.053019885,11
Genitourinary,Hyperplasia_of_prostate_filtered,KLK1,0.050450653,12
Genitourinary,Hyperplasia_of_prostate_filtered,GP2,0.0502369,13
Genitourinary,Hyperplasia_of_prostate_filtered,FASLG,0.04756857,14
Genitourinary,Hyperplasia_of_prostate_filtered,CA3,0.04658686,15
Genitourinary,Hyperplasia_of_prostate_filtered,PRKAB1,0.04615089,16
Genitourinary,Hyperplasia_of_prostate_filtered,PSMD9,0.045322075,17
Genitourinary,Hyperplasia_of_prostate_filtered,PSME2,0.04463979,18
Genitourinary,Hyperplasia_of_prostate_filtered,FABP1,0.044420995,19
Genitourinary,Hyperplasia_of_prostate_filtered,RHOC,0.044162206,20
Genitourinary,Hyperplasia_of_prostate_filtered,CASP3,0.043798488,21
Genitourinary,Hyperplasia_of_prostate_filtered,FURIN,0.041661385,22
Genitourinary,Hyperplasia_of_prostate_filtered,CALCA,0.04125313,23
Genitourinary,Hyperplasia_of_prostate_filtered,SHC1,0.040842805,24
Genitourinary,Hyperplasia_of_prostate_filtered,TMEM132A,0.04083297,25
Genitourinary,Acute_Kidney_Injury,COL4A1,0.10088182,1
Genitourinary,Acute_Kidney_Injury,MSR1,0.09063322,2
Genitourinary,Acute_Kidney_Injury,PSMD1,0.08047556,3
Genitourinary,Acute_Kidney_Injury,PNLIPRP2,0.07515503,4
Genitourinary,Acute_Kidney_Injury,REN,0.07094204,5
Genitourinary,Acute_Kidney_Injury,KLK3,0.06711547,6
Genitourinary,Acute_Kidney_Injury,GSTA1,0.06416312,7
Genitourinary,Acute_Kidney_Injury,COL2A1,0.06294836,8
Genitourinary,Acute_Kidney_Injury,POLR2F,0.059078082,9
Genitourinary,Acute_Kidney_Injury,CYB5A,0.05794774,10
Genitourinary,Acute_Kidney_Injury,VWF,0.057419706,11
Genitourinary,Acute_Kidney_Injury,PSME1,0.052150622,12
Genitourinary,Acute_Kidney_Injury,VIM,0.050859183,13
Genitourinary,Acute_Kidney_Injury,NAMPT,0.05072479,14
Genitourinary,Acute_Kidney_Injury,GGT1,0.049507637,15
Genitourinary,Acute_Kidney_Injury,LMNB1,0.049298782,16
Genitourinary,Acute_Kidney_Injury,ACY1,0.048402596,17
Genitourinary,Acute_Kidney_Injury,FASLG,0.04764773,18
Genitourinary,Acute_Kidney_Injury,TBL1X,0.045747332,19
Genitourinary,Acute_Kidney_Injury,ITGA6,0.045597993,20
Genitourinary,Acute_Kidney_Injury,SERPINE1,0.045443036,21
Genitourinary,Acute_Kidney_Injury,PSMD9,0.045103624,22
Genitourinary,Acute_Kidney_Injury,CTSH,0.0449085,23
Genitourinary,Acute_Kidney_Injury,CHIT1,0.04369961,24
Genitourinary,Acute_Kidney_Injury,GSTP1,0.0424682,25
Haematological_or_immunological,Secondary_or_other_Thrombocytopaenia,LMNB1,0.08491741,1
Haematological_or_immunological,Secondary_or_other_Thrombocytopaenia,SDC4,0.07861177,2
Haematological_or_immunological,Secondary_or_other_Thrombocytopaenia,BGN,0.06123577,3
Haematological_or_immunological,Secondary_or_other_Thrombocytopaenia,GRPEL1,0.057138447,4
Haematological_or_immunological,Secondary_or_other_Thrombocytopaenia,FGF2,0.047618747,5
Haematological_or_immunological,Secondary_or_other_Thrombocytopaenia,PSMD9,0.045047786,6
Haematological_or_immunological,Secondary_or_other_Thrombocytopaenia,COL5A1,0.044251934,7
Haematological_or_immunological,Secondary_or_other_Thrombocytopaenia,TBL1X,0.041662954,8
Haematological_or_immunological,Secondary_or_other_Thrombocytopaenia,TPR,0.040960595,9
Haematological_or_immunological,Secondary_or_other_Thrombocytopaenia,CDC27,0.040816203,10
Haematological_or_immunological,Secondary_or_other_Thrombocytopaenia,CASP3,0.039010253,11
Haematological_or_immunological,Secondary_or_other_Thrombocytopaenia,TOMM20,0.03736072,12
Haematological_or_immunological,Secondary_or_other_Thrombocytopaenia,ATP6V1F,0.037046798,13
Haematological_or_immunological,Secondary_or_other_Thrombocytopaenia,FKBP1B,0.036748007,14
Haematological_or_immunological,Secondary_or_other_Thrombocytopaenia,VIM,0.03653042,15
Haematological_or_immunological,Secondary_or_other_Thrombocytopaenia,AGXT,0.035918787,16
Haematological_or_immunological,Secondary_or_other_Thrombocytopaenia,PPP2R5A,0.033994693,17
Haematological_or_immunological,Secondary_or_other_Thrombocytopaenia,PSMD5,0.033404335,18
Haematological_or_immunological,Secondary_or_other_Thrombocytopaenia,PARK7,0.033027403,19
Haematological_or_immunological,Secondary_or_other_Thrombocytopaenia,GSTA1,0.0323022,20
Haematological_or_immunological,Secondary_or_other_Thrombocytopaenia,GH2,0.032212827,21
Haematological_or_immunological,Secondary_or_other_Thrombocytopaenia,TPMT,0.03171865,22
Haematological_or_immunological,Secondary_or_other_Thrombocytopaenia,VWF,0.030909408,23
Haematological_or_immunological,Secondary_or_other_Thrombocytopaenia,APP,0.030714862,24
Haematological_or_immunological,Secondary_or_other_Thrombocytopaenia,TERF1,0.030565018,25
Haematological_or_immunological,Other_anaemias,HBEGF,0.07728066,1
Haematological_or_immunological,Other_anaemias,EPO,0.07015447,2
Haematological_or_immunological,Other_anaemias,LMNB1,0.066704415,3
Haematological_or_immunological,Other_anaemias,GSTA1,0.055741027,4
Haematological_or_immunological,Other_anaemias,TBL1X,0.052392527,5
Haematological_or_immunological,Other_anaemias,SERPINE1,0.05030788,6
Haematological_or_immunological,Other_anaemias,IGFBP1,0.041112214,7
Haematological_or_immunological,Other_anaemias,VIM,0.040426776,8
Haematological_or_immunological,Other_anaemias,COL4A1,0.039763488,9
Haematological_or_immunological,Other_anaemias,FGF23,0.03951838,10
Haematological_or_immunological,Other_anaemias,VAV3,0.03912876,11
Haematological_or_immunological,Other_anaemias,EREG,0.037475444,12
Haematological_or_immunological,Other_anaemias,HMOX1,0.036879055,13
Haematological_or_immunological,Other_anaemias,PTPN6,0.034293927,14
Haematological_or_immunological,Other_anaemias,PNLIPRP2,0.0333278,15
Haematological_or_immunological,Other_anaemias,SKAP2,0.03332182,16
Haematological_or_immunological,Other_anaemias,TNFRSF10A,0.030769898,17
Haematological_or_immunological,Other_anaemias,PSMD5,0.030163707,18
Haematological_or_immunological,Other_anaemias,REN,0.029649943,19
Haematological_or_immunological,Other_anaemias,GAST,0.029328248,20
Haematological_or_immunological,Other_anaemias,KLK3,0.029282661,21
Haematological_or_immunological,Other_anaemias,CHIT1,0.029124774,22
Haematological_or_immunological,Other_anaemias,EP300,0.029111413,23
Haematological_or_immunological,Other_anaemias,NBN,0.029028691,24
Haematological_or_immunological,Other_anaemias,YAP1,0.028811166,25
Haematological_or_immunological,Iron_deficiency_anaemia,GAST,0.13472855,1
Haematological_or_immunological,Iron_deficiency_anaemia,FGF23,0.13310406,2
Haematological_or_immunological,Iron_deficiency_anaemia,TFRC,0.11319549,3
Haematological_or_immunological,Iron_deficiency_anaemia,PNLIPRP2,0.08508859,4
Haematological_or_immunological,Iron_deficiency_anaemia,HMOX1,0.081608795,5
Haematological_or_immunological,Iron_deficiency_anaemia,VWF,0.081103615,6
Haematological_or_immunological,Iron_deficiency_anaemia,EIF4G1,0.079318225,7
Haematological_or_immunological,Iron_deficiency_anaemia,PSMD9,0.07879064,8
Haematological_or_immunological,Iron_deficiency_anaemia,FABP1,0.07837904,9
Haematological_or_immunological,Iron_deficiency_anaemia,TP53BP1,0.07564083,10
Haematological_or_immunological,Iron_deficiency_anaemia,STAT5B,0.07288705,11
Haematological_or_immunological,Iron_deficiency_anaemia,PSME1,0.06876411,12
Haematological_or_immunological,Iron_deficiency_anaemia,EPO,0.065604545,13
Haematological_or_immunological,Iron_deficiency_anaemia,SMAD3,0.06378151,14
Haematological_or_immunological,Iron_deficiency_anaemia,LATS1,0.060749024,15
Haematological_or_immunological,Iron_deficiency_anaemia,AKT2,0.060639355,16
Haematological_or_immunological,Iron_deficiency_anaemia,TPR,0.059950385,17
Haematological_or_immunological,Iron_deficiency_anaemia,SERPINE1,0.059017267,18
Haematological_or_immunological,Iron_deficiency_anaemia,PDLIM5,0.058854338,19
Haematological_or_immunological,Iron_deficiency_anaemia,IGFBP1,0.05882264,20
Haematological_or_immunological,Iron_deficiency_anaemia,GPC5,0.057802353,21
Haematological_or_immunological,Iron_deficiency_anaemia,PSMD5,0.057038292,22
Haematological_or_immunological,Iron_deficiency_anaemia,GSTA1,0.051171202,23
Haematological_or_immunological,Iron_deficiency_anaemia,HRAS,0.049446803,24
Haematological_or_immunological,Iron_deficiency_anaemia,EREG,0.04687071,25
Haematological_or_immunological,Agranulocytosis,VIM,0.20284106,1
Haematological_or_immunological,Agranulocytosis,LMNB1,0.15292303,2
Haematological_or_immunological,Agranulocytosis,PSMD1,0.15266123,3
Haematological_or_immunological,Agranulocytosis,PSMA1,0.120503746,4
Haematological_or_immunological,Agranulocytosis,RUVBL1,0.10460501,5
Haematological_or_immunological,Agranulocytosis,TBL1X,0.0998548,6
Haematological_or_immunological,Agranulocytosis,HSPA2,0.098003596,7
Haematological_or_immunological,Agranulocytosis,VWF,0.097094215,8
Haematological_or_immunological,Agranulocytosis,SMC3,0.09306815,9
Haematological_or_immunological,Agranulocytosis,MYH9,0.09301749,10
Haematological_or_immunological,Agranulocytosis,HBEGF,0.092632055,11
Haematological_or_immunological,Agranulocytosis,CHIT1,0.09002735,12
Haematological_or_immunological,Agranulocytosis,CA14,0.084213994,13
Haematological_or_immunological,Agranulocytosis,PTPN6,0.083823636,14
Haematological_or_immunological,Agranulocytosis,POLR2F,0.08104449,15
Haematological_or_immunological,Agranulocytosis,PNLIP,0.07996227,16
Haematological_or_immunological,Agranulocytosis,STK4,0.077568,17
Haematological_or_immunological,Agranulocytosis,SDC4,0.0757859,18
Haematological_or_immunological,Agranulocytosis,SMAD2,0.07391797,19
Haematological_or_immunological,Agranulocytosis,SHC1,0.07129248,20
Haematological_or_immunological,Agranulocytosis,NBN,0.0707858,21
Haematological_or_immunological,Agranulocytosis,ATF2,0.07066728,22
Haematological_or_immunological,Agranulocytosis,FGF21,0.068349265,23
Haematological_or_immunological,Agranulocytosis,LEP,0.067981414,24
Haematological_or_immunological,Agranulocytosis,CEACAM6,0.06771004,25
Infections,Viral_diseases,TBL1X,0.055929247,1
Infections,Viral_diseases,NBN,0.028176814,2
Infections,Viral_diseases,PNLIPRP2,0.02312246,3
Infections,Viral_diseases,NAMPT,0.022102373,4
Infections,Viral_diseases,RPA2,0.020159166,5
Infections,Viral_diseases,VIM,0.020014532,6
Infections,Viral_diseases,GSTA1,0.01961176,7
Infections,Viral_diseases,LYN,0.018173318,8
Infections,Viral_diseases,PXN,0.018154185,9
Infections,Viral_diseases,BHLHE40,0.018005595,10
Infections,Viral_diseases,LMNB1,0.017224103,11
Infections,Viral_diseases,PSMD1,0.017167082,12
Infections,Viral_diseases,PARK7,0.017152077,13
Infections,Viral_diseases,SRC,0.016525777,14
Infections,Viral_diseases,NCK2,0.016510556,15
Infections,Viral_diseases,CASP4,0.016350597,16
Infections,Viral_diseases,SMC3,0.016231697,17
Infections,Viral_diseases,FGF21,0.016223773,18
Infections,Viral_diseases,F7,0.015990643,19
Infections,Viral_diseases,PDLIM5,0.0155007895,20
Infections,Viral_diseases,ATF2,0.015471523,21
Infections,Viral_diseases,GFER,0.015424305,22
Infections,Viral_diseases,VWF,0.014748408,23
Infections,Viral_diseases,PDE5A,0.014281685,24
Infections,Viral_diseases,CHIT1,0.014265962,25
Infections,Urinary_Tract_Infections,GFAP,0.13057137,1
Infections,Urinary_Tract_Infections,CDKN1A,0.106891036,2
Infections,Urinary_Tract_Infections,SERPINE1,0.08979778,3
Infections,Urinary_Tract_Infections,VIM,0.0889159,4
Infections,Urinary_Tract_Infections,COL4A1,0.074505255,5
Infections,Urinary_Tract_Infections,PNLIPRP2,0.073197626,6
Infections,Urinary_Tract_Infections,SHC1,0.06741785,7
Infections,Urinary_Tract_Infections,FOXO3,0.06507212,8
Infections,Urinary_Tract_Infections,RUVBL1,0.05597374,9
Infections,Urinary_Tract_Infections,COL2A1,0.05453996,10
Infections,Urinary_Tract_Infections,JCHAIN,0.052425284,11
Infections,Urinary_Tract_Infections,LEP,0.051741317,12
Infections,Urinary_Tract_Infections,LYN,0.051031537,13
Infections,Urinary_Tract_Infections,CA6,0.050201036,14
Infections,Urinary_Tract_Infections,CDH2,0.046707403,15
Infections,Urinary_Tract_Infections,POLR2F,0.04554283,16
Infections,Urinary_Tract_Infections,PSMD5,0.045471836,17
Infections,Urinary_Tract_Infections,VPS37A,0.044876367,18
Infections,Urinary_Tract_Infections,PSME2,0.044621963,19
Infections,Urinary_Tract_Infections,TBL1X,0.044521775,20
Infections,Urinary_Tract_Infections,AKT2,0.04430145,21
Infections,Urinary_Tract_Infections,ITGAV,0.044252865,22
Infections,Urinary_Tract_Infections,SRC,0.044017877,23
Infections,Urinary_Tract_Infections,PGA4,0.041911468,24
Infections,Urinary_Tract_Infections,COL9A1,0.040648807,25
Infections,Infection_of_skin_and_subcutaneous_tissues,NBN,0.06374158,1
Infections,Infection_of_skin_and_subcutaneous_tissues,CDKN1A,0.05336453,2
Infections,Infection_of_skin_and_subcutaneous_tissues,LMNB1,0.050021708,3
Infections,Infection_of_skin_and_subcutaneous_tissues,PNLIPRP2,0.04245154,4
Infections,Infection_of_skin_and_subcutaneous_tissues,IL6,0.04067587,5
Infections,Infection_of_skin_and_subcutaneous_tissues,PSMD1,0.03845884,6
Infections,Infection_of_skin_and_subcutaneous_tissues,COL4A1,0.033862833,7
Infections,Infection_of_skin_and_subcutaneous_tissues,SFTPD,0.033578344,8
Infections,Infection_of_skin_and_subcutaneous_tissues,TBL1X,0.032913662,9
Infections,Infection_of_skin_and_subcutaneous_tissues,GSTA1,0.032244157,10
Infections,Infection_of_skin_and_subcutaneous_tissues,FGF21,0.031387504,11
Infections,Infection_of_skin_and_subcutaneous_tissues,PSME1,0.030857438,12
Infections,Infection_of_skin_and_subcutaneous_tissues,VIM,0.030567229,13
Infections,Infection_of_skin_and_subcutaneous_tissues,SCP2,0.029560296,14
Infections,Infection_of_skin_and_subcutaneous_tissues,PDE5A,0.029349577,15
Infections,Infection_of_skin_and_subcutaneous_tissues,VPS28,0.029324127,16
Infections,Infection_of_skin_and_subcutaneous_tissues,PSMD9,0.02791318,17
Infections,Infection_of_skin_and_subcutaneous_tissues,INPPL1,0.027285486,18
Infections,Infection_of_skin_and_subcutaneous_tissues,CDC27,0.027039088,19
Infections,Infection_of_skin_and_subcutaneous_tissues,COL9A1,0.027017012,20
Infections,Infection_of_skin_and_subcutaneous_tissues,BHLHE40,0.026106253,21
Infections,Infection_of_skin_and_subcutaneous_tissues,MMP9,0.025722925,22
Infections,Infection_of_skin_and_subcutaneous_tissues,CHCHD10,0.025649123,23
Infections,Infection_of_skin_and_subcutaneous_tissues,HMOX1,0.025147151,24
Infections,Infection_of_skin_and_subcutaneous_tissues,COL2A1,0.02498902,25
Infections,Septicaemia,FGF2,0.09703032,1
Infections,Septicaemia,PNLIPRP2,0.092844225,2
Infections,Septicaemia,GSTA1,0.077226125,3
Infections,Septicaemia,LEP,0.07121818,4
Infections,Septicaemia,COL4A1,0.07036316,5
Infections,Septicaemia,PTPN6,0.065610565,6
Infections,Septicaemia,APP,0.059051324,7
Infections,Septicaemia,EPO,0.05280933,8
Infections,Septicaemia,CEACAM8,0.051074926,9
Infections,Septicaemia,COL1A1,0.049336374,10
Infections,Septicaemia,SPARC,0.048350655,11
Infections,Septicaemia,VPS37A,0.047770396,12
Infections,Septicaemia,SAP18,0.04752063,13
Infections,Septicaemia,BMP4,0.04747229,14
Infections,Septicaemia,CEACAM6,0.046883572,15
Infections,Septicaemia,LYN,0.046764426,16
Infections,Septicaemia,ATF2,0.045779962,17
Infections,Septicaemia,LTBP2,0.04527064,18
Infections,Septicaemia,SPP1,0.04504,19
Infections,Septicaemia,SLC16A1,0.04483706,20
Infections,Septicaemia,CDKN1A,0.044099443,21
Infections,Septicaemia,GFAP,0.043662954,22
Infections,Septicaemia,IL6,0.043377977,23
Infections,Septicaemia,GGT1,0.043271806,24
Infections,Septicaemia,SIRT1,0.04307554,25
Infections,Mycoses,CEACAM6,0.07433397,1
Infections,Mycoses,SRC,0.06807636,2
Infections,Mycoses,LYN,0.061110724,3
Infections,Mycoses,VIM,0.059830837,4
Infections,Mycoses,PNLIPRP2,0.05817187,5
Infections,Mycoses,TBL1X,0.051129363,6
Infections,Mycoses,LEP,0.04747477,7
Infections,Mycoses,GSTA1,0.046917554,8
Infections,Mycoses,CDKN1A,0.043321587,9
Infections,Mycoses,CHIT1,0.04219851,10
Infections,Mycoses,SERPINE1,0.040454246,11
Infections,Mycoses,PTPN6,0.03926197,12
Infections,Mycoses,FURIN,0.03884624,13
Infections,Mycoses,PSMD1,0.036107127,14
Infections,Mycoses,CDC26,0.035775647,15
Infections,Mycoses,SLC16A1,0.035719268,16
Infections,Mycoses,PARK7,0.035648514,17
Infections,Mycoses,STAT5B,0.033707567,18
Infections,Mycoses,TERF1,0.033680007,19
Infections,Mycoses,TNNI3,0.033474885,20
Infections,Mycoses,FGF21,0.03320212,21
Infections,Mycoses,TPR,0.032229617,22
Infections,Mycoses,ITGA2,0.032113865,23
Infections,Mycoses,RAD51,0.032106493,24
Infections,Mycoses,NID2,0.031084098,25
Infections,Lower_Respiratory_Tract_Infections,TBL1X,0.055050064,1
Infections,Lower_Respiratory_Tract_Infections,VIM,0.035373945,2
Infections,Lower_Respiratory_Tract_Infections,SFTPD,0.02960683,3
Infections,Lower_Respiratory_Tract_Infections,PSMD1,0.027702438,4
Infections,Lower_Respiratory_Tract_Infections,IL6,0.027191432,5
Infections,Lower_Respiratory_Tract_Infections,PNLIPRP2,0.024746807,6
Infections,Lower_Respiratory_Tract_Infections,SRC,0.02319168,7
Infections,Lower_Respiratory_Tract_Infections,LMNB1,0.022991884,8
Infections,Lower_Respiratory_Tract_Infections,CDKN1A,0.021730447,9
Infections,Lower_Respiratory_Tract_Infections,CEACAM6,0.021160997,10
Infections,Lower_Respiratory_Tract_Infections,NBN,0.020449195,11
Infections,Lower_Respiratory_Tract_Infections,PNLIP,0.020403717,12
Infections,Lower_Respiratory_Tract_Infections,COL4A1,0.01982311,13
Infections,Lower_Respiratory_Tract_Infections,PARK7,0.019179348,14
Infections,Lower_Respiratory_Tract_Infections,DCTN2,0.018054087,15
Infections,Lower_Respiratory_Tract_Infections,TPMT,0.01789923,16
Infections,Lower_Respiratory_Tract_Infections,VAV3,0.017508209,17
Infections,Lower_Respiratory_Tract_Infections,SKAP2,0.0169255,18
Infections,Lower_Respiratory_Tract_Infections,PSMD5,0.016711,19
Infections,Lower_Respiratory_Tract_Infections,PSMA1,0.015786562,20
Infections,Lower_Respiratory_Tract_Infections,STAT5B,0.015757767,21
Infections,Lower_Respiratory_Tract_Infections,SMAD3,0.015312605,22
Infections,Lower_Respiratory_Tract_Infections,HBEGF,0.015232528,23
Infections,Lower_Respiratory_Tract_Infections,SNCA,0.015135038,24
Infections,Lower_Respiratory_Tract_Infections,GH1,0.014927636,25
Infections,Ear_and_Upper_Respiratory_Tract_Infections,PNLIPRP2,0.08520317,1
Infections,Ear_and_Upper_Respiratory_Tract_Infections,MYH9,0.08146789,2
Infections,Ear_and_Upper_Respiratory_Tract_Infections,TBL1X,0.0588662,3
Infections,Ear_and_Upper_Respiratory_Tract_Infections,SFTPD,0.055712797,4
Infections,Ear_and_Upper_Respiratory_Tract_Infections,SRC,0.04674012,5
Infections,Ear_and_Upper_Respiratory_Tract_Infections,MMP10,0.03876461,6
Infections,Ear_and_Upper_Respiratory_Tract_Infections,SCP2,0.037100565,7
Infections,Ear_and_Upper_Respiratory_Tract_Infections,LEP,0.036084585,8
Infections,Ear_and_Upper_Respiratory_Tract_Infections,PLIN3,0.03464275,9
Infections,Ear_and_Upper_Respiratory_Tract_Infections,TPR,0.033766296,10
Infections,Ear_and_Upper_Respiratory_Tract_Infections,COL2A1,0.03274824,11
Infections,Ear_and_Upper_Respiratory_Tract_Infections,TWF2,0.032435752,12
Infections,Ear_and_Upper_Respiratory_Tract_Infections,AKT2,0.032213748,13
Infections,Ear_and_Upper_Respiratory_Tract_Infections,FOXO3,0.032031637,14
Infections,Ear_and_Upper_Respiratory_Tract_Infections,ITGA6,0.030752158,15
Infections,Ear_and_Upper_Respiratory_Tract_Infections,PSMC3,0.030388022,16
Infections,Ear_and_Upper_Respiratory_Tract_Infections,SFTPA2,0.029893868,17
Infections,Ear_and_Upper_Respiratory_Tract_Infections,SMAD2,0.029797569,18
Infections,Ear_and_Upper_Respiratory_Tract_Infections,CSF2RA,0.02790188,19
Infections,Ear_and_Upper_Respiratory_Tract_Infections,IGFBP1,0.027400158,20
Infections,Ear_and_Upper_Respiratory_Tract_Infections,GSTA1,0.027286118,21
Infections,Ear_and_Upper_Respiratory_Tract_Infections,CABP2,0.027028171,22
Infections,Ear_and_Upper_Respiratory_Tract_Infections,GCG,0.0268096,23
Infections,Ear_and_Upper_Respiratory_Tract_Infections,CHIT1,0.026760412,24
Infections,Ear_and_Upper_Respiratory_Tract_Infections,HRAS,0.026119936,25
Infections,Infections_of_the_digestive_system,VIM,0.022623567,1
Infections,Infections_of_the_digestive_system,COL4A1,0.021913866,2
Infections,Infections_of_the_digestive_system,COL2A1,0.021568537,3
Infections,Infections_of_the_digestive_system,PGA4,0.019407704,4
Infections,Infections_of_the_digestive_system,FGF21,0.018545253,5
Infections,Infections_of_the_digestive_system,PNLIP,0.018101364,6
Infections,Infections_of_the_digestive_system,VWF,0.01751952,7
Infections,Infections_of_the_digestive_system,FOXO3,0.016579553,8
Infections,Infections_of_the_digestive_system,IGFBP1,0.016537542,9
Infections,Infections_of_the_digestive_system,FABP1,0.01634512,10
Infections,Infections_of_the_digestive_system,TBL1X,0.016280582,11
Infections,Infections_of_the_digestive_system,AKT2,0.016031252,12
Infections,Infections_of_the_digestive_system,APP,0.01598202,13
Infections,Infections_of_the_digestive_system,KIF22,0.015021847,14
Infections,Infections_of_the_digestive_system,LEP,0.014929599,15
Infections,Infections_of_the_digestive_system,FLI1,0.014404067,16
Infections,Infections_of_the_digestive_system,PNLIPRP2,0.01431077,17
Infections,Infections_of_the_digestive_system,LYN,0.013426914,18
Infections,Infections_of_the_digestive_system,CEACAM6,0.013338158,19
Infections,Infections_of_the_digestive_system,TWF2,0.013172561,20
Infections,Infections_of_the_digestive_system,APOA2,0.012579506,21
Infections,Infections_of_the_digestive_system,SFTPD,0.012448273,22
Infections,Infections_of_the_digestive_system,LMNB1,0.012415275,23
Infections,Infections_of_the_digestive_system,PARK7,0.012286828,24
Infections,Infections_of_the_digestive_system,PDLIM5,0.01177089,25
Infections,Bacterial_Diseases,TBL1X,0.04775684,1
Infections,Bacterial_Diseases,FGF21,0.037660908,2
Infections,Bacterial_Diseases,LYN,0.03262376,3
Infections,Bacterial_Diseases,GSTA1,0.030224422,4
Infections,Bacterial_Diseases,COL4A1,0.029415399,5
Infections,Bacterial_Diseases,MYH9,0.028789023,6
Infections,Bacterial_Diseases,SDC4,0.028500859,7
Infections,Bacterial_Diseases,PNLIPRP2,0.02505561,8
Infections,Bacterial_Diseases,FOXO3,0.02472576,9
Infections,Bacterial_Diseases,GSTP1,0.023606462,10
Infections,Bacterial_Diseases,VIM,0.02333397,11
Infections,Bacterial_Diseases,ACY1,0.022672907,12
Infections,Bacterial_Diseases,NBN,0.022561116,13
Infections,Bacterial_Diseases,FABP1,0.02232737,14
Infections,Bacterial_Diseases,COL1A1,0.02160849,15
Infections,Bacterial_Diseases,PSMD9,0.021010859,16
Infections,Bacterial_Diseases,STAT5B,0.020530794,17
Infections,Bacterial_Diseases,IGFBP1,0.02028469,18
Infections,Bacterial_Diseases,COL2A1,0.019893188,19
Infections,Bacterial_Diseases,GGT1,0.018956214,20
Infections,Bacterial_Diseases,ITGA6,0.018093416,21
Infections,Bacterial_Diseases,SNCA,0.017819308,22
Infections,Bacterial_Diseases,CA6,0.017811904,23
Infections,Bacterial_Diseases,HRAS,0.017418176,24
Infections,Bacterial_Diseases,GCG,0.017123131,25
Musculoskeletal,Carpal_tunnel_syndrome,PSMD1,0.026067996,1
Musculoskeletal,Carpal_tunnel_syndrome,SULT1A1,0.025354274,2
Musculoskeletal,Carpal_tunnel_syndrome,PSMD5,0.023880355,3
Musculoskeletal,Carpal_tunnel_syndrome,TBL1X,0.01859092,4
Musculoskeletal,Carpal_tunnel_syndrome,SRC,0.018098377,5
Musculoskeletal,Carpal_tunnel_syndrome,PNLIPRP2,0.018045112,6
Musculoskeletal,Carpal_tunnel_syndrome,SERPINE1,0.017511358,7
Musculoskeletal,Carpal_tunnel_syndrome,TOMM20,0.015820088,8
Musculoskeletal,Carpal_tunnel_syndrome,LEP,0.015361583,9
Musculoskeletal,Carpal_tunnel_syndrome,PSMD9,0.014912043,10
Musculoskeletal,Carpal_tunnel_syndrome,FGF21,0.013902664,11
Musculoskeletal,Carpal_tunnel_syndrome,HMOX1,0.01316262,12
Musculoskeletal,Carpal_tunnel_syndrome,IGFBP1,0.01289272,13
Musculoskeletal,Carpal_tunnel_syndrome,GUSB,0.012161348,14
Musculoskeletal,Carpal_tunnel_syndrome,CDC27,0.012005279,15
Musculoskeletal,Carpal_tunnel_syndrome,NBN,0.011964204,16
Musculoskeletal,Carpal_tunnel_syndrome,CHIT1,0.011863012,17
Musculoskeletal,Carpal_tunnel_syndrome,MSR1,0.011315571,18
Musculoskeletal,Carpal_tunnel_syndrome,LMNB1,0.011015904,19
Musculoskeletal,Carpal_tunnel_syndrome,KLK3,0.011009786,20
Musculoskeletal,Carpal_tunnel_syndrome,SFTPD,0.010888112,21
Musculoskeletal,Carpal_tunnel_syndrome,GSTA1,0.010351533,22
Musculoskeletal,Carpal_tunnel_syndrome,YAP1,0.010199122,23
Musculoskeletal,Carpal_tunnel_syndrome,VIM,0.010083748,24
Musculoskeletal,Carpal_tunnel_syndrome,PSME2,0.009975995,25
Musculoskeletal,Fracture_of_wrist,CGA,0.2029992,1
Musculoskeletal,Fracture_of_wrist,PSMA1,0.16939251,2
Musculoskeletal,Fracture_of_wrist,PSMD1,0.15634029,3
Musculoskeletal,Fracture_of_wrist,KLK3,0.13937949,4
Musculoskeletal,Fracture_of_wrist,STAT5B,0.13464408,5
Musculoskeletal,Fracture_of_wrist,APOE,0.13289163,6
Musculoskeletal,Fracture_of_wrist,PSME1,0.13062741,7
Musculoskeletal,Fracture_of_wrist,SMAD2,0.12945616,8
Musculoskeletal,Fracture_of_wrist,APOA2,0.11684991,9
Musculoskeletal,Fracture_of_wrist,LEP,0.11684254,10
Musculoskeletal,Fracture_of_wrist,PNLIPRP2,0.10659884,11
Musculoskeletal,Fracture_of_wrist,GUSB,0.09962955,12
Musculoskeletal,Fracture_of_wrist,CA6,0.09923436,13
Musculoskeletal,Fracture_of_wrist,LPL,0.0986895,14
Musculoskeletal,Fracture_of_wrist,SRC,0.09382745,15
Musculoskeletal,Fracture_of_wrist,NBN,0.091008335,16
Musculoskeletal,Fracture_of_wrist,GSTP1,0.086208574,17
Musculoskeletal,Fracture_of_wrist,ATP6V1G2,0.08594848,18
Musculoskeletal,Fracture_of_wrist,AKT2,0.08057662,19
Musculoskeletal,Fracture_of_wrist,CASP3,0.080077246,20
Musculoskeletal,Fracture_of_wrist,SULT1A1,0.077144176,21
Musculoskeletal,Fracture_of_wrist,RAD51,0.075886436,22
Musculoskeletal,Fracture_of_wrist,CEACAM8,0.07535417,23
Musculoskeletal,Fracture_of_wrist,HRAS,0.07437239,24
Musculoskeletal,Fracture_of_wrist,ATP6V1G1,0.07213585,25
Musculoskeletal,Osteoarthritis,COL9A1,0.14427415,1
Musculoskeletal,Osteoarthritis,LEP,0.11250093,2
Musculoskeletal,Osteoarthritis,SRC,0.078071006,3
Musculoskeletal,Osteoarthritis,CDKN1A,0.0705799,4
Musculoskeletal,Osteoarthritis,LYN,0.06971337,5
Musculoskeletal,Osteoarthritis,SMAD3,0.06851371,6
Musculoskeletal,Osteoarthritis,PSMD1,0.06432988,7
Musculoskeletal,Osteoarthritis,PNLIPRP2,0.062597506,8
Musculoskeletal,Osteoarthritis,CD3G,0.06140774,9
Musculoskeletal,Osteoarthritis,PSMD9,0.061109506,10
Musculoskeletal,Osteoarthritis,CEBPB,0.0601885,11
Musculoskeletal,Osteoarthritis,HHEX,0.057376765,12
Musculoskeletal,Osteoarthritis,TBL1X,0.054031845,13
Musculoskeletal,Osteoarthritis,LEFTY2,0.051029883,14
Musculoskeletal,Osteoarthritis,VWF,0.04906504,15
Musculoskeletal,Osteoarthritis,PSMC3,0.04782093,16
Musculoskeletal,Osteoarthritis,PGA4,0.046632294,17
Musculoskeletal,Osteoarthritis,FOXO3,0.046147075,18
Musculoskeletal,Osteoarthritis,IGFBP1,0.04444673,19
Musculoskeletal,Osteoarthritis,JUN,0.044400398,20
Musculoskeletal,Osteoarthritis,AKT3,0.043729972,21
Musculoskeletal,Osteoarthritis,OCLN,0.04333529,22
Musculoskeletal,Osteoarthritis,VIM,0.043238595,23
Musculoskeletal,Osteoarthritis,COL1A1,0.042814687,24
Musculoskeletal,Osteoarthritis,SMAD2,0.04167202,25
Musculoskeletal,Rheumatoid_Arthritis,S100A12,0.13548408,1
Musculoskeletal,Rheumatoid_Arthritis,CDC27,0.10693957,2
Musculoskeletal,Rheumatoid_Arthritis,GH1,0.10537204,3
Musculoskeletal,Rheumatoid_Arthritis,AKT2,0.104138084,4
Musculoskeletal,Rheumatoid_Arthritis,CDC26,0.09894572,5
Musculoskeletal,Rheumatoid_Arthritis,PARK7,0.09757517,6
Musculoskeletal,Rheumatoid_Arthritis,CASP4,0.093812205,7
Musculoskeletal,Rheumatoid_Arthritis,GRAP2,0.09039087,8
Musculoskeletal,Rheumatoid_Arthritis,BHLHE40,0.090016685,9
Musculoskeletal,Rheumatoid_Arthritis,IL6,0.08778497,10
Musculoskeletal,Rheumatoid_Arthritis,CTSH,0.08527476,11
Musculoskeletal,Rheumatoid_Arthritis,RUVBL1,0.08202613,12
Musculoskeletal,Rheumatoid_Arthritis,SFTPD,0.07984799,13
Musculoskeletal,Rheumatoid_Arthritis,SMC3,0.07674427,14
Musculoskeletal,Rheumatoid_Arthritis,PSMD9,0.07650217,15
Musculoskeletal,Rheumatoid_Arthritis,APP,0.07259884,16
Musculoskeletal,Rheumatoid_Arthritis,PTPN6,0.07020524,17
Musculoskeletal,Rheumatoid_Arthritis,CA6,0.068799414,18
Musculoskeletal,Rheumatoid_Arthritis,INPP5D,0.06794233,19
Musculoskeletal,Rheumatoid_Arthritis,MAP2K6,0.06784921,20
Musculoskeletal,Rheumatoid_Arthritis,COL2A1,0.067617916,21
Musculoskeletal,Rheumatoid_Arthritis,SERPINE1,0.06708399,22
Musculoskeletal,Rheumatoid_Arthritis,KIF22,0.06691162,23
Musculoskeletal,Rheumatoid_Arthritis,HSBP1,0.06536982,24
Musculoskeletal,Rheumatoid_Arthritis,TRIM21,0.06216794,25
Musculoskeletal,Enthesopathies_and_synovial_disorders,LMNB1,0.018823225,1
Musculoskeletal,Enthesopathies_and_synovial_disorders,SRC,0.015129313,2
Musculoskeletal,Enthesopathies_and_synovial_disorders,TBL1X,0.014759325,3
Musculoskeletal,Enthesopathies_and_synovial_disorders,SERPINE1,0.013608267,4
Musculoskeletal,Enthesopathies_and_synovial_disorders,GSTA1,0.0111666275,5
Musculoskeletal,Enthesopathies_and_synovial_disorders,SMC3,0.010522861,6
Musculoskeletal,Enthesopathies_and_synovial_disorders,MYH9,0.010489928,7
Musculoskeletal,Enthesopathies_and_synovial_disorders,PNLIPRP2,0.010274296,8
Musculoskeletal,Enthesopathies_and_synovial_disorders,VIM,0.01009317,9
Musculoskeletal,Enthesopathies_and_synovial_disorders,SULT1A1,0.009123244,10
Musculoskeletal,Enthesopathies_and_synovial_disorders,NBN,0.008381098,11
Musculoskeletal,Enthesopathies_and_synovial_disorders,HSPA2,0.007965481,12
Musculoskeletal,Enthesopathies_and_synovial_disorders,PSME2,0.007786599,13
Musculoskeletal,Enthesopathies_and_synovial_disorders,PSME1,0.007761584,14
Musculoskeletal,Enthesopathies_and_synovial_disorders,PTPN6,0.007733523,15
Musculoskeletal,Enthesopathies_and_synovial_disorders,VPS37A,0.00758514,16
Musculoskeletal,Enthesopathies_and_synovial_disorders,BHLHE40,0.0072802766,17
Musculoskeletal,Enthesopathies_and_synovial_disorders,VPS28,0.0070835925,18
Musculoskeletal,Enthesopathies_and_synovial_disorders,CHIT1,0.006891561,19
Musculoskeletal,Enthesopathies_and_synovial_disorders,SMAD3,0.006761568,20
Musculoskeletal,Enthesopathies_and_synovial_disorders,PDE5A,0.006513032,21
Musculoskeletal,Enthesopathies_and_synovial_disorders,RAD51,0.0064588864,22
Musculoskeletal,Enthesopathies_and_synovial_disorders,PNLIPRP1,0.0063967225,23
Musculoskeletal,Enthesopathies_and_synovial_disorders,ANXA2,0.0063016284,24
Musculoskeletal,Enthesopathies_and_synovial_disorders,ITGB5,0.0062766774,25
Musculoskeletal,Gout,KLK3,0.08714116,1
Musculoskeletal,Gout,SHC1,0.07415765,2
Musculoskeletal,Gout,FGF2,0.07402091,3
Musculoskeletal,Gout,GGT1,0.07330689,4
Musculoskeletal,Gout,CDKN1A,0.061480977,5
Musculoskeletal,Gout,FGF21,0.061215762,6
Musculoskeletal,Gout,LYN,0.060407303,7
Musculoskeletal,Gout,HRAS,0.059409715,8
Musculoskeletal,Gout,SRC,0.058717947,9
Musculoskeletal,Gout,PSMD9,0.05531765,10
Musculoskeletal,Gout,ACY1,0.054755364,11
Musculoskeletal,Gout,VIM,0.052556217,12
Musculoskeletal,Gout,FN1,0.050830357,13
Musculoskeletal,Gout,PNLIPRP2,0.050144486,14
Musculoskeletal,Gout,SERPINE1,0.048437115,15
Musculoskeletal,Gout,TBL1X,0.04666976,16
Musculoskeletal,Gout,SULT1A1,0.042592935,17
Musculoskeletal,Gout,MYH9,0.041551586,18
Musculoskeletal,Gout,GP1BB,0.041535538,19
Musculoskeletal,Gout,ITGA2,0.041032106,20
Musculoskeletal,Gout,DKK1,0.040541224,21
Musculoskeletal,Gout,FABP1,0.039801136,22
Musculoskeletal,Gout,COL6A3,0.03793861,23
Musculoskeletal,Gout,ITGB1,0.037562236,24
Musculoskeletal,Gout,ITGA6,0.037446637,25
Musculoskeletal,Osteoporosis,SOST,0.14022127,1
Musculoskeletal,Osteoporosis,COL1A1,0.120848425,2
Musculoskeletal,Osteoporosis,STAT5B,0.08531913,3
Musculoskeletal,Osteoporosis,COL9A1,0.08477111,4
Musculoskeletal,Osteoporosis,CEACAM8,0.082184955,5
Musculoskeletal,Osteoporosis,PSME2,0.07263023,6
Musculoskeletal,Osteoporosis,COL4A1,0.07176106,7
Musculoskeletal,Osteoporosis,CEACAM6,0.06974177,8
Musculoskeletal,Osteoporosis,LEP,0.06894524,9
Musculoskeletal,Osteoporosis,KLK3,0.06276478,10
Musculoskeletal,Osteoporosis,PPP2R5A,0.062721685,11
Musculoskeletal,Osteoporosis,LYN,0.06121235,12
Musculoskeletal,Osteoporosis,CGA,0.061018806,13
Musculoskeletal,Osteoporosis,PNLIPRP2,0.057871334,14
Musculoskeletal,Osteoporosis,CASP3,0.054356273,15
Musculoskeletal,Osteoporosis,PSMA1,0.051049124,16
Musculoskeletal,Osteoporosis,SNCA,0.050825883,17
Musculoskeletal,Osteoporosis,STK4,0.049836956,18
Musculoskeletal,Osteoporosis,SFTPD,0.048391562,19
Musculoskeletal,Osteoporosis,ELN,0.045735218,20
Musculoskeletal,Osteoporosis,MRPL58,0.04505678,21
Musculoskeletal,Osteoporosis,AKT2,0.04458294,22
Musculoskeletal,Osteoporosis,TBL1X,0.043304313,23
Musculoskeletal,Osteoporosis,PRKAB1,0.042197555,24
Musculoskeletal,Osteoporosis,SMAD1,0.041792296,25
Musculoskeletal,Spinal_stenosis,SRC,0.19262788,1
Musculoskeletal,Spinal_stenosis,TBL1X,0.18614195,2
Musculoskeletal,Spinal_stenosis,CDKN1A,0.17861752,3
Musculoskeletal,Spinal_stenosis,PSMD9,0.17739044,4
Musculoskeletal,Spinal_stenosis,APP,0.13107091,5
Musculoskeletal,Spinal_stenosis,GRAP2,0.13078043,6
Musculoskeletal,Spinal_stenosis,SERPINE1,0.11576999,7
Musculoskeletal,Spinal_stenosis,MYL3,0.11213316,8
Musculoskeletal,Spinal_stenosis,TRIM25,0.10259014,9
Musculoskeletal,Spinal_stenosis,PNLIPRP2,0.10224827,10
Musculoskeletal,Spinal_stenosis,LYN,0.095077455,11
Musculoskeletal,Spinal_stenosis,KIF22,0.094337106,12
Musculoskeletal,Spinal_stenosis,GP1BB,0.09152897,13
Musculoskeletal,Spinal_stenosis,VIM,0.09068776,14
Musculoskeletal,Spinal_stenosis,POLR2F,0.09045951,15
Musculoskeletal,Spinal_stenosis,COL1A1,0.08887544,16
Musculoskeletal,Spinal_stenosis,COL4A1,0.08400949,17
Musculoskeletal,Spinal_stenosis,VAMP8,0.08399537,18
Musculoskeletal,Spinal_stenosis,PDE5A,0.08355848,19
Musculoskeletal,Spinal_stenosis,BGN,0.08255009,20
Musculoskeletal,Spinal_stenosis,RPA2,0.08201206,21
Musculoskeletal,Spinal_stenosis,COPE,0.08183722,22
Musculoskeletal,Spinal_stenosis,COL9A1,0.08156671,23
Musculoskeletal,Spinal_stenosis,LEP,0.07751264,24
Musculoskeletal,Spinal_stenosis,EHD3,0.07714123,25
Musculoskeletal,Fracture_of_hip,VIM,0.07181454,1
Musculoskeletal,Fracture_of_hip,PSMA1,0.06196006,2
Musculoskeletal,Fracture_of_hip,PNLIPRP2,0.05241038,3
Musculoskeletal,Fracture_of_hip,TRIM25,0.04985757,4
Musculoskeletal,Fracture_of_hip,LYN,0.047939233,5
Musculoskeletal,Fracture_of_hip,SRC,0.045511816,6
Musculoskeletal,Fracture_of_hip,SERPINE1,0.040751025,7
Musculoskeletal,Fracture_of_hip,NBN,0.039012276,8
Musculoskeletal,Fracture_of_hip,TBL1X,0.03857588,9
Musculoskeletal,Fracture_of_hip,VWF,0.03605893,10
Musculoskeletal,Fracture_of_hip,MYH9,0.034726415,11
Musculoskeletal,Fracture_of_hip,CHIT1,0.033576608,12
Musculoskeletal,Fracture_of_hip,PTPN6,0.03323574,13
Musculoskeletal,Fracture_of_hip,ATF2,0.031392366,14
Musculoskeletal,Fracture_of_hip,TPR,0.031342946,15
Musculoskeletal,Fracture_of_hip,APP,0.030705893,16
Musculoskeletal,Fracture_of_hip,PDLIM5,0.030360654,17
Musculoskeletal,Fracture_of_hip,TP53BP1,0.029979948,18
Musculoskeletal,Fracture_of_hip,GP6,0.028847063,19
Musculoskeletal,Fracture_of_hip,HMOX1,0.027870724,20
Musculoskeletal,Fracture_of_hip,TOMM20,0.027228283,21
Musculoskeletal,Fracture_of_hip,COL4A1,0.02715308,22
Musculoskeletal,Fracture_of_hip,SMC3,0.027105654,23
Musculoskeletal,Fracture_of_hip,SAP18,0.027043805,24
Musculoskeletal,Fracture_of_hip,FKBP1B,0.026576467,25
Musculoskeletal,Intervertebral_disc_disorders,PNLIPRP2,0.016038878,1
Musculoskeletal,Intervertebral_disc_disorders,VIM,0.0107223485,2
Musculoskeletal,Intervertebral_disc_disorders,SMC3,0.0098535465,3
Musculoskeletal,Intervertebral_disc_disorders,SULT1A1,0.008210026,4
Musculoskeletal,Intervertebral_disc_disorders,RAD51,0.0078724725,5
Musculoskeletal,Intervertebral_disc_disorders,TBL1X,0.0075489404,6
Musculoskeletal,Intervertebral_disc_disorders,HMOX1,0.0065562506,7
Musculoskeletal,Intervertebral_disc_disorders,SKAP2,0.005802493,8
Musculoskeletal,Intervertebral_disc_disorders,PLIN3,0.0055875215,9
Musculoskeletal,Intervertebral_disc_disorders,SRC,0.005333431,10
Musculoskeletal,Intervertebral_disc_disorders,GGT1,0.005323184,11
Musculoskeletal,Intervertebral_disc_disorders,PRKAB1,0.005275422,12
Musculoskeletal,Intervertebral_disc_disorders,SERPINE1,0.004983801,13
Musculoskeletal,Intervertebral_disc_disorders,PDE5A,0.004869382,14
Musculoskeletal,Intervertebral_disc_disorders,FGF21,0.0048390883,15
Musculoskeletal,Intervertebral_disc_disorders,GFAP,0.004688099,16
Musculoskeletal,Intervertebral_disc_disorders,CDC26,0.004687183,17
Musculoskeletal,Intervertebral_disc_disorders,FXN,0.00459534,18
Musculoskeletal,Intervertebral_disc_disorders,VAV3,0.004576688,19
Musculoskeletal,Intervertebral_disc_disorders,PDLIM5,0.0042218226,20
Musculoskeletal,Intervertebral_disc_disorders,PSMD9,0.0040177773,21
Musculoskeletal,Intervertebral_disc_disorders,SCP2,0.004004195,22
Musculoskeletal,Intervertebral_disc_disorders,CD2AP,0.003996466,23
Musculoskeletal,Intervertebral_disc_disorders,IGFBP1,0.0039582667,24
Musculoskeletal,Intervertebral_disc_disorders,FOXO3,0.0039426098,25
Musculoskeletal,Polymyalgia_Rheumatica,SERPINE1,0.020627307,1
Musculoskeletal,Polymyalgia_Rheumatica,APP,0.018890664,2
Musculoskeletal,Polymyalgia_Rheumatica,PNLIPRP2,0.013309478,3
Musculoskeletal,Polymyalgia_Rheumatica,SRC,0.013124586,4
Musculoskeletal,Polymyalgia_Rheumatica,GGT1,0.013024372,5
Musculoskeletal,Polymyalgia_Rheumatica,SMC3,0.011834373,6
Musculoskeletal,Polymyalgia_Rheumatica,VIM,0.011019905,7
Musculoskeletal,Polymyalgia_Rheumatica,TBL1X,0.010520715,8
Musculoskeletal,Polymyalgia_Rheumatica,PSMD9,0.010119211,9
Musculoskeletal,Polymyalgia_Rheumatica,NPHS2,0.00985612,10
Musculoskeletal,Polymyalgia_Rheumatica,GSTA1,0.009432487,11
Musculoskeletal,Polymyalgia_Rheumatica,VPS37A,0.008320067,12
Musculoskeletal,Polymyalgia_Rheumatica,PSMD1,0.0079858145,13
Musculoskeletal,Polymyalgia_Rheumatica,MYL6B,0.00794817,14
Musculoskeletal,Polymyalgia_Rheumatica,LMNB1,0.0077802576,15
Musculoskeletal,Polymyalgia_Rheumatica,PSME2,0.007764295,16
Musculoskeletal,Polymyalgia_Rheumatica,PSMD5,0.007639943,17
Musculoskeletal,Polymyalgia_Rheumatica,BGN,0.0073393527,18
Musculoskeletal,Polymyalgia_Rheumatica,STAT5B,0.0071312455,19
Musculoskeletal,Polymyalgia_Rheumatica,RNF5,0.007054015,20
Musculoskeletal,Polymyalgia_Rheumatica,MAP2K6,0.007021524,21
Musculoskeletal,Polymyalgia_Rheumatica,PSME1,0.0069563393,22
Musculoskeletal,Polymyalgia_Rheumatica,CHIT1,0.0068511423,23
Musculoskeletal,Polymyalgia_Rheumatica,CD2AP,0.0068144677,24
Musculoskeletal,Polymyalgia_Rheumatica,TPRKB,0.0067390585,25
Musculoskeletal,Spondylosis,PNLIPRP2,0.005940806,1
Musculoskeletal,Spondylosis,TBL1X,0.005718,2
Musculoskeletal,Spondylosis,LMNB1,0.005439475,3
Musculoskeletal,Spondylosis,NCK2,0.004814284,4
Musculoskeletal,Spondylosis,SKAP2,0.004502081,5
Musculoskeletal,Spondylosis,HSPA2,0.0040172106,6
Musculoskeletal,Spondylosis,SMAD3,0.0037516,7
Musculoskeletal,Spondylosis,TIMM8A,0.0036748874,8
Musculoskeletal,Spondylosis,SULT1A1,0.00354089,9
Musculoskeletal,Spondylosis,VIM,0.0032078393,10
Musculoskeletal,Spondylosis,NAMPT,0.0031312786,11
Musculoskeletal,Spondylosis,PSMD1,0.0030337803,12
Musculoskeletal,Spondylosis,PARK7,0.0030275797,13
Musculoskeletal,Spondylosis,SERPINE1,0.0028691671,14
Musculoskeletal,Spondylosis,FLI1,0.0028634458,15
Musculoskeletal,Spondylosis,BHLHE40,0.002856079,16
Musculoskeletal,Spondylosis,CASP3,0.002805216,17
Musculoskeletal,Spondylosis,POLR2A,0.002793155,18
Musculoskeletal,Spondylosis,LEP,0.0027353617,19
Musculoskeletal,Spondylosis,CA6,0.0026825955,20
Musculoskeletal,Spondylosis,RNF5,0.0026242156,21
Musculoskeletal,Spondylosis,GP6,0.0025879822,22
Musculoskeletal,Spondylosis,PDE5A,0.0025226064,23
Musculoskeletal,Spondylosis,SMAD2,0.0025197428,24
Musculoskeletal,Spondylosis,CDKN1A,0.0025037837,25
Neurological,Motor_neuron_disease,TBL1X,0.07324998,1
Neurological,Motor_neuron_disease,TERF1,0.052296802,2
Neurological,Motor_neuron_disease,NBN,0.047070954,3
Neurological,Motor_neuron_disease,PNLIPRP2,0.04432293,4
Neurological,Motor_neuron_disease,LMNB1,0.043201253,5
Neurological,Motor_neuron_disease,HSPA2,0.041353438,6
Neurological,Motor_neuron_disease,SERPINE1,0.04005093,7
Neurological,Motor_neuron_disease,NAMPT,0.03810132,8
Neurological,Motor_neuron_disease,VIM,0.0336503,9
Neurological,Motor_neuron_disease,PSMD1,0.03218894,10
Neurological,Motor_neuron_disease,VAV3,0.031623162,11
Neurological,Motor_neuron_disease,PSMA1,0.03118402,12
Neurological,Motor_neuron_disease,BGN,0.03096066,13
Neurological,Motor_neuron_disease,SRC,0.029405393,14
Neurological,Motor_neuron_disease,VWF,0.027594516,15
Neurological,Motor_neuron_disease,ACTN2,0.026588783,16
Neurological,Motor_neuron_disease,TPR,0.024962202,17
Neurological,Motor_neuron_disease,COL4A1,0.024743944,18
Neurological,Motor_neuron_disease,TRIM25,0.024603412,19
Neurological,Motor_neuron_disease,SFTPA2,0.024109954,20
Neurological,Motor_neuron_disease,EP300,0.02318125,21
Neurological,Motor_neuron_disease,PSMD9,0.02294162,22
Neurological,Motor_neuron_disease,CEACAM8,0.022581184,23
Neurological,Motor_neuron_disease,FOXO3,0.022513015,24
Neurological,Motor_neuron_disease,BHLHE40,0.022062816,25
Neurological,Migraine,FOXO3,0.025608443,1
Neurological,Migraine,SMC3,0.02491076,2
Neurological,Migraine,CDKN1A,0.024144527,3
Neurological,Migraine,TBL1X,0.02395427,4
Neurological,Migraine,CDH15,0.021719607,5
Neurological,Migraine,PNLIPRP2,0.017973062,6
Neurological,Migraine,MAP2K6,0.01732929,7
Neurological,Migraine,NPHS2,0.017076567,8
Neurological,Migraine,COL4A1,0.01675344,9
Neurological,Migraine,LEP,0.0160249,10
Neurological,Migraine,DLG4,0.015496575,11
Neurological,Migraine,AKT2,0.015253465,12
Neurological,Migraine,F7,0.0151667455,13
Neurological,Migraine,SMAD2,0.015088762,14
Neurological,Migraine,ARID4B,0.013980702,15
Neurological,Migraine,DKK1,0.013546084,16
Neurological,Migraine,NBN,0.013525785,17
Neurological,Migraine,CDC27,0.013260686,18
Neurological,Migraine,LMNB1,0.013139414,19
Neurological,Migraine,VAV3,0.012641166,20
Neurological,Migraine,BHLHE40,0.012561519,21
Neurological,Migraine,SERPINE1,0.012347025,22
Neurological,Migraine,VIM,0.012219931,23
Neurological,Migraine,ATF2,0.012019928,24
Neurological,Migraine,PSMD1,0.011818449,25
Neurological,Postviral_fatigue_syndrome_neurasthenia_and_fibromyalgia,LEP,0.16207512,1
Neurological,Postviral_fatigue_syndrome_neurasthenia_and_fibromyalgia,NUP50,0.122658804,2
Neurological,Postviral_fatigue_syndrome_neurasthenia_and_fibromyalgia,PSMD9,0.12136509,3
Neurological,Postviral_fatigue_syndrome_neurasthenia_and_fibromyalgia,PNLIPRP2,0.099647306,4
Neurological,Postviral_fatigue_syndrome_neurasthenia_and_fibromyalgia,F7,0.0827787,5
Neurological,Postviral_fatigue_syndrome_neurasthenia_and_fibromyalgia,PSMD1,0.07685555,6
Neurological,Postviral_fatigue_syndrome_neurasthenia_and_fibromyalgia,RUVBL1,0.07245729,7
Neurological,Postviral_fatigue_syndrome_neurasthenia_and_fibromyalgia,VIM,0.07154029,8
Neurological,Postviral_fatigue_syndrome_neurasthenia_and_fibromyalgia,TBL1X,0.06962778,9
Neurological,Postviral_fatigue_syndrome_neurasthenia_and_fibromyalgia,SHC1,0.067285515,10
Neurological,Postviral_fatigue_syndrome_neurasthenia_and_fibromyalgia,CA6,0.0667339,11
Neurological,Postviral_fatigue_syndrome_neurasthenia_and_fibromyalgia,TOMM20,0.066090874,12
Neurological,Postviral_fatigue_syndrome_neurasthenia_and_fibromyalgia,KLK3,0.065525286,13
Neurological,Postviral_fatigue_syndrome_neurasthenia_and_fibromyalgia,SFTPA1,0.0654969,14
Neurological,Postviral_fatigue_syndrome_neurasthenia_and_fibromyalgia,MNAT1,0.06182406,15
Neurological,Postviral_fatigue_syndrome_neurasthenia_and_fibromyalgia,CGA,0.060720477,16
Neurological,Postviral_fatigue_syndrome_neurasthenia_and_fibromyalgia,FGF2,0.057211228,17
Neurological,Postviral_fatigue_syndrome_neurasthenia_and_fibromyalgia,SMC3,0.056883883,18
Neurological,Postviral_fatigue_syndrome_neurasthenia_and_fibromyalgia,ACY1,0.053154595,19
Neurological,Postviral_fatigue_syndrome_neurasthenia_and_fibromyalgia,TNNI3,0.051159583,20
Neurological,Postviral_fatigue_syndrome_neurasthenia_and_fibromyalgia,GSTA1,0.050749373,21
Neurological,Postviral_fatigue_syndrome_neurasthenia_and_fibromyalgia,NPHS2,0.050565112,22
Neurological,Postviral_fatigue_syndrome_neurasthenia_and_fibromyalgia,BGN,0.049732838,23
Neurological,Postviral_fatigue_syndrome_neurasthenia_and_fibromyalgia,CEACAM8,0.04875188,24
Neurological,Postviral_fatigue_syndrome_neurasthenia_and_fibromyalgia,CDKN1A,0.048718777,25
Psychiatric,Depression,VIM,0.055661954,1
Psychiatric,Depression,PDLIM5,0.03500191,2
Psychiatric,Depression,FLI1,0.031806633,3
Psychiatric,Depression,PSMD9,0.029683972,4
Psychiatric,Depression,CDKN1A,0.029322488,5
Psychiatric,Depression,SULT1A1,0.024726253,6
Psychiatric,Depression,PNLIPRP2,0.024557997,7
Psychiatric,Depression,YAP1,0.02417503,8
Psychiatric,Depression,VAV3,0.023585744,9
Psychiatric,Depression,STXBP1,0.022515047,10
Psychiatric,Depression,DLG4,0.022503592,11
Psychiatric,Depression,SRC,0.022487305,12
Psychiatric,Depression,NAMPT,0.022343887,13
Psychiatric,Depression,KLK3,0.022321574,14
Psychiatric,Depression,SCP2,0.022228803,15
Psychiatric,Depression,POLR2F,0.02111661,16
Psychiatric,Depression,IMMT,0.020770615,17
Psychiatric,Depression,SMC3,0.020158876,18
Psychiatric,Depression,LEP,0.01974616,19
Psychiatric,Depression,TPR,0.019523734,20
Psychiatric,Depression,TBL1X,0.019353293,21
Psychiatric,Depression,PNLIPRP1,0.019256921,22
Psychiatric,Depression,TPMT,0.01909859,23
Psychiatric,Depression,PLIN3,0.01908144,24
Psychiatric,Depression,CAT,0.018904323,25
Psychiatric,Dementia,GFAP,0.25462794,1
Psychiatric,Dementia,NEFL,0.23327933,2
Psychiatric,Dementia,APOE,0.14313859,3
Psychiatric,Dementia,PNLIPRP2,0.08195759,4
Psychiatric,Dementia,TBL1X,0.07186218,5
Psychiatric,Dementia,DLG4,0.06637025,6
Psychiatric,Dementia,PARK7,0.056275237,7
Psychiatric,Dementia,SAP18,0.052704625,8
Psychiatric,Dementia,CEACAM8,0.05067829,9
Psychiatric,Dementia,GGT1,0.04931239,10
Psychiatric,Dementia,SRC,0.04581114,11
Psychiatric,Dementia,VGF,0.0421822,12
Psychiatric,Dementia,CHMP6,0.041394353,13
Psychiatric,Dementia,MYH9,0.04138452,14
Psychiatric,Dementia,GCG,0.040044274,15
Psychiatric,Dementia,BCAN,0.0400252,16
Psychiatric,Dementia,VIM,0.039586093,17
Psychiatric,Dementia,CTSH,0.03776258,18
Psychiatric,Dementia,LMNB1,0.03772001,19
Psychiatric,Dementia,PSMD9,0.037090614,20
Psychiatric,Dementia,APOA2,0.036735468,21
Psychiatric,Dementia,TP53BP1,0.035925705,22
Psychiatric,Dementia,NBN,0.03518092,23
Psychiatric,Dementia,SERPINE1,0.034973644,24
Psychiatric,Dementia,PLIN3,0.033837926,25
Psychiatric,Delirium_not_induced_by_alcohol_and_other_psychoactive_substances,TBL1X,0.1443888,1
Psychiatric,Delirium_not_induced_by_alcohol_and_other_psychoactive_substances,GFAP,0.12025478,2
Psychiatric,Delirium_not_induced_by_alcohol_and_other_psychoactive_substances,APOE,0.114489146,3
Psychiatric,Delirium_not_induced_by_alcohol_and_other_psychoactive_substances,COL4A1,0.08661633,4
Psychiatric,Delirium_not_induced_by_alcohol_and_other_psychoactive_substances,NBN,0.07198186,5
Psychiatric,Delirium_not_induced_by_alcohol_and_other_psychoactive_substances,PNLIPRP2,0.07140242,6
Psychiatric,Delirium_not_induced_by_alcohol_and_other_psychoactive_substances,CDC27,0.061766177,7
Psychiatric,Delirium_not_induced_by_alcohol_and_other_psychoactive_substances,PSME2,0.061230592,8
Psychiatric,Delirium_not_induced_by_alcohol_and_other_psychoactive_substances,SRC,0.059407897,9
Psychiatric,Delirium_not_induced_by_alcohol_and_other_psychoactive_substances,VIM,0.05511199,10
Psychiatric,Delirium_not_induced_by_alcohol_and_other_psychoactive_substances,BHLHE40,0.05445751,11
Psychiatric,Delirium_not_induced_by_alcohol_and_other_psychoactive_substances,MYH9,0.051537465,12
Psychiatric,Delirium_not_induced_by_alcohol_and_other_psychoactive_substances,TNNI3,0.050929513,13
Psychiatric,Delirium_not_induced_by_alcohol_and_other_psychoactive_substances,PLIN3,0.050616793,14
Psychiatric,Delirium_not_induced_by_alcohol_and_other_psychoactive_substances,CHIT1,0.04885107,15
Psychiatric,Delirium_not_induced_by_alcohol_and_other_psychoactive_substances,FGF21,0.048211444,16
Psychiatric,Delirium_not_induced_by_alcohol_and_other_psychoactive_substances,RPA2,0.046488144,17
Psychiatric,Delirium_not_induced_by_alcohol_and_other_psychoactive_substances,FOXO3,0.045934383,18
Psychiatric,Delirium_not_induced_by_alcohol_and_other_psychoactive_substances,MYL3,0.04495638,19
Psychiatric,Delirium_not_induced_by_alcohol_and_other_psychoactive_substances,PRKAB1,0.0402374,20
Psychiatric,Delirium_not_induced_by_alcohol_and_other_psychoactive_substances,CHMP6,0.039698735,21
Psychiatric,Delirium_not_induced_by_alcohol_and_other_psychoactive_substances,PSMA1,0.03948165,22
Psychiatric,Delirium_not_induced_by_alcohol_and_other_psychoactive_substances,ITGA6,0.03520141,23
Psychiatric,Delirium_not_induced_by_alcohol_and_other_psychoactive_substances,MYL6B,0.034320917,24
Psychiatric,Delirium_not_induced_by_alcohol_and_other_psychoactive_substances,ITGA2,0.033994157,25
Psychiatric,Anxiety_disorders,PNLIPRP2,0.029764036,1
Psychiatric,Anxiety_disorders,SULT1A1,0.026123386,2
Psychiatric,Anxiety_disorders,TBL1X,0.02321203,3
Psychiatric,Anxiety_disorders,SRC,0.013576894,4
Psychiatric,Anxiety_disorders,KLK3,0.01319647,5
Psychiatric,Anxiety_disorders,GSTA1,0.012840234,6
Psychiatric,Anxiety_disorders,GFER,0.012570548,7
Psychiatric,Anxiety_disorders,SERPINB8,0.012274059,8
Psychiatric,Anxiety_disorders,TWF2,0.011207614,9
Psychiatric,Anxiety_disorders,KIF22,0.011160929,10
Psychiatric,Anxiety_disorders,RAD51,0.010839184,11
Psychiatric,Anxiety_disorders,PPP2R5A,0.010751482,12
Psychiatric,Anxiety_disorders,GP1BB,0.010576508,13
Psychiatric,Anxiety_disorders,SERPINE1,0.010535215,14
Psychiatric,Anxiety_disorders,FOXO3,0.010198092,15
Psychiatric,Anxiety_disorders,LYN,0.010105185,16
Psychiatric,Anxiety_disorders,MSR1,0.009965501,17
Psychiatric,Anxiety_disorders,PSME2,0.009932983,18
Psychiatric,Anxiety_disorders,SCP2,0.009780854,19
Psychiatric,Anxiety_disorders,SNAP25,0.009600496,20
Psychiatric,Anxiety_disorders,VIM,0.009555075,21
Psychiatric,Anxiety_disorders,RANBP2,0.009520861,22
Psychiatric,Anxiety_disorders,PLCB2,0.00938926,23
Psychiatric,Anxiety_disorders,LMNB1,0.009323807,24
Psychiatric,Anxiety_disorders,TERF1,0.009322399,25
Psychiatric,Alcohol_Problems,FGF21,0.0642557,1
Psychiatric,Alcohol_Problems,RUVBL1,0.05621059,2
Psychiatric,Alcohol_Problems,SRC,0.045891035,3
Psychiatric,Alcohol_Problems,PNLIPRP2,0.03999622,4
Psychiatric,Alcohol_Problems,SERPINE1,0.03769744,5
Psychiatric,Alcohol_Problems,GGT1,0.03504094,6
Psychiatric,Alcohol_Problems,STAT5B,0.031583607,7
Psychiatric,Alcohol_Problems,ATF2,0.030816628,8
Psychiatric,Alcohol_Problems,COL9A1,0.029283147,9
Psychiatric,Alcohol_Problems,VIM,0.027469244,10
Psychiatric,Alcohol_Problems,ITGA6,0.027211042,11
Psychiatric,Alcohol_Problems,COL1A1,0.026138313,12
Psychiatric,Alcohol_Problems,HMOX1,0.026062144,13
Psychiatric,Alcohol_Problems,SFTPD,0.025372356,14
Psychiatric,Alcohol_Problems,CDH1,0.025313407,15
Psychiatric,Alcohol_Problems,SCP2,0.024366343,16
Psychiatric,Alcohol_Problems,PSMD9,0.024185158,17
Psychiatric,Alcohol_Problems,LMNB1,0.022886286,18
Psychiatric,Alcohol_Problems,HSPA2,0.022428494,19
Psychiatric,Alcohol_Problems,ATP6V1F,0.022173064,20
Psychiatric,Alcohol_Problems,APOA4,0.022099428,21
Psychiatric,Alcohol_Problems,TPRKB,0.02201919,22
Psychiatric,Alcohol_Problems,GRPEL1,0.021895884,23
Psychiatric,Alcohol_Problems,VAV3,0.021627836,24
Psychiatric,Alcohol_Problems,GSTA1,0.02090011,25
Respiratory,Sleep_apnoea,TBL1X,0.015292574,1
Respiratory,Sleep_apnoea,SMAD2,0.006813995,2
Respiratory,Sleep_apnoea,PNLIPRP2,0.0057183555,3
Respiratory,Sleep_apnoea,PDE5A,0.005170618,4
Respiratory,Sleep_apnoea,ACY1,0.004632865,5
Respiratory,Sleep_apnoea,CHIT1,0.0044908347,6
Respiratory,Sleep_apnoea,CA13,0.0044679944,7
Respiratory,Sleep_apnoea,ACTN2,0.0041539855,8
Respiratory,Sleep_apnoea,GSTA1,0.003956757,9
Respiratory,Sleep_apnoea,PSMD9,0.003718885,10
Respiratory,Sleep_apnoea,PTPN6,0.0035446621,11
Respiratory,Sleep_apnoea,SERPINE1,0.0033045236,12
Respiratory,Sleep_apnoea,FOXO3,0.0032957115,13
Respiratory,Sleep_apnoea,MYH9,0.0032923436,14
Respiratory,Sleep_apnoea,SULT1A1,0.0032764531,15
Respiratory,Sleep_apnoea,ANXA2,0.003275057,16
Respiratory,Sleep_apnoea,DLG4,0.0031565323,17
Respiratory,Sleep_apnoea,POLR2F,0.0031323042,18
Respiratory,Sleep_apnoea,FGF2,0.0031032353,19
Respiratory,Sleep_apnoea,MAP2K6,0.0030965882,20
Respiratory,Sleep_apnoea,GRIN2B,0.0030683072,21
Respiratory,Sleep_apnoea,STXBP1,0.0030347935,22
Respiratory,Sleep_apnoea,GUK1,0.00296985,23
Respiratory,Sleep_apnoea,TRDMT1,0.002959819,24
Respiratory,Sleep_apnoea,PSME1,0.002910683,25
Respiratory,Respiratory_failure,CTSH,0.05254207,1
Respiratory,Respiratory_failure,TBL1X,0.05084619,2
Respiratory,Respiratory_failure,CEACAM8,0.046853077,3
Respiratory,Respiratory_failure,SFTPD,0.04549583,4
Respiratory,Respiratory_failure,IGFBP1,0.038333185,5
Respiratory,Respiratory_failure,VWF,0.037902012,6
Respiratory,Respiratory_failure,SRC,0.035621583,7
Respiratory,Respiratory_failure,NAMPT,0.033644147,8
Respiratory,Respiratory_failure,MYH9,0.032220513,9
Respiratory,Respiratory_failure,GSTA1,0.029217547,10
Respiratory,Respiratory_failure,CHIT1,0.029153535,11
Respiratory,Respiratory_failure,VIM,0.028323751,12
Respiratory,Respiratory_failure,GH1,0.026222529,13
Respiratory,Respiratory_failure,OCLN,0.026194137,14
Respiratory,Respiratory_failure,CALCA,0.025572931,15
Respiratory,Respiratory_failure,PSMD9,0.025529884,16
Respiratory,Respiratory_failure,CEACAM6,0.025465759,17
Respiratory,Respiratory_failure,ITGA6,0.023208844,18
Respiratory,Respiratory_failure,CDKN1A,0.0221861,19
Respiratory,Respiratory_failure,CA6,0.021609994,20
Respiratory,Respiratory_failure,PGA4,0.021294642,21
Respiratory,Respiratory_failure,ITGA2,0.021025168,22
Respiratory,Respiratory_failure,AGXT,0.02099397,23
Respiratory,Respiratory_failure,SULT1A1,0.020421175,24
Respiratory,Respiratory_failure,PNLIPRP2,0.020154044,25
Respiratory,Pulmonary_collapse,VWF,0.12095974,1
Respiratory,Pulmonary_collapse,CDKN1A,0.07314147,2
Respiratory,Pulmonary_collapse,FXN,0.06605765,3
Respiratory,Pulmonary_collapse,CHIT1,0.060800258,4
Respiratory,Pulmonary_collapse,NBN,0.0607285,5
Respiratory,Pulmonary_collapse,VIM,0.05994577,6
Respiratory,Pulmonary_collapse,F7,0.054331332,7
Respiratory,Pulmonary_collapse,GRPEL1,0.053347576,8
Respiratory,Pulmonary_collapse,PCNA,0.053344622,9
Respiratory,Pulmonary_collapse,COL2A1,0.052938405,10
Respiratory,Pulmonary_collapse,PNLIPRP2,0.050108798,11
Respiratory,Pulmonary_collapse,PSMA1,0.04997083,12
Respiratory,Pulmonary_collapse,PRKAB1,0.044352524,13
Respiratory,Pulmonary_collapse,APOL1,0.04084133,14
Respiratory,Pulmonary_collapse,GSTA1,0.040523108,15
Respiratory,Pulmonary_collapse,LAMA1,0.03977034,16
Respiratory,Pulmonary_collapse,MSR1,0.039697956,17
Respiratory,Pulmonary_collapse,TERF1,0.03964046,18
Respiratory,Pulmonary_collapse,RPA2,0.039466806,19
Respiratory,Pulmonary_collapse,PLAT,0.03803506,20
Respiratory,Pulmonary_collapse,MYL6B,0.03660929,21
Respiratory,Pulmonary_collapse,TBL1X,0.036608264,22
Respiratory,Pulmonary_collapse,PSME2,0.036385715,23
Respiratory,Pulmonary_collapse,POLR2F,0.036283232,24
Respiratory,Pulmonary_collapse,HMOX1,0.03623389,25
Respiratory,Pleural_effusion,FGF21,0.08215065,1
Respiratory,Pleural_effusion,FGF2,0.07861468,2
Respiratory,Pleural_effusion,SFTPD,0.07209237,3
Respiratory,Pleural_effusion,CHIT1,0.07017629,4
Respiratory,Pleural_effusion,COL4A1,0.06748332,5
Respiratory,Pleural_effusion,NBN,0.062272895,6
Respiratory,Pleural_effusion,ITGA6,0.061538603,7
Respiratory,Pleural_effusion,MMP7,0.054270424,8
Respiratory,Pleural_effusion,CEACAM6,0.053516287,9
Respiratory,Pleural_effusion,IL6,0.052186288,10
Respiratory,Pleural_effusion,SRC,0.050480172,11
Respiratory,Pleural_effusion,PSMD5,0.04956248,12
Respiratory,Pleural_effusion,SFTPA2,0.047086697,13
Respiratory,Pleural_effusion,GH1,0.044427864,14
Respiratory,Pleural_effusion,COL1A1,0.044306297,15
Respiratory,Pleural_effusion,SDC4,0.04254941,16
Respiratory,Pleural_effusion,TNNI3,0.042276986,17
Respiratory,Pleural_effusion,CDC26,0.041397553,18
Respiratory,Pleural_effusion,PNLIPRP2,0.038326416,19
Respiratory,Pleural_effusion,VIM,0.038050197,20
Respiratory,Pleural_effusion,CSF2RA,0.037540253,21
Respiratory,Pleural_effusion,GSTA1,0.037055194,22
Respiratory,Pleural_effusion,CALCA,0.03627698,23
Respiratory,Pleural_effusion,TRIM25,0.033679,24
Respiratory,Pleural_effusion,CDKN1A,0.033527985,25
Respiratory,COPD,PSMD5,0.14803621,1
Respiratory,COPD,CEACAM6,0.1470857,2
Respiratory,COPD,SFTPD,0.14578845,3
Respiratory,COPD,LYN,0.12538399,4
Respiratory,COPD,TNR,0.11555216,5
Respiratory,COPD,CA6,0.1088456,6
Respiratory,COPD,PGA4,0.10647751,7
Respiratory,COPD,COL2A1,0.1018715,8
Respiratory,COPD,ITGA2,0.1002365,9
Respiratory,COPD,SFTPA2,0.09988357,10
Respiratory,COPD,OCLN,0.095830515,11
Respiratory,COPD,ODAM,0.088929914,12
Respiratory,COPD,LEP,0.086814255,13
Respiratory,COPD,VAV3,0.08535541,14
Respiratory,COPD,COL4A1,0.08501699,15
Respiratory,COPD,TBL1X,0.08263374,16
Respiratory,COPD,FGA,0.08200861,17
Respiratory,COPD,ITGA5,0.07983464,18
Respiratory,COPD,MSLN,0.07863018,19
Respiratory,COPD,VIM,0.07786979,20
Respiratory,COPD,FGF2,0.077168286,21
Respiratory,COPD,LTBP2,0.07643873,22
Respiratory,COPD,CDH15,0.0723653,23
Respiratory,COPD,PNLIPRP2,0.07209269,24
Respiratory,COPD,PSMD9,0.069707155,25
Respiratory,Bronchiectasis,SFTPD,0.08402054,1
Respiratory,Bronchiectasis,CHIT1,0.06435478,2
Respiratory,Bronchiectasis,POLR2F,0.06323585,3
Respiratory,Bronchiectasis,GH1,0.05457969,4
Respiratory,Bronchiectasis,TOMM20,0.041942168,5
Respiratory,Bronchiectasis,TBL1X,0.03739123,6
Respiratory,Bronchiectasis,GFER,0.036337215,7
Respiratory,Bronchiectasis,CEACAM6,0.034607735,8
Respiratory,Bronchiectasis,MSR1,0.03338336,9
Respiratory,Bronchiectasis,PNLIPRP2,0.03330959,10
Respiratory,Bronchiectasis,GSTA1,0.033258222,11
Respiratory,Bronchiectasis,IL6,0.032677468,12
Respiratory,Bronchiectasis,COL1A1,0.031666968,13
Respiratory,Bronchiectasis,MYH9,0.03158188,14
Respiratory,Bronchiectasis,SERPINE1,0.031315506,15
Respiratory,Bronchiectasis,TRAF2,0.029794956,16
Respiratory,Bronchiectasis,GUCY2C,0.02828648,17
Respiratory,Bronchiectasis,COL2A1,0.02754058,18
Respiratory,Bronchiectasis,SMAD2,0.027142245,19
Respiratory,Bronchiectasis,VIM,0.027141457,20
Respiratory,Bronchiectasis,CTSH,0.026861163,21
Respiratory,Bronchiectasis,PSMA1,0.025276132,22
Respiratory,Bronchiectasis,NAMPT,0.025063422,23
Respiratory,Bronchiectasis,MSLN,0.024407404,24
Respiratory,Bronchiectasis,MMP10,0.024371712,25
Respiratory,Allergic_and_chronic_rhinitis,SRC,0.0754385,1
Respiratory,Allergic_and_chronic_rhinitis,SULT1A1,0.06915533,2
Respiratory,Allergic_and_chronic_rhinitis,PNLIPRP2,0.0655142,3
Respiratory,Allergic_and_chronic_rhinitis,TRDMT1,0.055905193,4
Respiratory,Allergic_and_chronic_rhinitis,SERPINE1,0.04924464,5
Respiratory,Allergic_and_chronic_rhinitis,CHMP6,0.04911311,6
Respiratory,Allergic_and_chronic_rhinitis,NBN,0.048615865,7
Respiratory,Allergic_and_chronic_rhinitis,HSPA2,0.04756989,8
Respiratory,Allergic_and_chronic_rhinitis,TBL1X,0.047086757,9
Respiratory,Allergic_and_chronic_rhinitis,PTPN6,0.043349497,10
Respiratory,Allergic_and_chronic_rhinitis,ATF2,0.042795673,11
Respiratory,Allergic_and_chronic_rhinitis,PSMD1,0.041564792,12
Respiratory,Allergic_and_chronic_rhinitis,RAD51,0.039213803,13
Respiratory,Allergic_and_chronic_rhinitis,VIM,0.038592603,14
Respiratory,Allergic_and_chronic_rhinitis,VPS28,0.038294278,15
Respiratory,Allergic_and_chronic_rhinitis,SKAP2,0.036715474,16
Respiratory,Allergic_and_chronic_rhinitis,GSTA1,0.0361801,17
Respiratory,Allergic_and_chronic_rhinitis,PSMD9,0.034881957,18
Respiratory,Allergic_and_chronic_rhinitis,SFTPD,0.033920735,19
Respiratory,Allergic_and_chronic_rhinitis,LMNB1,0.033049725,20
Respiratory,Allergic_and_chronic_rhinitis,F7,0.032545403,21
Respiratory,Allergic_and_chronic_rhinitis,CHIT1,0.032132447,22
Respiratory,Allergic_and_chronic_rhinitis,FXN,0.031626225,23
Respiratory,Allergic_and_chronic_rhinitis,CDC27,0.03130686,24
Respiratory,Allergic_and_chronic_rhinitis,STK4,0.030705364,25
Respiratory,Asthma,LYN,0.20377924,1
Respiratory,Asthma,LEP,0.1501163,2
Respiratory,Asthma,RNASE3,0.14052178,3
Respiratory,Asthma,ENO1,0.102276795,4
Respiratory,Asthma,FGF21,0.101798154,5
Respiratory,Asthma,PRG3,0.101181045,6
Respiratory,Asthma,PTPN6,0.09987285,7
Respiratory,Asthma,MMP10,0.09017054,8
Respiratory,Asthma,POLR2F,0.08985827,9
Respiratory,Asthma,VIM,0.08984401,10
Respiratory,Asthma,CA6,0.08757183,11
Respiratory,Asthma,POMC,0.08655601,12
Respiratory,Asthma,PRG2,0.07809042,13
Respiratory,Asthma,LTA4H,0.07464565,14
Respiratory,Asthma,LEFTY2,0.07081931,15
Respiratory,Asthma,TBL1X,0.06987178,16
Respiratory,Asthma,OLFM4,0.069811545,17
Respiratory,Asthma,PSMD9,0.06858493,18
Respiratory,Asthma,NCF2,0.06738644,19
Respiratory,Asthma,SMAD2,0.06718296,20
Respiratory,Asthma,SULT1A1,0.06619455,21
Respiratory,Asthma,PLCB2,0.06550261,22
Respiratory,Asthma,FGF2,0.062473483,23
Respiratory,Asthma,PNLIP,0.061816286,24
Respiratory,Asthma,YARS1,0.061724026,25
Skin,Dermatitis,CASP4,0.111029625,1
Skin,Dermatitis,POLR2F,0.08865165,2
Skin,Dermatitis,GSTA1,0.0833721,3
Skin,Dermatitis,ITGA6,0.08251171,4
Skin,Dermatitis,PNLIPRP2,0.081415474,5
Skin,Dermatitis,SFTPD,0.07339554,6
Skin,Dermatitis,VWF,0.07068911,7
Skin,Dermatitis,NBN,0.07063435,8
Skin,Dermatitis,TP53,0.06483938,9
Skin,Dermatitis,PLIN3,0.064733714,10
Skin,Dermatitis,MYH9,0.060839165,11
Skin,Dermatitis,VIM,0.05896842,12
Skin,Dermatitis,FGF2,0.057838276,13
Skin,Dermatitis,TBL1X,0.051313724,14
Skin,Dermatitis,KIF22,0.05095781,15
Skin,Dermatitis,PSMD9,0.049939573,16
Skin,Dermatitis,CDH2,0.047557626,17
Skin,Dermatitis,CASP3,0.047357623,18
Skin,Dermatitis,MLLT1,0.04589349,19
Skin,Dermatitis,RAB11FIP3,0.04549668,20
Skin,Dermatitis,SHC1,0.045324713,21
Skin,Dermatitis,APP,0.04282263,22
Skin,Dermatitis,CA6,0.04213191,23
Skin,Dermatitis,PSCA,0.042114,24
Skin,Dermatitis,IL6,0.041665267,25
Skin,Actinic_keratosis,TBL1X,0.05457988,1
Skin,Actinic_keratosis,VWF,0.04817547,2
Skin,Actinic_keratosis,NPHS2,0.045606285,3
Skin,Actinic_keratosis,LMNB1,0.043373536,4
Skin,Actinic_keratosis,SRC,0.04295506,5
Skin,Actinic_keratosis,VIM,0.034967072,6
Skin,Actinic_keratosis,PNLIPRP2,0.032883022,7
Skin,Actinic_keratosis,MYH9,0.032809924,8
Skin,Actinic_keratosis,LYN,0.025623811,9
Skin,Actinic_keratosis,CHIT1,0.025543654,10
Skin,Actinic_keratosis,NBN,0.025472786,11
Skin,Actinic_keratosis,PDLIM5,0.022453792,12
Skin,Actinic_keratosis,STAT5B,0.020765398,13
Skin,Actinic_keratosis,VPS28,0.020364024,14
Skin,Actinic_keratosis,VAV3,0.019168038,15
Skin,Actinic_keratosis,PSMD5,0.01900115,16
Skin,Actinic_keratosis,FOXO3,0.018932391,17
Skin,Actinic_keratosis,COL4A1,0.018731091,18
Skin,Actinic_keratosis,SMC3,0.018002592,19
Skin,Actinic_keratosis,CEACAM8,0.01793834,20
Skin,Actinic_keratosis,APOL1,0.01773966,21
Skin,Actinic_keratosis,ATF2,0.017694503,22
Skin,Actinic_keratosis,NCK2,0.017645251,23
Skin,Actinic_keratosis,FGF21,0.017619075,24
Skin,Actinic_keratosis,PSMD9,0.017577661,25
Skin,Psoriasis,IL19,0.07909559,1
Skin,Psoriasis,PNLIPRP2,0.053324845,2
Skin,Psoriasis,TBL1X,0.04753468,3
Skin,Psoriasis,STAT5B,0.047019463,4
Skin,Psoriasis,SRC,0.043591093,5
Skin,Psoriasis,PSMA1,0.040667668,6
Skin,Psoriasis,CDC27,0.038502213,7
Skin,Psoriasis,PSMD9,0.03830441,8
Skin,Psoriasis,VIM,0.035399504,9
Skin,Psoriasis,LMNB1,0.03328005,10
Skin,Psoriasis,GSTA1,0.031773638,11
Skin,Psoriasis,TP53BP1,0.031229336,12
Skin,Psoriasis,TPR,0.030455368,13
Skin,Psoriasis,CDKN1A,0.030101713,14
Skin,Psoriasis,NBN,0.029361358,15
Skin,Psoriasis,YES1,0.028717,16
Skin,Psoriasis,DNM1,0.028517187,17
Skin,Psoriasis,CDC26,0.027269145,18
Skin,Psoriasis,MYH9,0.026597679,19
Skin,Psoriasis,CASP3,0.025935981,20
Skin,Psoriasis,RAD51,0.025893506,21
Skin,Psoriasis,PSMD1,0.024694955,22
Skin,Psoriasis,SULT1A1,0.02466424,23
Skin,Psoriasis,EGF,0.024632566,24
Skin,Psoriasis,CASP4,0.024108395,25
