disease_category,disease_name,disease_folder,sample_size,cindex_base_mean,cindex_base_median,cindex_base_std,cindex_base_ci_lower,cindex_base_ci_upper,cindex_traits_mean,cindex_traits_median,cindex_traits_std,cindex_traits_ci_lower,cindex_traits_ci_upper,cindex_mymodel_mean,cindex_mymodel_median,cindex_mymodel_std,cindex_mymodel_ci_lower,cindex_mymodel_ci_upper,cindex_traits_riskscore_mean,cindex_traits_riskscore_median,cindex_traits_riskscore_std,cindex_traits_riskscore_ci_lower,cindex_traits_riskscore_ci_upper,diff_mymodel_base_mean,diff_mymodel_base_median,diff_mymodel_base_std,diff_mymodel_base_ci_lower,diff_mymodel_base_ci_upper,diff_mymodel_base_significant,diff_mymodel_traits_mean,diff_mymodel_traits_median,diff_mymodel_traits_std,diff_mymodel_traits_ci_lower,diff_mymodel_traits_ci_upper,diff_mymodel_traits_significant,diff_traits_riskscore_mymodel_mean,diff_traits_riskscore_mymodel_median,diff_traits_riskscore_mymodel_std,diff_traits_riskscore_mymodel_ci_lower,diff_traits_riskscore_mymodel_ci_upper,diff_traits_riskscore_mymodel_significant,diff_traits_riskscore_traits_mean,diff_traits_riskscore_traits_median,diff_traits_riskscore_traits_std,diff_traits_riskscore_traits_ci_lower,diff_traits_riskscore_traits_ci_upper,diff_traits_riskscore_traits_significant,file_path
Benign_neoplasm_or_Carcinoma_in_situ,Benign neoplasm and polyp of uterus,Benign_neoplasm_and_polyp_of_uterus_filtered,4727,0.5262517535343163,0.52510371811663,0.0349570892373043,0.4574469394262796,0.5938876524387168,0.5963286944439423,0.5957624492554519,0.0332101633840453,0.533601275937136,0.6616673478274357,0.6006648343881839,0.6013936828483992,0.0309550976170731,0.5380721824207897,0.6631776144710402,0.5967121660470142,0.59766786088059,0.0296681715654613,0.5353295734912575,0.6535464093698581,0.0744130808538676,0.0764104896779681,0.0421121563790978,-0.0084650245895824,0.1542425188406202,No,0.0043361399442415,0.0059759282965018,0.0379652006664247,-0.0709560507342552,0.0722062456732676,No,-0.0039526683411696,-0.0032808066241222,0.0130380477671147,-0.0310241646898302,0.0201000532970901,No,0.0003834716030718,0.000886130456901,0.0358772682836982,-0.072496111767398,0.0623146628887219,No,/bigdat2/user/xuln/olink_disease_predict/67traits_cox_analysis/Benign_neoplasm_or_Carcinoma_in_situ/Benign_neoplasm_and_polyp_of_uterus_filtered/bootstrap_results/bootstrap_summary_statistics.csv
Benign_neoplasm_or_Carcinoma_in_situ,Leiomyoma of uterus,Leiomyoma_of_uterus_filtered,4683,0.700661756704287,0.7014733324899347,0.0287202758274785,0.6437848225684151,0.7552512225919694,0.6712242794531833,0.6713719513025851,0.0322378911220986,0.6054683502664522,0.7331309007085914,0.7711757719045241,0.77150373391034,0.0287023453291089,0.7131408344101732,0.8259549095294204,0.7334522720103547,0.7335924753978503,0.0334459484956387,0.6658968771666256,0.7962964305746242,0.0705140152002372,0.0712809522197913,0.0249371491750478,0.0193112434977616,0.1170102342235579,Yes,0.099951492451341,0.0999414766639368,0.0294223557074916,0.0446295835854362,0.1644569341501093,Yes,-0.0377234998941695,-0.0371133295105545,0.0160603901817241,-0.0712847183671219,-0.0102888866795743,Yes,0.0622279925571714,0.0610677511086545,0.0280871635606019,0.0071551763811706,0.1161866146355029,Yes,/bigdat2/user/xuln/olink_disease_predict/67traits_cox_analysis/Benign_neoplasm_or_Carcinoma_in_situ/Leiomyoma_of_uterus_filtered/bootstrap_results/bootstrap_summary_statistics.csv
Benign_neoplasm_or_Carcinoma_in_situ,"Benign neoplasm of colon, rectum, anus and anal canal",Benign neoplasm and polyp of uterus,7809,0.6585403102551204,0.6585143109341127,0.0152607182852612,0.6286303835230277,0.6877808465900556,0.6628449735314949,0.6630028916911619,0.0157168331516674,0.6306981785612114,0.6927762988126037,0.6856335981233406,0.6844641474219406,0.0159480874421933,0.6549269910870571,0.7175459303486447,0.6835413041667189,0.6832109760219021,0.0158841010106853,0.6512993390224787,0.7140747170256936,0.0270932878682202,0.0270813962632763,0.0122123879650568,0.0036221453380975,0.0515956301775076,Yes,0.0227951413558516,0.0232808054644991,0.011866456854983,0.0004279371944462,0.0453537279019939,Yes,-0.0020922939566217,-0.0021186135664756,0.0037862750870172,-0.0094796100490816,0.0051357827177683,No,0.0207040024122627,0.0211917380376162,0.0106306671415718,-0.0003720496632856,0.0408284716831352,No,/bigdat2/user/xuln/olink_disease_predict/67traits_cox_analysis/Benign_neoplasm_or_Carcinoma_in_situ/Benign neoplasm and polyp of uterus/bootstrap_results/bootstrap_summary_statistics.csv
Cancers,Primary Malignancy Prostate,Primary_Malignancy_Prostate_filtered,4001,0.715724972018525,0.7164142371688402,0.0171149957686428,0.6832117849555086,0.7475530474651553,0.7005056475234963,0.7006133142542641,0.0187975701911229,0.664245051278211,0.735382061181163,0.826327361455169,0.8264845441315545,0.0153866185477864,0.795706517882688,0.854201000533161,0.8229081078835964,0.8230005540300136,0.0157779271345906,0.7909346492222344,0.8527673272418604,0.1106023894366438,0.1106477563827634,0.0198253911305341,0.070351759319186,0.1475358706418972,Yes,0.1258217139316726,0.1265682536641993,0.0203472301156119,0.085683866253446,0.1650380860809265,Yes,-0.0034192535715726,-0.0033568544910796,0.0034081072446208,-0.0098523033019536,0.0030316017890277,No,0.1224024603601,0.1224967354308314,0.0191628966189301,0.0852285363927046,0.1606042827275959,Yes,/bigdat2/user/xuln/olink_disease_predict/67traits_cox_analysis/Cancers/Primary_Malignancy_Prostate_filtered/bootstrap_results/bootstrap_summary_statistics.csv
Cancers,Primary Malignancy Other Skin and subcutaneous tissue,Primary Malignancy Other Skin and subcutaneous tissue,8789,0.7007503010892201,0.7011495046152472,0.0159614989449912,0.6696837194123524,0.7340762070672308,0.700298157547252,0.7000761648546744,0.0157860517449204,0.6698057627160914,0.7327208921022763,0.7213323992646832,0.7212779850323932,0.013585459353339,0.6954789689851444,0.7498754743124557,0.7239872462188284,0.7239820581020268,0.0137826296465117,0.698214006122238,0.7523214259961436,0.0205820981754631,0.020232939566798,0.0100229098178253,0.0005359846533412,0.0409060312509695,Yes,0.0210342417174312,0.0208016054473395,0.0111640075412186,-0.0014878449836715,0.0428390348628929,No,0.002654846954145,0.0023760065926369,0.0040720739355202,-0.0051987049012582,0.0106084513886681,No,0.0236890886715763,0.023644961080904,0.0084393701707224,0.0070055815160313,0.0407950696125275,Yes,/bigdat2/user/xuln/olink_disease_predict/67traits_cox_analysis/Cancers/Primary Malignancy Other Skin and subcutaneous tissue/bootstrap_results/bootstrap_summary_statistics.csv
Cancers,Primary Malignancy Lung and trachea,Primary Malignancy Lung and trachea,8960,0.7175619706291547,0.7198931149224461,0.0310819527275387,0.6540938052930976,0.7721192769358873,0.8351806794595059,0.8362831368642221,0.0254278789541813,0.7838698609623334,0.8808097053558248,0.8884573783279873,0.8889473778549009,0.0165854832616955,0.853872065043047,0.9187339410404828,0.8945010911785646,0.8953423867990506,0.018149552771564,0.8545827498521936,0.9270016152136668,0.1708954076988323,0.1706969487562836,0.0304645934600651,0.113876365731967,0.2333062960959891,Yes,0.0532766988684813,0.0535880453983564,0.0208112201233163,0.0137757290051604,0.0944037104997947,Yes,0.0060437128505773,0.0062408047666735,0.0064528582740686,-0.0075678487412053,0.0181518087934099,No,0.0593204117190586,0.0588867222939363,0.016299987691898,0.0285495775986977,0.0910593108500777,Yes,/bigdat2/user/xuln/olink_disease_predict/67traits_cox_analysis/Cancers/Primary Malignancy Lung and trachea/bootstrap_results/bootstrap_summary_statistics.csv
Cancers,Secondary Malignancy Lung,Secondary Malignancy Lung,8972,0.6712468181682844,0.6715922744677782,0.0336650848702,0.6052424342529429,0.7379958114763594,0.6876757811809701,0.6878926784660082,0.0304074978129993,0.6289695084013934,0.7469008838889521,0.719234014109472,0.7201695611799546,0.031725091050307,0.6516040956502801,0.7791722979705601,0.7232189039171489,0.7240262912780939,0.0315726347574741,0.659064542214554,0.7851649907928949,0.0479871959411876,0.0485202084321443,0.0323086266919685,-0.0156367480372639,0.1107738836024172,No,0.0315582329285018,0.0311048687097872,0.0277516252907379,-0.0230553206720972,0.0861648577323857,No,0.003984889807677,0.0043540068744341,0.0111443205663222,-0.019394562402603,0.0260329367393938,No,0.0355431227361789,0.0364357807265401,0.0197926878787293,-0.0043937482035402,0.0731361751118433,No,/bigdat2/user/xuln/olink_disease_predict/67traits_cox_analysis/Cancers/Secondary Malignancy Lung/bootstrap_results/bootstrap_summary_statistics.csv
Cancers,Secondary malignancy Liver and intrahepatic bile duct,Secondary malignancy Liver and intrahepatic bile duct,8960,0.6481261360410067,0.6488319767857813,0.026636027412386,0.594982020705033,0.6987353795653359,0.6537028927625479,0.6535542776996025,0.0267198661933762,0.602356049259151,0.7052465719150847,0.6601114856210851,0.6603974212949977,0.0277888364395133,0.6059728131527108,0.7120082382634484,0.6754116272469152,0.6765145168685751,0.0264907172866726,0.6226938449665772,0.7247615933142257,0.0119853495800783,0.0123530251329359,0.0275247624596153,-0.0432906871639144,0.0631991318544478,No,0.0064085928585371,0.0064842261004047,0.0268318629071332,-0.0470286344464624,0.0566772947706465,No,0.01530014162583,0.0155591027235324,0.010352017157445,-0.0042366561594554,0.0354654808324895,No,0.0217087344843671,0.0217665212141351,0.0184073685910547,-0.0147275128864689,0.0570255240916237,No,/bigdat2/user/xuln/olink_disease_predict/67traits_cox_analysis/Cancers/Secondary malignancy Liver and intrahepatic bile duct/bootstrap_results/bootstrap_summary_statistics.csv
Cancers,Secondary Malignancy Lymph Nodes,Secondary Malignancy Lymph Nodes,8903,0.5798658080558704,0.5808515513825987,0.0228777604766991,0.5336792705425246,0.6244257980490757,0.5863263868852955,0.5861794292998084,0.0244702528479907,0.5378383554620998,0.6333819271458837,0.649272038681919,0.6499883142969487,0.0233140260844984,0.6021560689317752,0.6935382488297283,0.6343430219730504,0.634360789664317,0.0244493890120094,0.5866647791714368,0.6828236833061422,0.0694062306260487,0.0689678592931997,0.0249435158790905,0.0229128747898946,0.1194079089911442,Yes,0.0629456517966235,0.062193036594833,0.0219719318151656,0.0207793055953504,0.1077214997109998,Yes,-0.0149290167088688,-0.015269617475,0.0118812566647731,-0.0378921070360833,0.0082622201703426,No,0.0480166350877547,0.0474352054337753,0.0127474275829701,0.0238733969773732,0.0735976777826666,Yes,/bigdat2/user/xuln/olink_disease_predict/67traits_cox_analysis/Cancers/Secondary Malignancy Lymph Nodes/bootstrap_results/bootstrap_summary_statistics.csv
Cancers,Primary Malignancy colorectal and anus,Primary Malignancy colorectal and anus,8919,0.6453628560164744,0.6463680010475656,0.0282339073072365,0.5900256902433719,0.6977302137991661,0.6215317211488548,0.6206984508694027,0.0293963351266374,0.5650465432078661,0.6784666901310598,0.6627189718063419,0.6632749421204098,0.0285880356877139,0.6055953716836839,0.7165852919853395,0.6552294955224798,0.6558753326575252,0.0287576447156242,0.596795040824764,0.7091432156914074,0.0173561157898674,0.0171961107526648,0.0258101863930218,-0.0325978478065546,0.0674822557181743,No,0.0411872506574869,0.0409048259320495,0.027721154719798,-0.0107353268816756,0.0988714445523344,No,-0.007489476283862,-0.0075384673024028,0.0137682648393458,-0.0337521256885597,0.0200066637001933,No,0.0336977743736248,0.0334453621784118,0.0166142930407396,0.0028358683591274,0.0676153435660201,Yes,/bigdat2/user/xuln/olink_disease_predict/67traits_cox_analysis/Cancers/Primary Malignancy colorectal and anus/bootstrap_results/bootstrap_summary_statistics.csv
Cancers,Secondary Malignancy retroperitoneum and peritoneum,Secondary Malignancy retroperitoneum and peritoneum,8985,0.6717622185299297,0.6715152763573129,0.0333128724448522,0.6060127861883574,0.7348348694295513,0.6556367879167934,0.6547447282476385,0.0315441621280932,0.5898968726030274,0.717582065786935,0.6832314658178495,0.6836203311509373,0.0356408317234814,0.6118467748742975,0.7494585061697437,0.6875127848104869,0.6879463218017696,0.034121707460025,0.6226305660038346,0.7529232461213954,0.0114692472879197,0.0124945737445863,0.0413187943148958,-0.0700480495974923,0.0891626703574102,No,0.0275946779010562,0.0292038654075664,0.0325350354634241,-0.0405412046062479,0.0897967469601166,No,0.0042813189926373,0.0042539634768004,0.0143594764885055,-0.0232745007255379,0.0342447598558264,No,0.0318759968936936,0.0326455447253146,0.0211005854202991,-0.0120570786444528,0.0739593742609164,No,/bigdat2/user/xuln/olink_disease_predict/67traits_cox_analysis/Cancers/Secondary Malignancy retroperitoneum and peritoneum/bootstrap_results/bootstrap_summary_statistics.csv
Cancers,Secondary Malignancy Bone,Secondary Malignancy Bone,8972,0.6882889346133705,0.6888763944915579,0.0227846636684877,0.6443842674462951,0.7318018391787932,0.6807922930895438,0.6810155712782737,0.0276933212024101,0.6267276433130262,0.73426265887246,0.7047295037457199,0.7055433953751746,0.027494275702681,0.646759602114816,0.7559926267282664,0.7113698158140196,0.71254115120603,0.0270400183880044,0.6557453837567928,0.7623926653682872,0.0164405691323494,0.0161769896866458,0.0252171123172219,-0.0302621460271888,0.0664517099821528,No,0.0239372106561761,0.0249522668020517,0.0253250836823008,-0.0276975770833902,0.0686835022212097,No,0.0066403120682997,0.006416143492846,0.009574821559946,-0.0116280503099547,0.0257545354715898,No,0.0305775227244759,0.0314275860215267,0.0174105768511497,-0.0055471205472925,0.0628031945290484,No,/bigdat2/user/xuln/olink_disease_predict/67traits_cox_analysis/Cancers/Secondary Malignancy Bone/bootstrap_results/bootstrap_summary_statistics.csv
Cancers,Primary Malignancy Breast,Primary Malignancy Breast,8830,0.7376604666636035,0.7375850227522165,0.0130229585650004,0.7130262108793974,0.7639367322678934,0.7206417147385817,0.7206485116869914,0.0149931245332371,0.6924231785240724,0.7497742489261672,0.7440834139959183,0.7440354694881475,0.0131844836421587,0.717127477341248,0.7689644174178938,0.7308438790000441,0.7303829629562745,0.0145501358850348,0.7031367813604589,0.7589139681038589,0.0064229473323147,0.0065875001378761,0.0134585731784746,-0.0201523763490048,0.0320502229682345,No,0.0234416992573364,0.0233292509307093,0.016990164808329,-0.0112489555882474,0.0561431826407038,No,-0.0132395349958741,-0.0134636883899572,0.0146417631741193,-0.0421216881245948,0.016805820154163,No,0.0102021642614622,0.0103741370430597,0.0040584032797594,0.0018316909643218,0.0176509407171853,Yes,/bigdat2/user/xuln/olink_disease_predict/67traits_cox_analysis/Cancers/Primary Malignancy Breast/bootstrap_results/bootstrap_summary_statistics.csv
Cancers,Secondary Malignancy Other organs,Secondary Malignancy Other organs,8940,0.6541211394737786,0.6546191230187888,0.0207678453128593,0.6129881273185037,0.6940648388300446,0.6628535331457645,0.6635017515264625,0.0225238085512452,0.6168828139437016,0.7060463595099418,0.6772675940751621,0.6773142468764167,0.0228579781405023,0.6313298793758497,0.7206700819778701,0.6873321346294264,0.6875160798104936,0.0227059322970259,0.6404049033350949,0.7321036611316487,0.0231464546013835,0.0224137942574947,0.0205462917816591,-0.01495706051101,0.0649529389834387,No,0.0144140609293977,0.0143663574024562,0.0189645113574304,-0.0224018370134015,0.0499108084103543,No,0.0100645405542642,0.0098930317430067,0.0061654692662266,-0.0014011490340575,0.0231992023676808,No,0.024478601483662,0.0237524066980491,0.0150613250482628,-0.0021422984000895,0.0541604676431749,No,/bigdat2/user/xuln/olink_disease_predict/67traits_cox_analysis/Cancers/Secondary Malignancy Other organs/bootstrap_results/bootstrap_summary_statistics.csv
Cardiovascular,Right bundle branch block,Right bundle branch block,8952,0.783954145389516,0.7839028972568749,0.0284304530175392,0.722478007017338,0.8388830581248136,0.8217206459103684,0.8221383794910901,0.0263557499943196,0.7677092114328525,0.8695645750231978,0.7982563089526575,0.7994733109070753,0.0237661730021733,0.7481152713347408,0.841712844610745,0.8371607279916932,0.8383856783729445,0.0240442223908464,0.7869070835894035,0.8802032213955813,0.0143021635631415,0.0145337793921838,0.0244966615470008,-0.0349980537736576,0.063011635253736,No,-0.0234643369577108,-0.0234772432387412,0.0214843169460031,-0.0656773632524455,0.0193142996056184,No,0.0389044190390355,0.0390982728009566,0.0135958311773599,0.0132241330249667,0.0646499265792405,Yes,0.0154400820813247,0.0152361163789607,0.0092149274767566,-0.0018519495710368,0.0345334438322212,No,/bigdat2/user/xuln/olink_disease_predict/67traits_cox_analysis/Cardiovascular/Right bundle branch block/bootstrap_results/bootstrap_summary_statistics.csv
Cardiovascular,Nonrheumatic mitral valve disorders,Nonrheumatic mitral valve disorders,8932,0.6987385648033303,0.6993117177371183,0.0236330995436183,0.6510692373008926,0.7411227652775393,0.7167364746442232,0.7170103564628983,0.0273418212612281,0.6602520679417722,0.7686018881630703,0.6813252492686904,0.6816314686207292,0.0289274893396415,0.6250614428430743,0.7392290741557297,0.6979882865835189,0.6980086256090414,0.0283260451772941,0.6421667946206566,0.7516941419101653,-0.0174133155346398,-0.0175553576327359,0.0289805856786593,-0.0749490092884797,0.0361446895026396,No,-0.0354112253755327,-0.0352562994822308,0.026832109984184,-0.090093070109923,0.0150934092829621,No,0.0166630373148285,0.0163282753559337,0.0077116864720495,0.0027854754746189,0.0336997409609488,Yes,-0.0187481880607042,-0.0190579253447586,0.0228653728128917,-0.0635961372834085,0.0256063554471972,No,/bigdat2/user/xuln/olink_disease_predict/67traits_cox_analysis/Cardiovascular/Nonrheumatic mitral valve disorders/bootstrap_results/bootstrap_summary_statistics.csv
Cardiovascular,Hypertension,Hypertension,7615,0.6770624454200866,0.6769249544426943,0.0063649528411132,0.6643031878594745,0.6889499308984942,0.7743456551684269,0.7743614165557311,0.0054325965063189,0.7639792727802597,0.7847315154077548,0.7677973132751544,0.7678076749735163,0.005299561831125,0.7577230841863842,0.777826982622836,0.7885210846100956,0.7886053020059203,0.0050108816118534,0.7791330729905114,0.7981896090137132,0.0907348678550678,0.0907744451603003,0.005802500060623,0.0793804640489459,0.1026460759825579,Yes,-0.0065483418932723,-0.0066687371079582,0.0046334160097958,-0.0155615314877839,0.002763229310244,No,0.020723771334941,0.020644763463342,0.0018650143858667,0.0169869883083494,0.024257551460631,Yes,0.0141754294416687,0.0140314463806875,0.0036605830296369,0.0068946470021974,0.0215212432589175,Yes,/bigdat2/user/xuln/olink_disease_predict/67traits_cox_analysis/Cardiovascular/Hypertension/bootstrap_results/bootstrap_summary_statistics.csv
Cardiovascular,Coronary heart disease not otherwise specified,Coronary_heart_disease_not_otherwise_specified,8754,0.7378811032688686,0.7381473274380103,0.0120001971047762,0.7150688546747814,0.7616788496038964,0.80194752276694,0.8022904127534924,0.011356406999819,0.7796320385345036,0.8242816333468496,0.8234813648670942,0.8237769128773633,0.0106505493554712,0.8026763774921716,0.8434341179784296,0.8255859997651861,0.8257666676151154,0.0106649784058716,0.8049933170249296,0.8449188063560362,0.0856002615982256,0.0853935547768078,0.0107189837698229,0.0646028321678689,0.106411847314633,Yes,0.0215338421001543,0.0213485599998139,0.0084197243335001,0.0040163772937911,0.0381297565129537,Yes,0.0021046348980917,0.0020447890711998,0.0020866726536504,-0.0016784543466248,0.0061407987796561,No,0.023638476998246,0.0235455295087996,0.0071271872212588,0.0093183068581868,0.0379797358326843,Yes,/bigdat2/user/xuln/olink_disease_predict/67traits_cox_analysis/Cardiovascular/Coronary_heart_disease_not_otherwise_specified/bootstrap_results/bootstrap_summary_statistics.csv
Cardiovascular,Heart failure,Heart_failure,8801,0.7339338929442514,0.7340251426113265,0.014641459091782,0.7050058228725863,0.7629889962841896,0.7951711871429991,0.7951296817809107,0.0143624753250319,0.7670423598773836,0.8226141391591929,0.8330760187841636,0.833548236573715,0.0131692052270882,0.8069756992557775,0.8574173063709581,0.6251973443362906,0.6253803713026456,0.0215378732059032,0.5846614876731435,0.6661777060266737,0.0991421258399122,0.0988105287516459,0.0144061312548954,0.0717986737282156,0.1283635760009976,Yes,0.0379048316411644,0.0379938936757266,0.010413287094674,0.0168632687422466,0.0571074556356697,Yes,-0.207878674447873,-0.2079004474166227,0.0228681330519293,-0.2521946107716479,-0.1597751360225333,Yes,-0.1699738428067086,-0.1700574309872415,0.024144995070408,-0.2179995451422181,-0.1226362414333067,Yes,/bigdat2/user/xuln/olink_disease_predict/67traits_cox_analysis/Cardiovascular/Heart_failure/bootstrap_results/bootstrap_summary_statistics.csv
Cardiovascular,Stable angina,Stable angina,8702,0.6818084301029061,0.6821427533241733,0.0146353782379207,0.6518012525986917,0.7098174075087466,0.7458547714032802,0.7457941622474709,0.0138636821289729,0.7183449496718229,0.7724837788555093,0.7795007190324302,0.77932626109412,0.013739163119278,0.753009192164665,0.8051030624744696,0.7805310885375104,0.780272858671354,0.0140612168897011,0.7542519952644997,0.8068729922478114,0.097692288929524,0.0975211076696296,0.0140193570895852,0.069886412357946,0.1259826775521974,Yes,0.0336459476291499,0.0333242472466276,0.0101977804652831,0.0141199335758892,0.0549216007159985,Yes,0.0010303695050802,0.0011080389059544,0.003040325105294,-0.0049901331998349,0.0067935023673781,No,0.0346763171342302,0.0345813170872202,0.0088232529855531,0.0175138865602472,0.0529297469026444,Yes,/bigdat2/user/xuln/olink_disease_predict/67traits_cox_analysis/Cardiovascular/Stable angina/bootstrap_results/bootstrap_summary_statistics.csv
Cardiovascular,Ischaemic stroke,Ischaemic stroke,8919,0.6821311352415105,0.6834850916078654,0.0239626462975501,0.6357226309912,0.7287317453455268,0.7206239996044067,0.7209798048659952,0.0247076531497684,0.6707889121808919,0.7678705748271375,0.731143571570631,0.73158915593571,0.0251284068655844,0.681597995587913,0.7783657708026386,0.7451490582241516,0.7457636532192901,0.0233245656586079,0.6955374360255382,0.7898648494409284,0.0490124363291205,0.0487941574253554,0.0271058075916879,-0.006104948050478,0.1033596469551907,No,0.0105195719662243,0.010527929106654,0.0249602664133399,-0.0390553144719197,0.0565589715720527,No,0.0140054866535204,0.0136303369481022,0.0084756754398572,-0.0018968432093382,0.0310139407706536,No,0.0245250586197447,0.0245368663651971,0.01860443843012,-0.0124736790566291,0.0609279845538779,No,/bigdat2/user/xuln/olink_disease_predict/67traits_cox_analysis/Cardiovascular/Ischaemic stroke/bootstrap_results/bootstrap_summary_statistics.csv
Cardiovascular,Peripheral arterial disease,Peripheral arterial disease,8940,0.7363894183042122,0.7370997301688904,0.0296530752319831,0.6735932090107439,0.7941560643331735,0.83483511344235,0.8358495536060455,0.0252075647930489,0.7833940351713681,0.8839509162958671,0.8715830178338888,0.8730520411727615,0.0194955147263188,0.8315530978934659,0.9061432057039334,0.8761141862509678,0.8771059840337647,0.0208167488635507,0.8331480196918374,0.9135043460383424,0.1351935995296765,0.1346535881873189,0.0281735337358104,0.0808665457817655,0.1947760134782255,Yes,0.0367479043915387,0.0366508246033238,0.0218180972001329,-0.0049563575195895,0.0810062726192548,No,0.004531168417079,0.0046015406308292,0.0074300445902915,-0.0107644895017702,0.0188744845365721,No,0.0412790728086178,0.0407866939844405,0.0175285666626581,0.0098143486422546,0.0793608151653207,Yes,/bigdat2/user/xuln/olink_disease_predict/67traits_cox_analysis/Cardiovascular/Peripheral arterial disease/bootstrap_results/bootstrap_summary_statistics.csv
Cardiovascular,Venous thromboembolic disease,Venous thromboembolic disease,8913,0.6158751629961068,0.6157186156298511,0.0292688464539207,0.5602415381999084,0.6752822836571198,0.68681286385464,0.68669137630335,0.0304952772585459,0.6233117031382329,0.743884089663089,0.7118786988602646,0.7116709759668925,0.0278017251480539,0.6563051150852837,0.7681397997633284,0.7331309903347364,0.7347916244989054,0.0257513577140549,0.6803075657586343,0.7819903711721067,0.0960035358641577,0.0961421045951261,0.0351075783563004,0.0297252620896878,0.1633268618191935,Yes,0.0250658350056245,0.0247479945455904,0.0345971991015469,-0.0399588365999114,0.0970957875655875,No,0.0212522914744717,0.0217056826879908,0.0180865150789559,-0.0166724332458932,0.0536785226175814,No,0.0463181264800962,0.0457535799633919,0.0187265795891412,0.0117595434692132,0.0849307044363731,Yes,/bigdat2/user/xuln/olink_disease_predict/67traits_cox_analysis/Cardiovascular/Venous thromboembolic disease/bootstrap_results/bootstrap_summary_statistics.csv
Cardiovascular,Atrial fibrillation survival data,Atrial fibrillation_survival_data,8635,0.7476970058346809,0.7478602325368815,0.0107628260496386,0.7265695856526179,0.7669941818509944,0.7970945065102577,0.7972046731834717,0.0100575249361766,0.77674781482644,0.8162958186863619,0.8016856936803017,0.8017151166054285,0.0100186520750311,0.7813102865443785,0.8211115151849113,0.811337489235257,0.8113977955773037,0.0096677224498845,0.7920684481082784,0.8290454576789053,0.0539886878456207,0.0541130321987343,0.0086880957246185,0.0367543004432976,0.0711104694577433,Yes,0.0045911871700438,0.0045151181593305,0.0079375709072271,-0.0110490577032006,0.020082858162123,No,0.0096517955549553,0.009566068920599,0.0021971802431529,0.0054356205196716,0.014001119406254,Yes,0.0142429827249992,0.0140535823592046,0.0066918034934284,0.0016177730343935,0.0272926730092736,Yes,/bigdat2/user/xuln/olink_disease_predict/67traits_cox_analysis/Cardiovascular/Atrial fibrillation_survival_data/bootstrap_results/bootstrap_summary_statistics.csv
Cardiovascular,Supraventricular tachycardia,Supraventricular tachycardia,8959,0.6653739587382262,0.6653139642545307,0.0358253629165869,0.5946212272082273,0.7329183457924894,0.6567893741056596,0.6571076467802539,0.0358372699164808,0.5859383737966865,0.7298595557556132,0.6296789253646994,0.6312232594889193,0.0408816542216079,0.5433734047437218,0.7057991562912327,0.6851786013236115,0.686912072004985,0.0361906394819925,0.6116233285416116,0.7538256158140314,-0.0356950333735269,-0.0359179293543365,0.046268487344834,-0.1238806932766294,0.0566793819212118,No,-0.0271104487409602,-0.0280392585013155,0.0442485272852712,-0.1146261628732393,0.0599565034714844,No,0.055499675958912,0.0561376053728958,0.0257758893033661,0.0018676490195278,0.1044083579138979,Yes,0.0283892272179518,0.0288321893001491,0.0220288064784269,-0.017364982576339,0.0703326946564117,No,/bigdat2/user/xuln/olink_disease_predict/67traits_cox_analysis/Cardiovascular/Supraventricular tachycardia/bootstrap_results/bootstrap_summary_statistics.csv
Cardiovascular,Left bundle branch block,Left bundle branch block,8954,0.6826915032286327,0.6826176161122942,0.0259579058169384,0.629430127012574,0.7323400336670468,0.736774379898174,0.7372902022773382,0.0256414233075701,0.6861019953370222,0.7818408962635004,0.7486212484320809,0.749940456382203,0.0262713996002116,0.6952513597955827,0.7981415988882552,0.7600553707514062,0.7607964831172147,0.0261457256444701,0.7087864746709062,0.8107434719888981,0.0659297452034481,0.0653719980927917,0.0249380630574829,0.0174900617261033,0.113965836733671,Yes,0.0118468685339069,0.01172295849956,0.0192927686123251,-0.0262678685198524,0.0492567288752114,No,0.0114341223193253,0.0117218959461923,0.0097990551292276,-0.0080928601262138,0.029699663780772,No,0.0232809908532322,0.0230527589217707,0.0114718561316173,0.0010505111546516,0.0446196680705072,Yes,/bigdat2/user/xuln/olink_disease_predict/67traits_cox_analysis/Cardiovascular/Left bundle branch block/bootstrap_results/bootstrap_summary_statistics.csv
Cardiovascular,Transient ischaemic attack,Transient ischaemic attack,8959,0.6712936237373421,0.6706914079673183,0.0343602536191377,0.6031583517812746,0.7367637006360294,0.6184131185970393,0.619291919283099,0.0369795917914305,0.5454040692930329,0.6926519542377957,0.6855525816048424,0.686173373745316,0.0399687148897933,0.6049093764429934,0.7633872858071075,0.6578078556234318,0.6582580305094101,0.0378962667044888,0.5819289477391818,0.7292264728550949,0.0142589578675002,0.0148407241711182,0.0400914794905212,-0.0649936132711985,0.0917815718556485,No,0.0671394630078031,0.0669812418372214,0.0386706903281171,-0.0113726274994838,0.141454512806135,No,-0.0277447259814106,-0.0272353614152355,0.0230991347818972,-0.0739982408032117,0.0197501386710163,No,0.0393947370263925,0.040281528660026,0.0184574115157766,0.0016388742513814,0.0748811734959757,Yes,/bigdat2/user/xuln/olink_disease_predict/67traits_cox_analysis/Cardiovascular/Transient ischaemic attack/bootstrap_results/bootstrap_summary_statistics.csv
Cardiovascular,Pulmonary embolism,Pulmonary embolism,8916,0.6365728367524548,0.6362643142357651,0.0278334085971365,0.5831652027751142,0.6893386531144057,0.7406297521811503,0.7414906526011207,0.0258592772441499,0.6864679737459503,0.7867364175873888,0.7237122923451468,0.7242783228574283,0.0266459517872262,0.670624470331272,0.7742223446701355,0.7490084147459325,0.750211068103452,0.0260680547826784,0.6958238895824009,0.7938543228146664,0.087139455592692,0.087387683626232,0.0289780965531776,0.0281006155626912,0.1423581908472492,Yes,-0.0169174598360035,-0.0171425962302523,0.0237811852542768,-0.0623349218873953,0.0311409536545739,No,0.0252961224007857,0.0253301308343872,0.0154225102927744,-0.0059553215671725,0.0537413490712115,No,0.0083786625647821,0.0082213365691271,0.0109772190186022,-0.0122962782460114,0.0302094138716618,No,/bigdat2/user/xuln/olink_disease_predict/67traits_cox_analysis/Cardiovascular/Pulmonary embolism/bootstrap_results/bootstrap_summary_statistics.csv
Cardiovascular,Unstable Angina,Unstable Angina,8907,0.6689722277317706,0.6683312502511298,0.0303439732093275,0.6079668081635841,0.7283238025044465,0.7116270444572631,0.7115045397265352,0.0276474470170419,0.6541435515715873,0.7638766653130994,0.7517660166508489,0.7528656332123789,0.027825558748234,0.6937353123442691,0.8041267518506784,0.7445082832042551,0.7453780610235118,0.0258756106045954,0.6913844813219627,0.7926941896757012,0.0827937889190782,0.0831925644674126,0.0346117550462282,0.0139863865954735,0.1518382533187836,Yes,0.0401389721935857,0.0398580419425111,0.024927803784714,-0.0084901896848676,0.0906922165386737,No,-0.0072577334465936,-0.0074812575214077,0.0154458632767845,-0.03674579217704,0.0238372658809584,No,0.0328812387469921,0.0327147600327007,0.0110029867964432,0.0118433596211728,0.0561128307268683,Yes,/bigdat2/user/xuln/olink_disease_predict/67traits_cox_analysis/Cardiovascular/Unstable Angina/bootstrap_results/bootstrap_summary_statistics.csv
Cardiovascular,Nonrheumatic aortic valve disorders,Nonrheumatic aortic valve disorders,8930,0.7771159980590459,0.7771980292183381,0.0223513100658693,0.733604830194802,0.8202172586888274,0.8349010047184761,0.8353278051973771,0.0198143940340375,0.7942665660541275,0.8733159983950841,0.8068478778525582,0.8079197861397156,0.0231281157034314,0.7594320965912915,0.8487616355947973,0.8504190411762984,0.8510244036768805,0.0195297797258452,0.8096658295246126,0.8868870248872939,0.0297318797935123,0.0291275843689955,0.0238227821171811,-0.0149168188650704,0.0796505988500282,No,-0.0280531268659178,-0.0278575336910368,0.018726075710642,-0.0630892431842796,0.0078147900561341,No,0.0435711633237403,0.0436162400417823,0.0101121041519625,0.0238671405583568,0.0628268060100167,Yes,0.0155180364578224,0.0158763305088633,0.0097400444635656,-0.0030657550554325,0.0344395105435856,No,/bigdat2/user/xuln/olink_disease_predict/67traits_cox_analysis/Cardiovascular/Nonrheumatic aortic valve disorders/bootstrap_results/bootstrap_summary_statistics.csv
Cardiovascular,Primary pulmonary hypertension,Primary pulmonary hypertension,9009,0.7284200399046024,0.7303492368583226,0.036033047333977,0.6539246013402985,0.7967791285883405,0.8057110822372902,0.8065724072222087,0.0238373806397567,0.7556539995970686,0.8528661510879416,0.8318448775083757,0.8315951732364171,0.0294561058677633,0.7722785056940787,0.8864740063426695,0.8445492771817849,0.8449695741901003,0.0264399641629833,0.7916329694318084,0.8935826079970263,0.1034248376037732,0.1027989805817939,0.0406479415654097,0.0234712483365502,0.1817741707551352,Yes,0.0261337952710854,0.0266593470578789,0.0244558463138581,-0.0229699541789266,0.074515950049861,No,0.0127043996734092,0.012475166643496,0.0064851850997377,0.0013145741483404,0.0267104099503934,Yes,0.0388381949444947,0.0388630196985319,0.019241260568646,0.0018173420709686,0.0766613227766763,Yes,/bigdat2/user/xuln/olink_disease_predict/67traits_cox_analysis/Cardiovascular/Primary pulmonary hypertension/bootstrap_results/bootstrap_summary_statistics.csv
Cardiovascular,Myocardial infarction,Myocardial infarction,8964,0.713677336266474,0.7139207889246865,0.0318055865890913,0.6491037601066469,0.7742450910389163,0.7382957524819896,0.7385395272978084,0.0312039119400221,0.6753650507601145,0.7955113925218964,0.7583874108167994,0.7595982117447129,0.0277798417689041,0.7040418758858877,0.8112335003538373,0.764615250414693,0.7641034817167891,0.0291452018512747,0.7079196368547205,0.8205167948124146,0.0447100745503254,0.0435556001027482,0.0334417719970207,-0.0220862831984718,0.1105293997692689,No,0.0200916583348097,0.0200774794927017,0.0223830745760214,-0.0254986362496259,0.0637796795150279,No,0.0062278395978936,0.0064761976796249,0.010842197041437,-0.0157029929021641,0.0262158028702744,No,0.0263194979327033,0.0266420789876365,0.0144312030624003,-0.0021406656552904,0.0552072767277816,No,/bigdat2/user/xuln/olink_disease_predict/67traits_cox_analysis/Cardiovascular/Myocardial infarction/bootstrap_results/bootstrap_summary_statistics.csv
Cardiovascular,Raynaud syndrome,Raynaud syndrome,8971,0.6589744458420224,0.6591054510340384,0.0377045714672964,0.5869322505176983,0.7326891484397056,0.7544800884938702,0.7552875020031555,0.0348292310270936,0.6833679308351286,0.8189399107865957,0.7404963854487241,0.7405355856269044,0.0373450351926782,0.6609525653090695,0.8096424852119242,0.7694127551563565,0.7705984106259816,0.0352360493429358,0.6999345817383111,0.8330646807333772,0.0815219396067018,0.0817283148185081,0.0425798938690056,-0.0052048657622883,0.163074740926604,No,-0.0139837030451462,-0.0134298208274273,0.0348515365838952,-0.0797596208063836,0.0508750046445099,No,0.0289163697076323,0.0284555561577685,0.0112730247725578,0.007103030426661,0.0515608466539104,Yes,0.0149326666624861,0.0150424607826437,0.0252749453112724,-0.0332626362605818,0.0623252315217848,No,/bigdat2/user/xuln/olink_disease_predict/67traits_cox_analysis/Cardiovascular/Raynaud syndrome/bootstrap_results/bootstrap_summary_statistics.csv
Cardiovascular,Multiple valve dz,Multiple valve dz,8917,0.6940492555964379,0.6935202435837141,0.0279042252431772,0.6359174476646924,0.7498918616023367,0.7105371234281961,0.7113870511755973,0.0264531750457396,0.6583454858347781,0.7600692051462202,0.7158106278393949,0.7155772867742483,0.0244899567268212,0.6694485128110563,0.7637459238346366,0.7348935993313809,0.7353098218539869,0.0241029129885457,0.6869253610696263,0.7825715639540252,0.021761372242957,0.0210723151695743,0.0245545159556215,-0.0268958285916766,0.0730827247114456,No,0.0052735044111987,0.0048661180961817,0.0222397612288803,-0.0374979856021368,0.0515521953643449,No,0.0190829714919859,0.0188311104176295,0.008214592401504,0.003380393009041,0.0355309905751438,Yes,0.0243564759031847,0.0244205870879168,0.0166174864937462,-0.0067265632248612,0.0570771842844942,No,/bigdat2/user/xuln/olink_disease_predict/67traits_cox_analysis/Cardiovascular/Multiple valve dz/bootstrap_results/bootstrap_summary_statistics.csv
Digestive,Diverticular disease of intestine,Diverticular disease of intestine,8439,0.6306962383780819,0.6309229355463142,0.0089799281601285,0.612434123692041,0.6475853556517737,0.652779313414535,0.652889913759616,0.0092287299872433,0.6332264821166059,0.6702723119314815,0.6625196393270116,0.6631581268421811,0.0092247756900284,0.6450662668813792,0.6800057269966664,0.657875472919627,0.658500090607914,0.0092742071867552,0.6404528843311771,0.6750965239497797,0.0318234009489297,0.0318150627495808,0.0082135706406023,0.015993870446905,0.0484806567135387,Yes,0.0097403259124766,0.0097414760202562,0.0074179856275385,-0.0047006626290867,0.0244461400323315,No,-0.0046441664073847,-0.0045926818454927,0.0019928129268387,-0.008688360210836,-0.0007315067248048,Yes,0.0050961595050919,0.0050954223678313,0.007768882168936,-0.0098726472269369,0.0203149966205285,No,/bigdat2/user/xuln/olink_disease_predict/67traits_cox_analysis/Digestive/Diverticular disease of intestine/bootstrap_results/bootstrap_summary_statistics.csv
Digestive,Cholecystitis,Cholecystitis,8955,0.5923279919649551,0.5929791387996903,0.0356581662644383,0.5230479117281712,0.6614767516567126,0.6767973817227696,0.6772072500359507,0.0363347577003943,0.6050693945210552,0.7470509967725802,0.7447910553892073,0.7445999685133572,0.0281654713821906,0.6893487874023936,0.7997130155385364,0.7328144993879899,0.7331569423549417,0.0299782599735731,0.673258135772306,0.7896417365429662,0.152463063424252,0.1514210846155804,0.0475248757563712,0.0590063322064911,0.2459445140535991,Yes,0.0679936736664374,0.0674674693198985,0.0407240224457359,-0.0104055330574988,0.1465404774389211,No,-0.0119765560012173,-0.0118391908081186,0.0201828568285442,-0.0500370376712017,0.0303874957672531,No,0.0560171176652201,0.0563158558475863,0.0249628171689383,0.0099935115826423,0.1039650512993084,Yes,/bigdat2/user/xuln/olink_disease_predict/67traits_cox_analysis/Digestive/Cholecystitis/bootstrap_results/bootstrap_summary_statistics.csv
Digestive,Gastritis and duodenitis,Gastritis and duodenitis,8463,0.5850317562669186,0.5849551059424941,0.0114069819719909,0.5625377222192435,0.6077458049363715,0.6301358276696959,0.6302176204560379,0.0112886016958346,0.6093599828833427,0.6523426565229338,0.6566489689371636,0.656563609009702,0.0113727126912973,0.6348440418398673,0.6786499924979867,0.650335280607471,0.650258923844143,0.0114149378163129,0.6279678183854549,0.6722651107712857,0.071617212670245,0.0715605324210451,0.0127269959866005,0.0470275829544528,0.0972132353081863,Yes,0.0265131412674676,0.0263509832458465,0.0104016249291599,0.0043115625022489,0.0474435403155878,Yes,-0.0063136883296924,-0.0062692483548628,0.002874364885466,-0.0123973971296337,-0.0009406376375539,Yes,0.0201994529377751,0.0202281335058912,0.0105952864409888,-0.0013279960834197,0.0417092388603581,No,/bigdat2/user/xuln/olink_disease_predict/67traits_cox_analysis/Digestive/Gastritis and duodenitis/bootstrap_results/bootstrap_summary_statistics.csv
Digestive,Oesophagitis and oesophageal ulcer,Oesophagitis and oesophageal ulcer,8771,0.570244735015171,0.5702628430482749,0.019941109824705,0.528584661603144,0.6072867630734802,0.6074278493105333,0.6077104082633966,0.0203999956217589,0.5656066366760986,0.646268486416183,0.6213282431215018,0.6216959457316906,0.0200734121917588,0.5812957675523797,0.6613082025353932,0.62303780915741,0.6230731925736921,0.0201550489340963,0.58400373885207,0.6626387475126732,0.0510835081063308,0.0513148126547384,0.0178053692151956,0.0158109379344778,0.0858669232441747,Yes,0.0139003938109687,0.0143481656946057,0.0183857551880632,-0.021141263135133,0.0498669065146548,No,0.001709566035908,0.001918180134817,0.0062836162957603,-0.0105083632768399,0.013974161331557,No,0.0156099598468767,0.0164706598027477,0.0151594552267446,-0.0131480023256675,0.0447780090961694,No,/bigdat2/user/xuln/olink_disease_predict/67traits_cox_analysis/Digestive/Oesophagitis and oesophageal ulcer/bootstrap_results/bootstrap_summary_statistics.csv
Digestive,Diaphragmatic hernia,Diaphragmatic hernia,8481,0.605879930283767,0.6058114379107731,0.0112797861626299,0.5834889368446752,0.6285195325996535,0.6230384123416721,0.6228834119430227,0.0112013432853705,0.6012081187750425,0.644412662136363,0.6801366151830659,0.6806420529413499,0.0116313805008145,0.6577612750585886,0.7026012787264309,0.6750201070155754,0.6755365737357105,0.0118828405690964,0.6506361765398231,0.6975973568255399,0.074256684899299,0.0740434785846414,0.0117338426036903,0.0514527376288919,0.0961986056489861,Yes,0.0570982028413938,0.0572903101452335,0.01059923064815,0.0345781344742277,0.0776081088928318,Yes,-0.0051165081674905,-0.0051168327928138,0.0022137513164278,-0.0095975475393955,-0.0008737729448471,Yes,0.0519816946739032,0.0521110740908016,0.0115476940959157,0.0286003422742505,0.0733195915049316,Yes,/bigdat2/user/xuln/olink_disease_predict/67traits_cox_analysis/Digestive/Diaphragmatic hernia/bootstrap_results/bootstrap_summary_statistics.csv
Digestive,Gastro-oesophageal reflux disease,Gastro-oesophageal reflux disease,8467,0.572019200765614,0.5719903323698687,0.0118767515425546,0.5492889576511706,0.5940088289831036,0.6086888218214563,0.6089064159278925,0.0114915585077403,0.5853037010495564,0.6307416047797557,0.6483037193782766,0.6482947921016977,0.0115292419694705,0.6254103088659553,0.67096564738567,0.641163756947557,0.6409456094318715,0.011739805057167,0.6179909345571692,0.6639751145652161,0.0762845186126627,0.0763646390737016,0.0133512884923899,0.0484223306721485,0.1015570074031852,Yes,0.0396148975568202,0.039548547645883,0.0108963267338026,0.0174349377109237,0.0609282479062474,Yes,-0.0071399624307197,-0.0070726273898992,0.0026878404364363,-0.0124332491575696,-0.0020046377902336,Yes,0.0324749351261005,0.0323089362876181,0.011773734607847,0.0095366266600445,0.0557613549052845,Yes,/bigdat2/user/xuln/olink_disease_predict/67traits_cox_analysis/Digestive/Gastro-oesophageal reflux disease/bootstrap_results/bootstrap_summary_statistics.csv
Digestive,Anal fissure,Anal fissure,8951,0.5941067197629258,0.5948026739439576,0.0463912490172474,0.5054052182670632,0.6855104845797074,0.5931904048584525,0.5935136683392055,0.0446066756348427,0.5025300049456064,0.683749426187988,0.6461194992227215,0.6477125538008438,0.0399098423915178,0.5650737617298028,0.72511071954315,0.637386530593802,0.6385505914618972,0.0394285363458254,0.558199580435945,0.7105494815803064,0.0520127794597955,0.0517641040557392,0.0451077190782804,-0.0340497683435175,0.1407927076491099,No,0.0529290943642688,0.054242409649223,0.0449607574167685,-0.0380124181588366,0.140056259599744,No,-0.0087329686289193,-0.0090157564219493,0.0218667238544004,-0.0513654880700549,0.034594444947261,No,0.0441961257353495,0.0439726550682246,0.0271040254292951,-0.0078845911124487,0.0979688607743103,No,/bigdat2/user/xuln/olink_disease_predict/67traits_cox_analysis/Digestive/Anal fissure/bootstrap_results/bootstrap_summary_statistics.csv
Digestive,Fatty Liver,Fatty Liver,8940,0.4591404957759644,0.4595173719756054,0.0382452979002603,0.3843249400280185,0.539400173094673,0.7130584112929966,0.7138879374458522,0.0315630312236079,0.6524912609250494,0.7710347610348949,0.7738022545572005,0.7732485993241242,0.0253198732036523,0.7235027389938791,0.8203252507465467,0.7569383869144153,0.7564616456480744,0.0283374053390308,0.7013905562979438,0.8101868574556037,0.314661758781236,0.3136872337759856,0.0407272189892389,0.2342351594863944,0.3965815073882547,Yes,0.0607438432642037,0.0604345561905021,0.0207781668167974,0.0183374273507618,0.1008495689711262,Yes,-0.0168638676427851,-0.016952928482298,0.0119382001963567,-0.0389504848311219,0.0082524044155335,No,0.0438799756214186,0.0436436396407942,0.0100790315773305,0.0253021664468544,0.0634063005426454,Yes,/bigdat2/user/xuln/olink_disease_predict/67traits_cox_analysis/Digestive/Fatty Liver/bootstrap_results/bootstrap_summary_statistics.csv
Digestive,Barrett oesophagus,Barrett oesophagus,8971,0.6512987762939019,0.6512540496551531,0.0261203039475163,0.6005920657073344,0.7039082549279043,0.6510365018741416,0.6512115739582616,0.0271882757025003,0.5971212567112256,0.7015669797445047,0.7077510800827859,0.7080588418921427,0.0248357520139618,0.6611062539371665,0.756033478156695,0.7091459125281064,0.7091896352991868,0.0249939117562687,0.6599777766774655,0.7554361648254599,0.0564523037888839,0.0572034443350145,0.0279377784678072,0.0005639832532134,0.109165841773288,Yes,0.0567145782086441,0.0560691104339117,0.0266380860986419,0.0064384955714701,0.1099890462182361,Yes,0.0013948324453205,0.0011766189706742,0.0054107959136111,-0.009133579194907,0.012267741565134,No,0.0581094106539647,0.0575451830147903,0.0245611483899898,0.012228623893038,0.108536818312259,Yes,/bigdat2/user/xuln/olink_disease_predict/67traits_cox_analysis/Digestive/Barrett oesophagus/bootstrap_results/bootstrap_summary_statistics.csv
Digestive,Cholelithiasis,Cholelithiasis,8731,0.5784200674512853,0.5785924194509302,0.0162607304244375,0.5467879466383647,0.6091725240655651,0.6912021633891646,0.6915806444808827,0.0164261107970155,0.6571552347141962,0.7213911643455531,0.7100061987972072,0.70983909786882,0.0155475842468802,0.6792787310713504,0.7428424808067065,0.7103466841774482,0.710959933453859,0.0155953464458762,0.6787602393038299,0.7433107163185979,0.1315861313459219,0.1310633394484478,0.018898251477323,0.0952489691820378,0.1684677482181123,Yes,0.0188040354080426,0.0183239136637362,0.0120122264262354,-0.0032886157360561,0.0420817530936917,No,0.000340485380241,0.0004192948327819,0.0042063521867092,-0.0076121128269845,0.0087905240196499,No,0.0191445207882836,0.018944551821138,0.0094023811413083,0.0007215213447544,0.037239284042504,Yes,/bigdat2/user/xuln/olink_disease_predict/67traits_cox_analysis/Digestive/Cholelithiasis/bootstrap_results/bootstrap_summary_statistics.csv
Digestive,Abdominal Hernia,Abdominal Hernia,8602,0.7096024005816232,0.7099909673450846,0.0138214186322163,0.6810846832993317,0.7349049710107763,0.7151277612432835,0.7159614243937653,0.0131877611590903,0.6876403528560647,0.7391337649978112,0.7218564014229919,0.7222781580324071,0.0130033879922607,0.6953987463831965,0.7459392065238988,0.727704798673836,0.7278701691346783,0.0127718823883277,0.7030064377551725,0.7513470046319279,0.0122540008413687,0.012126801031184,0.0089581445825506,-0.0042845201006132,0.0302534936521291,No,0.0067286401797085,0.0067501151811524,0.0082726883202231,-0.0084361401054299,0.0230079081336662,No,0.0058483972508439,0.0057728531846222,0.00240889487277,0.0013230227692541,0.0107505739457001,Yes,0.0125770374305525,0.0124690112143818,0.0070301284288819,-0.0001247111456996,0.0265984978830361,No,/bigdat2/user/xuln/olink_disease_predict/67traits_cox_analysis/Digestive/Abdominal Hernia/bootstrap_results/bootstrap_summary_statistics.csv
Digestive,Irritable bowel syndrome,Irritable bowel syndrome,8879,0.6231273655368805,0.6228256845865641,0.0231678168527344,0.5809229657125885,0.670603769259302,0.6692450850203749,0.6698767512458921,0.0246773847095792,0.6192595004332081,0.7161355250273325,0.6544091607538164,0.6540339495145528,0.0262150826967526,0.6049608018904925,0.7055828686260378,0.6848637747784775,0.6854856711303103,0.0249678922627947,0.6351999447304044,0.7348812524242573,0.0312817952169358,0.0314904599569208,0.0244504396906198,-0.0175395780932746,0.0754567102820066,No,-0.0148359242665585,-0.0153992852798329,0.0248799943781664,-0.0617128716469669,0.0337234232244135,No,0.0304546140246609,0.0308306879565278,0.0086769519146889,0.0129418036347396,0.0473037274906811,Yes,0.0156186897581024,0.0153380125284697,0.0186358764863998,-0.0194026934863719,0.0513377574055811,No,/bigdat2/user/xuln/olink_disease_predict/67traits_cox_analysis/Digestive/Irritable bowel syndrome/bootstrap_results/bootstrap_summary_statistics.csv
Digestive,Peptic ulcer disease,Peptic ulcer disease,8863,0.5957384077847275,0.596122730824341,0.0249412209861704,0.5467740114143824,0.6417916266273679,0.6458440413486619,0.6454989717059494,0.0249888662811068,0.5982534272808909,0.6950371873253421,0.6875722685726234,0.6874273913176002,0.02508673868158,0.6373949310308623,0.7347472448939396,0.6728939386337925,0.6725912698437939,0.0249435454624881,0.6240001911279675,0.7222949170544324,0.091833860787896,0.0921591316674806,0.0297944294334967,0.0342685022012459,0.1507548731314675,Yes,0.0417282272239616,0.0419397171461659,0.022062058499603,-0.0012136928804722,0.0817373646783938,No,-0.0146783299388309,-0.0147306039338033,0.0107319851049753,-0.0353785809540589,0.0071668735604259,No,0.0270498972851306,0.0268844445317082,0.0132665860579074,0.0014667453141841,0.0521516319974535,Yes,/bigdat2/user/xuln/olink_disease_predict/67traits_cox_analysis/Digestive/Peptic ulcer disease/bootstrap_results/bootstrap_summary_statistics.csv
Endocrine,Hypo or hyperthyroidism,Hypo or hyperthyroidism,8729,0.6616361468883049,0.6615256734263895,0.0134891090491949,0.6349024436667166,0.6873775209751919,0.6890869957565788,0.6887393749952052,0.0140875006210919,0.6616403298778397,0.7183116526053258,0.801921260389088,0.8021773322101201,0.0119757834269156,0.7778949874067314,0.8244740527954272,0.798839397193584,0.7994392178081426,0.0124476333553035,0.7742491565718764,0.822171161173388,0.1402851135007831,0.139944422200929,0.0136433089583454,0.1132865632030275,0.1672290578716645,Yes,0.1128342646325091,0.1125791299382071,0.0132953046506565,0.0874133725225951,0.1382526316546067,Yes,-0.0030818631955039,-0.0031190069394563,0.0022077566890938,-0.0072216915242655,0.0014043787657673,No,0.1097524014370051,0.1095838414597557,0.013337894631586,0.084244576381387,0.1347019680481811,Yes,/bigdat2/user/xuln/olink_disease_predict/67traits_cox_analysis/Endocrine/Hypo or hyperthyroidism/bootstrap_results/bootstrap_summary_statistics.csv
Endocrine,Obesity,Obesity,8704,0.5488973734294916,0.5481864840997175,0.0131478768010475,0.5250126613521144,0.5750489501140388,0.8635649273364486,0.8636723557920014,0.0079130522389556,0.8468156281042747,0.8783104852263518,0.8599215270100466,0.8600775245401356,0.0078279081224708,0.843514640727084,0.8745586372280325,0.869245192407393,0.8692509736146816,0.0075397372765707,0.8533004966179055,0.8832132561135915,0.3110241535805551,0.3116532378060266,0.0151356144023431,0.2811637426936421,0.3387706190005137,Yes,-0.003643400326402,-0.0036451375891648,0.0042740161253156,-0.0121196359566205,0.0046362771346729,No,0.0093236653973463,0.0092858739676128,0.0019671023214811,0.0056271238369562,0.0133303004966577,Yes,0.0056802650709443,0.0056772791028289,0.0027562434708501,0.0002965126403773,0.011040725481256,Yes,/bigdat2/user/xuln/olink_disease_predict/67traits_cox_analysis/Endocrine/Obesity/bootstrap_results/bootstrap_summary_statistics.csv
Endocrine,Diabetes Type II,Diabetes Type II,8636,0.6616801976930193,0.6617914937744742,0.0113987390345814,0.6400286071503823,0.6839554154212867,0.8924229510159177,0.8925692798374683,0.0067981378734942,0.8782245852073793,0.9051752158791504,0.8917843371335588,0.8916421664442501,0.0070539180577907,0.8779729208985041,0.905287493669293,0.9104313059299703,0.9105795118995904,0.0059053767937086,0.8993214604303557,0.921950952062252,0.2301041394405395,0.2305924301692579,0.0129785512156763,0.2035380934236841,0.2558566114339047,Yes,-0.0006386138823589,-0.0005596925043059,0.006373483001397,-0.0134117037542121,0.0112630195499893,No,0.0186469687964115,0.0184857187885061,0.0033922432363892,0.0121988359407174,0.025341212666769,Yes,0.0180083549140525,0.0180809121251137,0.0034656229245357,0.0113185842762229,0.0247399933256375,Yes,/bigdat2/user/xuln/olink_disease_predict/67traits_cox_analysis/Endocrine/Diabetes Type II/bootstrap_results/bootstrap_summary_statistics.csv
Endocrine,Diabetes NOS,Diabetes NOS,8965,0.6531327232026239,0.653397908320704,0.0291497716306885,0.594731629444532,0.7114198787038096,0.8488264589005432,0.850608845750101,0.026520578753304,0.7952111960806244,0.896676308098521,0.8202017385240059,0.8207645225574312,0.0233002213449705,0.771225955445656,0.864625492412542,0.8531341366037063,0.8536313492701882,0.0220740952067052,0.8072381203146504,0.8940117817561103,0.167069015321382,0.1675304616225327,0.0356154089831092,0.0976413755605917,0.2347009741603321,Yes,-0.0286247203765372,-0.0296841906220372,0.0198780750014511,-0.0647879541591362,0.0115071036610378,No,0.0329323980797004,0.0328992483092109,0.0077413375129477,0.0182045366995121,0.0481289243421894,Yes,0.0043076777031631,0.0041857480106345,0.0141437616199661,-0.021646531930786,0.0325831341878057,No,/bigdat2/user/xuln/olink_disease_predict/67traits_cox_analysis/Endocrine/Diabetes NOS/bootstrap_results/bootstrap_summary_statistics.csv
Endocrine,Hypothyroidism,Hypothyroidism,8753,0.6891898440789088,0.6890310483168289,0.0131970973937295,0.6616240141856051,0.7144214862677163,0.7141940186309199,0.7147611965756833,0.0127789653802338,0.6873565420798999,0.7380834752132991,0.8207100688164095,0.8209702745300937,0.0111017038701132,0.7985596981939153,0.8409470110034487,0.820320624860381,0.8205636330974962,0.0111320185544429,0.7981882856804283,0.8406352000666398,0.1315202247375007,0.1316558889048918,0.0138837469981844,0.1035899138129426,0.1577234751778291,Yes,0.1065160501854895,0.1067395547478946,0.0130790549920515,0.0802190038962046,0.1326473778092126,Yes,-0.0003894439560284,-0.0003959339173172,0.0012736158702833,-0.0029383001661555,0.001949428034767,No,0.106126606229461,0.1064249789407674,0.0131048495470249,0.0798314436349682,0.1318344814720596,Yes,/bigdat2/user/xuln/olink_disease_predict/67traits_cox_analysis/Endocrine/Hypothyroidism/bootstrap_results/bootstrap_summary_statistics.csv
Eye,Macular degeneration,Macular degeneration,8903,0.7838992330160188,0.7835648261282421,0.0190382091325959,0.7463495144646456,0.8204644284110079,0.7866802334603806,0.7868464092710473,0.0180355073629126,0.7476168798348447,0.8207512369291822,0.7551509793819632,0.7550483881184565,0.0226611079671817,0.7105171311722133,0.8021085858952179,0.7889673712230415,0.7890496165246925,0.0185179744922236,0.7503774671615888,0.8231816496506418,-0.0287482536340556,-0.029219227072496,0.0206868133528044,-0.0691963004991235,0.0109896970801356,No,-0.0315292540784174,-0.0314125292901071,0.0232553001231592,-0.0770159847925697,0.0175922226897841,No,0.0338163918410783,0.0340416745988869,0.0129858150876517,0.0074053767904059,0.0607174032045784,Yes,0.0022871377626609,0.001903953007931,0.0117856053965776,-0.0205203566297848,0.0257397313485676,No,/bigdat2/user/xuln/olink_disease_predict/67traits_cox_analysis/Eye/Macular degeneration/bootstrap_results/bootstrap_summary_statistics.csv
Eye,Retinal detachments and breaks,Retinal detachments and breaks,8954,0.6214555435213279,0.6227624773002756,0.038109137165108,0.5447080040060319,0.6920019436455891,0.6027008415108724,0.6036009382356794,0.0367606959564615,0.5245123060287855,0.6695209380713646,0.6073892817260902,0.6083675461109519,0.03717741455592,0.5304050900649865,0.6746049590750699,0.6284389326591016,0.6292701681062491,0.0368807412853841,0.5588753859393867,0.6989392915742765,-0.0140662617952377,-0.0137174628530401,0.0485535062567092,-0.108346174084641,0.0846893816307155,No,0.0046884402152177,0.0029778758541417,0.0552460237248883,-0.0985460723894663,0.1141777819036359,No,0.0210496509330113,0.0206677227856623,0.025983906310567,-0.0323082501815075,0.0723252620300004,No,0.025738091148229,0.0255059277982913,0.0379736540612088,-0.0473531088599986,0.1015413373388421,No,/bigdat2/user/xuln/olink_disease_predict/67traits_cox_analysis/Eye/Retinal detachments and breaks/bootstrap_results/bootstrap_summary_statistics.csv
Eye,Diabetic ophthalmic complications,Diabetic_ophthalmic_complications,8956,0.7234684730510471,0.7229302646509779,0.0337443156177377,0.6544913843793911,0.7909160556246261,0.9603008087165612,0.9607760318576009,0.0105274790541361,0.93755422793146,0.979268800099372,0.943776368102096,0.9451822183309704,0.0188019695001579,0.905387539569306,0.973875733850959,0.9695124346049182,0.969944972943904,0.0075456505196099,0.9543995607296164,0.9829042803815076,0.220307895051049,0.2195771096359179,0.0307805691897825,0.1603239935930326,0.2799372055127596,Yes,-0.0165244406144647,-0.0149286274232706,0.0197775877507772,-0.0575877242969675,0.0171826703426773,No,0.025736066502822,0.0240456668903942,0.0152276985811652,0.0036905025323448,0.0585937522062143,Yes,0.0092116258883572,0.0087626246052969,0.0079473666479905,-0.0045073706392309,0.0268784601009883,No,/bigdat2/user/xuln/olink_disease_predict/67traits_cox_analysis/Eye/Diabetic_ophthalmic_complications/bootstrap_results/bootstrap_summary_statistics.csv
Eye,Glaucoma,Glaucoma,8879,0.7288848923679827,0.7293994156806989,0.017416970936793,0.6957714248850771,0.7613642138591986,0.7283525859084289,0.7290067517137249,0.0180749857066239,0.692279624384367,0.7622312838797436,0.725007549548343,0.7247916828732877,0.0173411771273466,0.6895781709956752,0.7584033164929199,0.7334658170174088,0.733926526894406,0.0173888946549483,0.6988869583683441,0.7671111175446433,-0.0038773428196397,-0.0036506596028996,0.0123110863868064,-0.0289762243735599,0.0190527833547045,No,-0.0033450363600857,-0.0031001852301523,0.0146468405867335,-0.031735139869681,0.0252669781565458,No,0.0084582674690656,0.0086474874574741,0.0066162008702991,-0.004159254044124,0.0214793535642747,No,0.0051132311089799,0.0052479419701845,0.0096981555375157,-0.0132769683907964,0.0236578955341143,No,/bigdat2/user/xuln/olink_disease_predict/67traits_cox_analysis/Eye/Glaucoma/bootstrap_results/bootstrap_summary_statistics.csv
Eye,Cataract,Cataract,8363,0.738731873320314,0.7386610361953603,0.0086835582920106,0.7219062560376257,0.7552591958423236,0.7518765018884365,0.7516804671872844,0.0084082423923051,0.7358008448754498,0.7676006302706094,0.7401220240518352,0.7397234760000955,0.0085310702172697,0.7220478729659401,0.7563435014488715,0.7448035104989063,0.7446683197697667,0.0085130751766627,0.7274572249753714,0.7611115157920327,0.0013901507315212,0.0012101256994573,0.005418824976618,-0.00941265788056,0.0129128121166944,No,-0.011754477836601,-0.011859759027808,0.0046012937584309,-0.0214556521962937,-0.0027221204387537,Yes,0.0046814864470709,0.0046119063743405,0.0013195284798304,0.0020228343815191,0.0072652857843451,Yes,-0.0070729913895301,-0.0072253981420456,0.0040275441824459,-0.0152141511789185,0.0008147828618044,No,/bigdat2/user/xuln/olink_disease_predict/67traits_cox_analysis/Eye/Cataract/bootstrap_results/bootstrap_summary_statistics.csv
Genitourinary,Chronic Kidney Disease,Chronic Kidney Disease,8791,0.7211320771934793,0.7214391345030422,0.0149729080360159,0.6929568852172033,0.7510017089860069,0.8660323164741862,0.866247580517047,0.011756774094492,0.8430819424568552,0.8880689548861845,0.8817933295680576,0.8821236518741273,0.010701313050041,0.860374678185909,0.9031382016160344,0.8878165932204996,0.8881547954622065,0.0108167951387269,0.8667702731246388,0.908634556213971,0.1606612523745782,0.160394849444601,0.015710762770158,0.1292852302734233,0.1904586246113153,Yes,0.0157610130938712,0.0156333254424356,0.0076378821338861,0.0016158752711601,0.0320150335958195,Yes,0.0060232636524419,0.006055068343111,0.0035618646359461,-0.0009410882821613,0.0128739306918023,No,0.0217842767463132,0.0217578270982218,0.0046598751299018,0.0128457204258698,0.0318176886530136,Yes,/bigdat2/user/xuln/olink_disease_predict/67traits_cox_analysis/Genitourinary/Chronic Kidney Disease/bootstrap_results/bootstrap_summary_statistics.csv
Genitourinary,Female genital prolapse,Female_genital_prolapse_filtered,4705,0.586126030790121,0.5873480746679058,0.0241028697914386,0.5380355395509449,0.6305381511815565,0.604957973050148,0.6049495373020931,0.023313433985558,0.5586823748877984,0.6511152962721116,0.6141187925042145,0.6148098974163769,0.0232776277748519,0.5685861255295362,0.6568126749875843,0.6189685168478063,0.619856213496276,0.0230140573162269,0.5722937200936797,0.6628973341263358,0.0279927617140935,0.0278033547957556,0.0244171375396195,-0.0166492007159604,0.0738625583094043,No,0.0091608194540665,0.0089278658853871,0.0260186601668389,-0.0402897840484716,0.0608277933907347,No,0.0048497243435917,0.0049905131711512,0.011023337472412,-0.0170585734571947,0.0266816161598395,No,0.0140105437976582,0.0145679433721974,0.0216039950057705,-0.0276367984999789,0.0550647868075788,No,/bigdat2/user/xuln/olink_disease_predict/67traits_cox_analysis/Genitourinary/Female_genital_prolapse_filtered/bootstrap_results/bootstrap_summary_statistics.csv
Genitourinary,Postmenopausal bleeding,Postmenopausal_bleeding_filtered,4691,0.4750589972262604,0.4745464421591669,0.0298267286984282,0.4187719846981543,0.5367011190921172,0.5888063406091456,0.589157330868407,0.036645368757612,0.5174675704351717,0.657267970961448,0.5772766076566511,0.5770904928819138,0.0355527731575668,0.5103911950655321,0.64523281262001,0.5708118849392099,0.5712734234017033,0.0362847298820086,0.5019939790613099,0.6419859670152029,0.1022176104303907,0.1012634126605252,0.0465281143367583,0.0186253816037855,0.1872890185322205,Yes,-0.0115297329524945,-0.0124490358829458,0.0373706606303003,-0.0836376527892421,0.0611404999880411,No,-0.0064647227174412,-0.0068912433048811,0.0109137048040527,-0.0286050721718824,0.013921355937901,No,-0.0179944556699358,-0.0177038760566745,0.0372865911700309,-0.0882232094886895,0.054461456785592,No,/bigdat2/user/xuln/olink_disease_predict/67traits_cox_analysis/Genitourinary/Postmenopausal_bleeding_filtered/bootstrap_results/bootstrap_summary_statistics.csv
Genitourinary,Acute Kidney Injury,Acute Kidney Injury,8764,0.7184591509455797,0.7186651388781393,0.0156262350711026,0.6874338081625908,0.7489116947347858,0.8054261660778377,0.8055990111004381,0.0136028131951104,0.7795673879638606,0.8314218735679716,0.8220040739237532,0.8223665596102547,0.0127738351112107,0.7953784387823979,0.8449148723119897,0.8295810000752689,0.8297862180119505,0.0129010364020187,0.8039756782608793,0.8536728074003807,0.1035449229781736,0.1036465617707001,0.0158629810129406,0.0725129081750034,0.1349088409726621,Yes,0.0165779078459154,0.0162696077287472,0.0089674027173553,-0.0009392223070356,0.0352232377736436,No,0.0075769261515156,0.0074094520497847,0.0049216295058886,-0.0019189747857953,0.017145671828342,No,0.0241548339974311,0.023961980764341,0.0048859041645437,0.0152116024741184,0.034410555240272,Yes,/bigdat2/user/xuln/olink_disease_predict/67traits_cox_analysis/Genitourinary/Acute Kidney Injury/bootstrap_results/bootstrap_summary_statistics.csv
Genitourinary,Hyperplasia of prostate,Hyperplasia_of_prostate_filtered,3867,0.6791911179790904,0.6796770275489334,0.0139427264187855,0.6514667386985968,0.7059163721289442,0.6899472273144807,0.6903008818703718,0.0140759150044906,0.6610604942884034,0.7171165748470739,0.7304253806621661,0.7304873906501087,0.0136121441088059,0.702716801784629,0.7562637047731292,0.7297482313042571,0.7298840596093927,0.0138102934237049,0.701926539917075,0.7560467686391025,0.0512342626830758,0.0507916341453214,0.0117364327938773,0.029619987531383,0.0746953160214042,Yes,0.0404781533476855,0.0404260070311049,0.0119173755955469,0.0179926404590713,0.0634887574779265,Yes,-0.000677149357909,-0.0005821649112234,0.0022891789473422,-0.0054829062126939,0.0036824742716482,No,0.0398010039897764,0.0394557285964148,0.0122670372967613,0.0162258240730111,0.0644657576027151,Yes,/bigdat2/user/xuln/olink_disease_predict/67traits_cox_analysis/Genitourinary/Hyperplasia_of_prostate_filtered/bootstrap_results/bootstrap_summary_statistics.csv
Genitourinary,Urinary Incontinence,Urinary Incontinence,8895,0.6770923902296696,0.6768213508705553,0.0240145484528819,0.6300806827234662,0.7234237524651428,0.7233904621837393,0.7232541959551444,0.0260540462864254,0.6712856902909882,0.7721739939097141,0.7025596496187191,0.7036708546644039,0.0291069523955461,0.6443063093673748,0.7575460881389688,0.7284524889723484,0.7289769396038894,0.0263409088134383,0.674494353284661,0.7809896989582321,0.0254672593890493,0.0260088605039295,0.0272702991390655,-0.0301791679697405,0.0775516825183064,No,-0.0208308125650203,-0.0207179277632593,0.025719708378523,-0.0709868050030154,0.0240428936975424,No,0.0258928393536294,0.025793875444703,0.0146296376018404,-0.0014367980859204,0.0532086594591843,No,0.0050620267886091,0.0050895755284299,0.0127683274692588,-0.0198916606466288,0.0276856308983312,No,/bigdat2/user/xuln/olink_disease_predict/67traits_cox_analysis/Genitourinary/Urinary Incontinence/bootstrap_results/bootstrap_summary_statistics.csv
Genitourinary,Menorrhagia and polymenorrhoea,Menorrhagia_and_polymenorrhoea_filtered,4718,0.8765119709439627,0.877758899781681,0.0141869179868144,0.846709564948116,0.901726049654183,0.8374564047583376,0.8397681073925692,0.0299618610624882,0.7710443035731982,0.8914032315320213,0.8833283349955533,0.884153124092962,0.0155454327478263,0.8502635595226271,0.914150418328628,0.8716526951348533,0.8743170197313102,0.0245825340978514,0.8143906714814351,0.913590758434348,0.0068163640515905,0.0067955725309936,0.0161013369321937,-0.0240065555619841,0.040277571241118,No,0.0458719302372156,0.0443934861911829,0.0240419664788986,0.0013457608323964,0.0949811061797466,Yes,-0.0116756398606999,-0.0108575072395839,0.0146564303079916,-0.0425053712960113,0.0133398373524565,No,0.0341962903765156,0.0331378475201186,0.0133368321027742,0.0122882594988323,0.0626744198125407,Yes,/bigdat2/user/xuln/olink_disease_predict/67traits_cox_analysis/Genitourinary/Menorrhagia_and_polymenorrhoea_filtered/bootstrap_results/bootstrap_summary_statistics.csv
Genitourinary,Urolithiasis,Urolithiasis,8885,0.5964034599284153,0.5970889107799833,0.0290446475059764,0.5397659911349473,0.6500123336656379,0.6812061966961963,0.6804299325653302,0.0309811747691835,0.6205143335618244,0.7407807187853362,0.6527595348105574,0.6529797155662477,0.0287182227710907,0.5973507846512387,0.710566886808697,0.6798372096386874,0.6806457168957432,0.0297414270754031,0.6179256986437216,0.7368640553179285,0.056356074882142,0.05623105834309,0.0312991869429425,-0.0066092012141296,0.11851417530857,No,-0.0284466618856389,-0.0274753491238428,0.0240983548101199,-0.0782788762021056,0.0178246490868059,No,0.0270776748281299,0.0263311649933954,0.0115847413325341,0.0053539176873937,0.0515478353602409,Yes,-0.0013689870575089,-0.0011131630633706,0.0149040465485952,-0.0317252934679153,0.0273719323236917,No,/bigdat2/user/xuln/olink_disease_predict/67traits_cox_analysis/Genitourinary/Urolithiasis/bootstrap_results/bootstrap_summary_statistics.csv
Genitourinary,Obstructive and reflux uropathy,Obstructive and reflux uropathy,8948,0.6190789535413891,0.6195431921380641,0.0354378514303674,0.5446918752801541,0.6886195251033541,0.6694702712716485,0.6694338496721333,0.0312257115962303,0.6111609880189314,0.7263541014708659,0.6510648061185379,0.6519913472232713,0.0282842622425844,0.5971028775896434,0.7076277040919653,0.6759939215278553,0.6770950797055861,0.0277098304372466,0.6219499224599608,0.7301285914345746,0.0319858525771487,0.0308722415382186,0.0352798137868164,-0.035437827715552,0.1011464691969473,No,-0.0184054651531107,-0.0184578726964704,0.0274914799313424,-0.0712645548890663,0.0346833553600067,No,0.0249291154093173,0.0247195442623858,0.0110480461826744,0.0027234711055268,0.0479150994765661,Yes,0.0065236502562066,0.0058914854838769,0.0190732410561625,-0.0312045814085658,0.0435724011503117,No,/bigdat2/user/xuln/olink_disease_predict/67traits_cox_analysis/Genitourinary/Obstructive and reflux uropathy/bootstrap_results/bootstrap_summary_statistics.csv
Haematological_or_immunological,Other anaemias,Other anaemias,8700,0.6449684802754507,0.6446706039554888,0.015319514297061,0.6144072180319156,0.6742454929787187,0.7346223893519311,0.7347500842670088,0.0147593396007928,0.7057104396584197,0.7638215156915311,0.7644311767931051,0.7645412441887545,0.0141135249818656,0.7361738821544285,0.7903616810345122,0.7678257704531591,0.7680484000269371,0.0142318838470378,0.7387698703183962,0.7948905639220964,0.1194626965176543,0.1193222645917519,0.0163005151550468,0.0889853632971645,0.151624029880446,Yes,0.0298087874411738,0.0296801692609069,0.0123958040186882,0.0058402157402932,0.054523006537501,Yes,0.0033945936600541,0.0035094020794109,0.0035818464428038,-0.0035138728060707,0.0105393931120501,No,0.0332033811012279,0.0331905414740942,0.0109348363828198,0.0129566836285,0.0552550816830889,Yes,/bigdat2/user/xuln/olink_disease_predict/67traits_cox_analysis/Haematological_or_immunological/Other anaemias/bootstrap_results/bootstrap_summary_statistics.csv
Haematological_or_immunological,Agranulocytosis,Agranulocytosis,8959,0.5541807838411775,0.5544539071277805,0.0247484282172707,0.5046932093301775,0.6023846363185457,0.6738197438585452,0.6745902816877678,0.0276600466922662,0.6202701064798471,0.727616583633186,0.7161000137783037,0.7162324595877367,0.027910434038993,0.6615015306423337,0.771084926425146,0.726978074203435,0.7269682470189575,0.0273411688282613,0.671482718636065,0.7825939413806378,0.1619192299371262,0.1634486785254974,0.0368828971204908,0.086860018705317,0.2354000468283289,Yes,0.0422802699197586,0.0415387305969814,0.0325457021328827,-0.0189039975669287,0.1064697260350067,No,0.0108780604251311,0.0106551941136026,0.0085361194610096,-0.0053516011440579,0.027256709887768,No,0.0531583303448897,0.0529873915564294,0.0295197328776354,-0.0045069187070874,0.1121750945275098,No,/bigdat2/user/xuln/olink_disease_predict/67traits_cox_analysis/Haematological_or_immunological/Agranulocytosis/bootstrap_results/bootstrap_summary_statistics.csv
Haematological_or_immunological,Secondary or other Thrombocytopaenia,Secondary or other Thrombocytopaenia,8976,0.6530293264684526,0.6542886526628916,0.0381338607926614,0.5802595726800391,0.7260904016857117,0.7327896933900496,0.7330302727028903,0.0363163664391125,0.6627113402005846,0.8029069873253876,0.766045517379038,0.7665829116574503,0.0358947371024023,0.6948794333502217,0.8323230940750872,0.7709910901525092,0.7719051835842812,0.0352311113626238,0.6993301508145608,0.8369425623463963,0.1130161909105855,0.1129550482857376,0.0444431262757076,0.027953532360132,0.2007240414827392,Yes,0.0332558239889885,0.033162233452809,0.0290146636531383,-0.0221110375050948,0.0879119291084432,No,0.004945572773471,0.0049933308690769,0.0100787425083727,-0.0145733636016277,0.0254003823274735,No,0.0382013967624595,0.0373945856371177,0.02278805886317,-0.0048833873716519,0.0816437704973893,No,/bigdat2/user/xuln/olink_disease_predict/67traits_cox_analysis/Haematological_or_immunological/Secondary or other Thrombocytopaenia/bootstrap_results/bootstrap_summary_statistics.csv
Haematological_or_immunological,Iron deficiency anaemia,Iron deficiency anaemia,8795,0.5825916279569704,0.5822053564081416,0.0177464872788983,0.5465911160950153,0.6180974635525422,0.7236323932169806,0.7243208924844412,0.0174570763821258,0.6879186750092663,0.7578085942177307,0.7683459282958419,0.7690158593398146,0.0155416677945584,0.7362781793563988,0.7982693488896234,0.7728515316053354,0.7739576305644117,0.0158833115989658,0.740760080139467,0.8039023513041496,0.1857543003388715,0.1860711185707001,0.0203061659167282,0.1439270113750201,0.2254468984793547,Yes,0.0447135350788612,0.0448569098223499,0.0163871183646888,0.0121471463980835,0.0804719530948925,Yes,0.0045056033094934,0.0044815594427433,0.0051923917451292,-0.0052371416278108,0.0144224463010224,No,0.0492191383883547,0.0491838552755738,0.0140763354597242,0.0218160566414353,0.0780737236169777,Yes,/bigdat2/user/xuln/olink_disease_predict/67traits_cox_analysis/Haematological_or_immunological/Iron deficiency anaemia/bootstrap_results/bootstrap_summary_statistics.csv
Infections,Infection of skin and subcutaneous tissues,Infection of skin and subcutaneous tissues,8772,0.5800808623503169,0.5801067151461008,0.0181698147921355,0.5440474261722217,0.6141330386711302,0.674077823577617,0.6744898602220433,0.0193742855543747,0.6359415464453068,0.7128884180257972,0.6888733778536248,0.689082398385074,0.0191609728125132,0.6502181648854483,0.7254981106939836,0.6837367505917625,0.6835627864682636,0.0191313300667891,0.6458441457887193,0.7188518384544819,0.108792515503308,0.1088796505305619,0.0212381483501527,0.0673431904692093,0.1520059633342624,Yes,0.0147955542760078,0.0149677676637983,0.0171181466785163,-0.0179389577530781,0.0480056586874558,No,-0.0051366272618623,-0.0050915566445635,0.0051768528274285,-0.0153079014722663,0.0047756901745339,No,0.0096589270141454,0.0097066206552191,0.0173821692143642,-0.0236288318151423,0.0425674434696491,No,/bigdat2/user/xuln/olink_disease_predict/67traits_cox_analysis/Infections/Infection of skin and subcutaneous tissues/bootstrap_results/bootstrap_summary_statistics.csv
Infections,Viral diseases,Viral diseases,8912,0.5109592537134822,0.5106262098316258,0.0303637634706876,0.4530451501661161,0.5699507863294777,0.5627043139773753,0.5628585371611767,0.0319729226409967,0.4985088594180533,0.624133461030836,0.6086250651434841,0.6084945033947584,0.031819271335831,0.5466761275367177,0.6697371565547922,0.594579477003837,0.595039435242736,0.0339184729791854,0.528930531671125,0.6636457951523806,0.0976658114300019,0.0996706966448247,0.0366161292651328,0.0263662722837929,0.1675409116020894,Yes,0.0459207511661087,0.0464078451652136,0.0308461124163316,-0.0140342102613777,0.105803965879097,No,-0.0140455881396471,-0.0147648365815646,0.0168031751301214,-0.0452714927465112,0.0193096913339902,No,0.0318751630264616,0.0313604878323491,0.019264553619624,-0.0051295829131533,0.0694421877102646,No,/bigdat2/user/xuln/olink_disease_predict/67traits_cox_analysis/Infections/Viral diseases/bootstrap_results/bootstrap_summary_statistics.csv
Infections,Septicaemia,Septicaemia,8890,0.6498531683433002,0.6500610505919898,0.0217830645316833,0.6072805296534385,0.6896777566862489,0.7353884969769086,0.7352963227809706,0.0206326875609398,0.692879746874837,0.7755442211741566,0.77098012694256,0.7710088560493918,0.019602307287722,0.7328607905502196,0.8075220584891986,0.7709183352605408,0.7704757768181161,0.0200823571890543,0.731905208317262,0.8090499080033005,0.1211269585992598,0.1211863943711576,0.0242408678131197,0.0731337517071727,0.1707190256412712,Yes,0.0355916299656514,0.0362539346244789,0.015109972813953,0.0043335718249133,0.0627091086975991,Yes,-6.179168201926544e-05,3.292985434016904e-05,0.0042199284221084,-0.0082828047024847,0.0075477956349593,No,0.0355298382836322,0.0359987963471057,0.0130900780217574,0.0087106704310356,0.0595467115937214,Yes,/bigdat2/user/xuln/olink_disease_predict/67traits_cox_analysis/Infections/Septicaemia/bootstrap_results/bootstrap_summary_statistics.csv
Infections,Urinary Tract Infections,Urinary Tract Infections,8705,0.6547396354013892,0.655491553752066,0.015009609064162,0.6237307233628567,0.682510074942942,0.7129241178197672,0.7131034409266206,0.0145868437995496,0.6837587543768548,0.7414086017258373,0.7264118675950186,0.7260897957643206,0.0153531062732702,0.6966474304573066,0.7570504554088717,0.7293511176050501,0.729260681961142,0.0153047793269325,0.7006782787522388,0.75871182122471,0.0716722321936294,0.0718280586743218,0.0142093962067396,0.0449491020821359,0.0995870371564758,Yes,0.0134877497752515,0.0133315808054843,0.0100542484117102,-0.0064241253145624,0.0329545636048895,No,0.0029392500100315,0.0028624211213633,0.00261154765929,-0.0021646961783645,0.0082535859879344,No,0.016426999785283,0.0165913025242214,0.0095125649635547,-0.0021165606479289,0.0343176662982521,No,/bigdat2/user/xuln/olink_disease_predict/67traits_cox_analysis/Infections/Urinary Tract Infections/bootstrap_results/bootstrap_summary_statistics.csv
Infections,Infections of the digestive system,Infections of the digestive system,8797,0.6097238958557044,0.6096370304397489,0.0151637939985492,0.5802809719460031,0.6403495748990405,0.6800186397171356,0.6800814830868982,0.0143458264252998,0.652518603847215,0.7085140548760452,0.6947842841356967,0.6949153227756466,0.0150647827695797,0.6661916009303942,0.7236975839991853,0.7060303617433449,0.7060736921743519,0.0145018025665731,0.6785338149026874,0.7357916796187736,0.0850603882799922,0.0851542334225914,0.0162579747581365,0.0533473202692068,0.1160130815156332,Yes,0.0147656444185609,0.0147398923605069,0.0126473675037997,-0.0110008631524106,0.0393008659567267,No,0.0112460776076481,0.0112284843859996,0.0055020765116932,0.0007626134582786,0.0223727398572317,Yes,0.0260117220262091,0.0259627131325681,0.0098514477005201,0.0067484493778433,0.0460823184356895,Yes,/bigdat2/user/xuln/olink_disease_predict/67traits_cox_analysis/Infections/Infections of the digestive system/bootstrap_results/bootstrap_summary_statistics.csv
Infections,Lower Respiratory Tract Infections,Lower Respiratory Tract Infections,8558,0.6659946284562557,0.6660699285579554,0.0114985358071544,0.642792804820074,0.6877843633935014,0.7472534303452659,0.7470204091315287,0.0105044291339785,0.7262802389832497,0.7686043158313011,0.7752608469901103,0.7756368081993935,0.0103100987980688,0.7534153437805743,0.7952504451953986,0.7788182616496343,0.7791551087391304,0.0101895004461142,0.7578049177748305,0.7982946539602012,0.1092662185338545,0.1091943456966441,0.0114498542223535,0.0870949089125677,0.1315349578326286,Yes,0.0280074166448443,0.0278052235607002,0.0078392821737547,0.01282508345962,0.0429978444450064,Yes,0.003557414659524,0.0036604257928451,0.0020406011510997,-0.0004435727148008,0.0074999337912471,No,0.0315648313043683,0.0313976787591233,0.0070004346043825,0.0181656514459134,0.0455535511762415,Yes,/bigdat2/user/xuln/olink_disease_predict/67traits_cox_analysis/Infections/Lower Respiratory Tract Infections/bootstrap_results/bootstrap_summary_statistics.csv
Infections,Mycoses,Mycoses,8929,0.6637341923646102,0.6651794678464451,0.0257913918684499,0.6096014638659994,0.7123673172983765,0.7160239450243939,0.7164571572774924,0.0252072967570457,0.6652978731937305,0.7618113174122724,0.7391659813991336,0.7401629740360409,0.0249653966773532,0.6844504700921149,0.7843418639699898,0.7403589929713917,0.7418228341021822,0.0260658106701295,0.6850855682436777,0.787456029634633,0.0754317890345234,0.076310041044888,0.0353721966731305,0.0091790704129994,0.14219506270704,Yes,0.0231420363747397,0.0237676449166955,0.0240564061938478,-0.0238728098082804,0.0694764403837016,No,0.0011930115722581,0.0017445241061022,0.0092421475240015,-0.0181644725018795,0.018654731542673,No,0.0243350479469979,0.0244864024305427,0.0203046787839368,-0.0145727080741885,0.0622414496144796,No,/bigdat2/user/xuln/olink_disease_predict/67traits_cox_analysis/Infections/Mycoses/bootstrap_results/bootstrap_summary_statistics.csv
Infections,Ear and Upper Respiratory Tract Infections,Ear and Upper Respiratory Tract Infections,8872,0.4787249553522516,0.478688297228148,0.0281013168168704,0.4235845521588784,0.531976040219529,0.5720992661129591,0.5736718948713388,0.0302090680061861,0.5097858734786536,0.6270941370805342,0.5909825773977029,0.5911918304084525,0.0291156617793141,0.5345265808051871,0.643110669075381,0.5923556355168306,0.5922349157938647,0.0291552818977691,0.5363960820209004,0.6462385197091132,0.1122576220454512,0.1116240070473451,0.0403409540211438,0.0352955338226498,0.1910928451035767,Yes,0.0188833112847437,0.0191589677908123,0.0377387680932661,-0.0585581137997276,0.0903693120548794,No,0.0013730581191277,0.0013885371936248,0.0068321181636415,-0.0119617423836271,0.0146238898299277,No,0.0202563694038714,0.0202925052979278,0.0346377829937874,-0.0506540548217326,0.0854343458553674,No,/bigdat2/user/xuln/olink_disease_predict/67traits_cox_analysis/Infections/Ear and Upper Respiratory Tract Infections/bootstrap_results/bootstrap_summary_statistics.csv
Infections,Bacterial Diseases,Bacterial Diseases,8645,0.6057580951122581,0.6055610407587719,0.0133693197764703,0.5803681606068176,0.6320141845979657,0.6744220938449802,0.6747928626638724,0.0123095472777787,0.649638193576674,0.69907083698478,0.703488768758545,0.7032945924638607,0.0120964272137034,0.6788661566573032,0.7256919244822173,0.7010431028779743,0.70075761338056,0.012218930869859,0.6772714816788694,0.7229936212736408,0.0977306736462869,0.0972992085079875,0.0138392530618458,0.07120785631136,0.1246377337033151,Yes,0.0290666749135648,0.0289720900274639,0.0098183270783477,0.008531539499205,0.0485085695042517,Yes,-0.0024456658805706,-0.0024332441620154,0.002388997498133,-0.0070099078653898,0.0022548814808539,No,0.0266210090329941,0.0266811304452371,0.0097317111081673,0.0070533212331888,0.0456778050007215,Yes,/bigdat2/user/xuln/olink_disease_predict/67traits_cox_analysis/Infections/Bacterial Diseases/bootstrap_results/bootstrap_summary_statistics.csv
Musculoskeletal,Gout,Gout,8914,0.7769572491848511,0.7767812903525296,0.0181612693605276,0.7426396928367104,0.8120842325193269,0.8961597233079835,0.8962168187437081,0.0113697682548744,0.8736559259918905,0.9178856300996996,0.8850908160214026,0.8857129942184092,0.0132316897723823,0.8583261814212982,0.9096991582957172,0.9061707776629842,0.906411464412151,0.0108287260077251,0.8843042316849946,0.9266960958646768,0.1081335668365515,0.1087742099399208,0.018730097836455,0.0704816289520251,0.1419298399889866,Yes,-0.0110689072865808,-0.0105609512526567,0.0112020406220093,-0.033834862044902,0.009666410590673,No,0.0210799616415815,0.0207652248131304,0.0052922339619594,0.0113050117194664,0.0322250288599663,Yes,0.0100110543550007,0.0101978721920116,0.0066112856396343,-0.0035122697034754,0.0226106994444758,No,/bigdat2/user/xuln/olink_disease_predict/67traits_cox_analysis/Musculoskeletal/Gout/bootstrap_results/bootstrap_summary_statistics.csv
Musculoskeletal,Polymyalgia Rheumatica,Polymyalgia Rheumatica,8970,0.7753737860125315,0.7764311644027402,0.027971507216599,0.7185038598445083,0.8265547317940705,0.7441057986392869,0.7448963831356172,0.0302442546381687,0.6848904304274732,0.8012706523652836,0.7211812557390005,0.721260626992503,0.0303249242791299,0.6626736581252655,0.7801668964263242,0.7625009833805052,0.763732702012734,0.0279670779306539,0.7057942234321206,0.8137100837117869,-0.0541925302735309,-0.0540972878347926,0.0390684200658539,-0.1308636558971136,0.0236106084776841,No,-0.0229245429002864,-0.0248853437506088,0.0377854904787323,-0.0972961569900829,0.0558739901566784,No,0.0413197276415046,0.0428392814873559,0.0307921230437419,-0.0194334342205166,0.1020151392217094,No,0.0183951847412182,0.0181193885610975,0.0081452703136031,0.002675490218149,0.0353095304589929,Yes,/bigdat2/user/xuln/olink_disease_predict/67traits_cox_analysis/Musculoskeletal/Polymyalgia Rheumatica/bootstrap_results/bootstrap_summary_statistics.csv
Musculoskeletal,Osteoarthritis,Osteoarthritis,8598,0.6630606384950013,0.6631178120901237,0.0110174206946746,0.6410589506745742,0.6856945838889837,0.697118673724671,0.697030773029701,0.0111697299797895,0.6749483801885446,0.7191695241121979,0.7316962380769394,0.7320697919781907,0.0111756357011259,0.7088669860431145,0.7526302531806127,0.7305794943108074,0.7307308265012947,0.0110869023814138,0.7085814670538455,0.7508068084234206,0.0686355995819382,0.0689403289501761,0.0111142915913397,0.0465730143519753,0.0895542206295775,Yes,0.0345775643522684,0.0346077993110083,0.0093890177480791,0.0146074592662744,0.0526292626434629,Yes,-0.001116743766132,-0.0011149569818679,0.0017157546901919,-0.004347930498479,0.0022535855477474,No,0.0334608205861364,0.033677386338837,0.0095483475566506,0.0138247957644291,0.0509265151750115,Yes,/bigdat2/user/xuln/olink_disease_predict/67traits_cox_analysis/Musculoskeletal/Osteoarthritis/bootstrap_results/bootstrap_summary_statistics.csv
Musculoskeletal,Fracture of hip,Fracture of hip,8963,0.7112133861171155,0.7112892605382486,0.0312252018273986,0.6479557240457607,0.7743334170390064,0.6891798988243018,0.6902855544957718,0.033364298928151,0.6210729253337504,0.7520466963954806,0.7593519264855031,0.7605992147076057,0.0368766016742402,0.6861064270141511,0.829749109850679,0.7610193235421997,0.7629076700387829,0.035128376663971,0.6921808428386005,0.8281900742267235,0.0481385403683875,0.0480337772101659,0.0433919466602392,-0.0426398404149464,0.1305347246222434,No,0.0701720276612012,0.0704852654758092,0.0367129773625016,-0.0070515668972534,0.1404689368398726,No,0.0016673970566965,0.0015948362179091,0.0073454207069451,-0.0129662071164641,0.0165808690498791,No,0.0718394247178978,0.0723992487395736,0.0314395865104237,0.0072604499942273,0.1327469077693102,Yes,/bigdat2/user/xuln/olink_disease_predict/67traits_cox_analysis/Musculoskeletal/Fracture of hip/bootstrap_results/bootstrap_summary_statistics.csv
Musculoskeletal,Enthesopathies & synovial disorders,Enthesopathies & synovial disorders,8832,0.5151367610362249,0.5149743639398486,0.021599700006356,0.473988142457912,0.5564029833768396,0.5097440303509988,0.5098562519598844,0.0212443436118485,0.4691736708760534,0.5498229830895266,0.5654703902504965,0.5655264494442769,0.0220088653712363,0.5233344639020839,0.6105685487974908,0.5172373283850195,0.5173811464227147,0.0208719964032,0.4760953076642294,0.5568146869976879,0.0503336292142716,0.0499084857225685,0.03493098776836,-0.0173807690542807,0.1203626145424995,No,0.0557263598994976,0.0553326014530015,0.0343911362932234,-0.012648514658984,0.1245007495781675,No,-0.0482330618654771,-0.0479508967367715,0.03273409320501,-0.1133324894627217,0.0171103994882327,No,0.0074932980340205,0.0074248279817508,0.0025032082043823,0.0024746764571555,0.0125497025415666,Yes,/bigdat2/user/xuln/olink_disease_predict/67traits_cox_analysis/Musculoskeletal/Enthesopathies & synovial disorders/bootstrap_results/bootstrap_summary_statistics.csv
Musculoskeletal,Carpal tunnel syndrome,Carpal tunnel syndrome,8837,0.6140263783416111,0.6143974452869843,0.0223844331882886,0.5702808576651444,0.6561300680000807,0.6830468766615128,0.6827273706876322,0.0220732248381194,0.6402452148540895,0.7263357430374798,0.6582782699036777,0.6582244678957363,0.0228462639470201,0.6135032403051659,0.7059322093250446,0.6803468831238667,0.6797532066886757,0.0214831548154693,0.6391245428326493,0.7243540899630327,0.0442518915620664,0.0451351526169808,0.0290367289911765,-0.0145205126013106,0.1004236539948066,No,-0.0247686067578351,-0.0247875496225515,0.0261016109999842,-0.0735324009237999,0.0243218681530211,No,0.022068613220189,0.0219973670640082,0.008453658382918,0.0051915728154868,0.0380127752609638,Yes,-0.0026999935376461,-0.0026407541761074,0.0208931061470952,-0.0425983890295785,0.037415618199976,No,/bigdat2/user/xuln/olink_disease_predict/67traits_cox_analysis/Musculoskeletal/Carpal tunnel syndrome/bootstrap_results/bootstrap_summary_statistics.csv
Musculoskeletal,Rheumatoid Arthritis,Rheumatoid Arthritis,8924,0.6609340324339193,0.6610149150947281,0.0247485814084682,0.6131735100924868,0.709754762153649,0.7289123807257543,0.7293797687417263,0.0253808378248621,0.6800184934217022,0.7788760371692994,0.7771278504768112,0.7784718754110229,0.0256119436975919,0.7249790147666226,0.8228764984755798,0.7865119227681684,0.7876155848682123,0.0253502739219528,0.7341813048941704,0.8322450983316613,0.1161938180428919,0.117316021908466,0.0306921574169709,0.0531643976438079,0.1719078458215012,Yes,0.0482154697510569,0.0480633461735577,0.0248136803673778,-0.0009127279647852,0.0963653407173549,No,0.0093840722913571,0.0092439644637769,0.0049986873194647,0.0002065122902906,0.0195060515229104,Yes,0.0575995420424141,0.0569988260704504,0.0229868751626212,0.0121967248328542,0.1027038712088798,Yes,/bigdat2/user/xuln/olink_disease_predict/67traits_cox_analysis/Musculoskeletal/Rheumatoid Arthritis/bootstrap_results/bootstrap_summary_statistics.csv
Musculoskeletal,Fracture of wrist,Fracture of wrist,8916,0.670998918098788,0.6716097623974555,0.0277060189036768,0.6189994586918549,0.7234924893288457,0.6594664002593349,0.6600043204854456,0.0280083333799894,0.6057486693779786,0.7108853303245652,0.6974304165687137,0.698068584391907,0.0278116292316308,0.642093306701226,0.7490840805966936,0.7014287077425317,0.7016675582918808,0.0269529167957818,0.645009495723258,0.7515965343955983,0.0264314984699258,0.0261037759766663,0.0243985335551514,-0.0211026485503915,0.0731289433698413,No,0.0379640163093788,0.0382080073652529,0.0245278415422392,-0.0115908647451012,0.0815829611498918,No,0.0039982911738179,0.0038568613650167,0.0069988768604819,-0.0088881198278335,0.0183617652021355,No,0.0419623074831967,0.0418140807730808,0.0196972249892302,0.003324790336448,0.0781293110708385,Yes,/bigdat2/user/xuln/olink_disease_predict/67traits_cox_analysis/Musculoskeletal/Fracture of wrist/bootstrap_results/bootstrap_summary_statistics.csv
Musculoskeletal,Osteoporosis,Osteoporosis,8832,0.7480536949480873,0.7483015187605772,0.015735807084814,0.7178461063491552,0.7781755673105208,0.7735952397172823,0.7737077643664069,0.0138199405423183,0.7460626334487012,0.8001714684690453,0.8119981317858532,0.8124060698740969,0.0130883667512915,0.7854735493035886,0.8367384290977153,0.8164314889953602,0.817136514939208,0.0128421960741136,0.7901800963026296,0.8409510882990897,0.063944436837766,0.0638414325568573,0.0134679427837073,0.0374862699149987,0.0904070119552164,Yes,0.0384028920685709,0.0379906945211804,0.0119366521771871,0.0142228667768722,0.0620375730323987,Yes,0.0044333572095071,0.0043898785805887,0.0024238651914158,-0.000234924828963,0.0093210906829397,No,0.0428362492780781,0.0423956388043145,0.0107595433389569,0.0221868553672366,0.0638109394466675,Yes,/bigdat2/user/xuln/olink_disease_predict/67traits_cox_analysis/Musculoskeletal/Osteoporosis/bootstrap_results/bootstrap_summary_statistics.csv
Musculoskeletal,Spinal stenosis,Spinal stenosis,8916,0.5884505548867651,0.5880367259302284,0.022455117801068,0.5441187354645897,0.6313917720487306,0.6786060685424987,0.6785393138140985,0.0235337166025759,0.6318471859241108,0.7236811942859146,0.7482489137968286,0.7479670599865922,0.0217356461047962,0.7046909165934123,0.7890314023477693,0.7432380300796931,0.7432200905254362,0.0223901366119249,0.7003242299385487,0.7842888243243057,0.1597983589100636,0.1594940025194581,0.0260927266629835,0.1079728690565332,0.2160749871710152,Yes,0.0696428452543298,0.0692700142332561,0.0251692107918127,0.0206949719342517,0.1203188145994684,Yes,-0.0050108837171355,-0.0049875331238187,0.0037710195695163,-0.0127380076003425,0.0021764162124792,No,0.0646319615371942,0.0643400738710084,0.0260538036065426,0.0135344355757979,0.11673597295299,Yes,/bigdat2/user/xuln/olink_disease_predict/67traits_cox_analysis/Musculoskeletal/Spinal stenosis/bootstrap_results/bootstrap_summary_statistics.csv
Musculoskeletal,Spondylosis,Spondylosis,8811,0.6645522446828861,0.664436568744721,0.0177037831013213,0.6308376808900275,0.6994762850322743,0.7096082145876103,0.7097996012409886,0.0174549693848162,0.6740481774905119,0.7431002895282669,0.7542611249412831,0.7541831972105268,0.0150313430555459,0.7241674108877029,0.7826065919352195,0.7535584424257288,0.7534966001061563,0.015766924888839,0.7216535414573475,0.7837409704573736,0.0897088802583968,0.0900263637994885,0.0182034686798917,0.0530948681944199,0.1255429039013395,Yes,0.0446529103536725,0.04481545560704,0.0157116767784525,0.0138484477581663,0.0751312551242457,Yes,-0.0007026825155541,-0.0004825960843879,0.0062424390653507,-0.0124403316415197,0.0110613001288018,No,0.0439502278381184,0.0440542468385429,0.0119916054884423,0.019971804160113,0.0673304251596225,Yes,/bigdat2/user/xuln/olink_disease_predict/67traits_cox_analysis/Musculoskeletal/Spondylosis/bootstrap_results/bootstrap_summary_statistics.csv
Musculoskeletal,Intervertebral disc disorders,Intervertebral disc disorders,8842,0.5456393445933977,0.5459781775801111,0.0219943126699395,0.5022513939287708,0.5867107561344013,0.5957452702493506,0.5964199036231422,0.0219370010951907,0.5521692215454905,0.6371293543185002,0.6640808317000142,0.6640490856508419,0.0207527391621152,0.6230237153295133,0.7036597993067936,0.6517194834378036,0.6519233508627624,0.0219314682206204,0.6095434483855666,0.6933134993085838,0.1184414871066165,0.1174020423741625,0.0248876341953299,0.0722608583038332,0.1690018459181941,Yes,0.0683355614506637,0.0678546188283722,0.0220047182772528,0.0249119673814481,0.1106942130024372,Yes,-0.0123613482622106,-0.0125476867687801,0.0093563589506879,-0.0305040537720352,0.0050337932134638,No,0.055974213188453,0.0550121342409528,0.0173765388173714,0.0215928851956665,0.0883364308808287,Yes,/bigdat2/user/xuln/olink_disease_predict/67traits_cox_analysis/Musculoskeletal/Intervertebral disc disorders/bootstrap_results/bootstrap_summary_statistics.csv
Neurological,Motor neuron disease,Motor neuron disease,9007,0.6715284771869188,0.6722933911204133,0.0389660808265053,0.5981089065903542,0.7451010104089165,0.6698912344655087,0.6713526974343983,0.0375657129022059,0.5919958408549636,0.7385449035111307,0.6229327390360189,0.622168901825981,0.0408065826417394,0.5440020678202006,0.7037234963581575,0.6681365129112002,0.6686142016340048,0.0395349180279384,0.5894064541159343,0.7452140656888726,-0.0485957381508997,-0.05021735408103,0.0431874488134671,-0.1296670108592384,0.0351122422351913,No,-0.0469584954294897,-0.0467102426210764,0.0380535031184149,-0.1163339117082702,0.0339906088679543,No,0.0452037738751813,0.0455403824986863,0.0167783717754587,0.0112078007448952,0.0769607295225847,Yes,-0.0017547215543083,-0.0020948521929242,0.0258104879686101,-0.0513341617418985,0.0490464321067864,No,/bigdat2/user/xuln/olink_disease_predict/67traits_cox_analysis/Neurological/Motor neuron disease/bootstrap_results/bootstrap_summary_statistics.csv
Neurological,"Postviral fatigue syndrome, neurasthenia and fibromyalgia","Postviral fatigue syndrome, neurasthenia and fibromyalgia",8978,0.6980483096500539,0.700123644472237,0.0298101898235751,0.6388631681277872,0.7535829452761749,0.7506292673926585,0.7529596579820848,0.0290210735471878,0.6892677179540078,0.8041067577452998,0.8348288375015505,0.834792870505652,0.0267872007736112,0.7811012126623805,0.8879720025077922,0.8426414670479613,0.8434374249520626,0.0264745913741676,0.7879053808518983,0.8933240362646788,0.1367805278514964,0.1370414362399948,0.0317781152408427,0.0752815732253282,0.1984243738113726,Yes,0.0841995701088919,0.084722790438939,0.0303733989614377,0.0243246259590738,0.1437121011555726,Yes,0.0078126295464108,0.0074409674056803,0.0097877734423914,-0.0114203953867869,0.0277431744429784,No,0.0920121996553028,0.0914208164580622,0.023223824371571,0.0464628960788645,0.1365435283727097,Yes,"/bigdat2/user/xuln/olink_disease_predict/67traits_cox_analysis/Neurological/Postviral fatigue syndrome, neurasthenia and fibromyalgia/bootstrap_results/bootstrap_summary_statistics.csv"
Neurological,Migraine,Migraine,8935,0.5744188615176492,0.5756765501260837,0.030890336062096,0.5120928720848051,0.6356223482061166,0.6105800801322581,0.6108962282036852,0.0326324354559798,0.5468345814078956,0.6738936590060596,0.631359957537632,0.6316062388048591,0.0311605399053597,0.5727120597246013,0.6954684228463561,0.6319019865648302,0.6321453607785631,0.0328128918296629,0.5709241462566762,0.6988260174801321,0.0569410960199829,0.0557059625197703,0.0344638785397671,-0.0071446964178007,0.1247443268771383,No,0.0207798774053738,0.0199090863855336,0.0313819543447613,-0.0372748832741101,0.0823491144651887,No,0.000542029027198,0.0007912937567651,0.0109177435684799,-0.0210805695826426,0.0211428521108166,No,0.0213219064325719,0.0207796587631597,0.0244941506368626,-0.0255600933862162,0.0696870577349991,No,/bigdat2/user/xuln/olink_disease_predict/67traits_cox_analysis/Neurological/Migraine/bootstrap_results/bootstrap_summary_statistics.csv
Psychiatric,Dementia,Dementia,8914,0.8108611037787695,0.8116408219149357,0.017443398013015,0.7759394740086585,0.8443475051913855,0.8133803850644572,0.8143306111342663,0.0193273474521608,0.7731626997828004,0.8486317766855079,0.874961510643726,0.8761225381444306,0.0171973996060977,0.8398510314455772,0.9072969876731772,0.8784523995212501,0.8797349279808684,0.0167844723183228,0.8450534070956313,0.9118264304589084,0.0641004068649564,0.0644273369379139,0.0152014277568612,0.0349563815688726,0.0935224627027225,Yes,0.0615811255792688,0.0619160214081045,0.0172632851635941,0.0273314257119247,0.0951601624449974,Yes,0.0034908888775239,0.0033847472384584,0.0025339177573534,-0.0013802358359585,0.0084951529510764,No,0.0650720144567927,0.0652079325326648,0.0158453820000999,0.0345765864625725,0.0965082958017787,Yes,/bigdat2/user/xuln/olink_disease_predict/67traits_cox_analysis/Psychiatric/Dementia/bootstrap_results/bootstrap_summary_statistics.csv
Psychiatric,"Delirium, not induced by alcohol and other psychoactive substances","Delirium, not induced by alcohol and other psychoactive substances",8901,0.7575467131776672,0.7586509616509436,0.0254855553345139,0.7044557178031476,0.8032250784754971,0.7668755956719396,0.7679038833026126,0.0267262462577003,0.7142699354120902,0.8155757098272142,0.8127192040054103,0.8126219464179703,0.0239356973236836,0.7627916653555228,0.8568144284950737,0.82331254817941,0.8233974379914306,0.0218675269480897,0.7778260231729593,0.865450925868106,0.0551724908277431,0.0549094589027372,0.0248748571978313,0.0072331554091222,0.1041122603967782,Yes,0.0458436083334706,0.0463563833570245,0.0271807104117768,-0.0058764975699201,0.0995486347759048,No,0.0105933441739996,0.0103111716538817,0.0093967927590361,-0.0082096503395915,0.0299246484626338,No,0.0564369525074702,0.0566485892485731,0.0191133313008638,0.0197691880789895,0.0942048676409328,Yes,"/bigdat2/user/xuln/olink_disease_predict/67traits_cox_analysis/Psychiatric/Delirium, not induced by alcohol and other psychoactive substances/bootstrap_results/bootstrap_summary_statistics.csv"
Psychiatric,Anxiety disorders,Anxiety disorders,8808,0.5826798493959227,0.5824120954215382,0.0174979353721901,0.5499354485185943,0.6178299569675935,0.6088642845643623,0.6093359926503671,0.016994049979393,0.5741615253769498,0.6409810915646298,0.6798913144419535,0.6800279921000185,0.0170421832402735,0.6464613794283217,0.7128685096481466,0.6764618152881056,0.6772191866593044,0.0170125865976628,0.6441726839277016,0.7086727579571085,0.0972114650460306,0.0974742489784073,0.0211883823869414,0.0556402819118609,0.1394791947197941,Yes,0.071027029877591,0.0703031498084746,0.0186097010919288,0.0341905689093584,0.1079129431144924,Yes,-0.0034294991538479,-0.0032161664835662,0.0058435337591301,-0.015274262187926,0.0076847031299674,No,0.0675975307237431,0.0670694905287518,0.0152142051488503,0.0376784699132121,0.0983897231958317,Yes,/bigdat2/user/xuln/olink_disease_predict/67traits_cox_analysis/Psychiatric/Anxiety disorders/bootstrap_results/bootstrap_summary_statistics.csv
Psychiatric,Depression,Depression,8749,0.5768598565022496,0.5768009717851139,0.0136773662623556,0.5508265406906119,0.6038934125151869,0.6377081940884419,0.6372761975320138,0.0142923250258449,0.6104952996163105,0.6666308557862134,0.7110224051404606,0.7107918339115731,0.0138576174327745,0.6825440630815525,0.737246788425525,0.7163425064232201,0.7156439814360818,0.0138841712132343,0.6888269586104602,0.7430166341864508,0.1341625486382109,0.1342452704319787,0.0182187754091327,0.0989124056433407,0.1706647410538147,Yes,0.0733142110520186,0.0731390700703422,0.0144283051451039,0.0453121946575705,0.1010143185793571,Yes,0.0053201012827594,0.0052341436498209,0.0032622100707006,-0.0009475370336808,0.0117672155887671,No,0.0786343123347781,0.0781946324388955,0.0135439768419776,0.0527041734394369,0.1053338229995813,Yes,/bigdat2/user/xuln/olink_disease_predict/67traits_cox_analysis/Psychiatric/Depression/bootstrap_results/bootstrap_summary_statistics.csv
Psychiatric,Alcohol Problems,Alcohol Problems,8898,0.6078488765730157,0.6070968913111161,0.0195905070644334,0.5721389632423454,0.6445219594007973,0.6434919153240767,0.6436586599311158,0.0190922027172278,0.6071372954357406,0.6795321395920008,0.7038312996137516,0.7038249911436814,0.01796279410127,0.6677809901750743,0.7384743999468805,0.7022656425778401,0.7024087037056315,0.0179850856429745,0.6651729228327294,0.7357031514600664,0.0959824230407358,0.0955930772961901,0.0208613814805831,0.0562907962531379,0.1359583146569498,Yes,0.0603393842896749,0.0596065412668276,0.0191293798432135,0.0242694077358927,0.1018760856707399,Yes,-0.0015656570359115,-0.0014283771755007,0.003907430819509,-0.0091036969560193,0.0060801059472894,No,0.0587737272537634,0.05863756563534,0.0178901446307565,0.0266061871740499,0.0965010503840484,Yes,/bigdat2/user/xuln/olink_disease_predict/67traits_cox_analysis/Psychiatric/Alcohol Problems/bootstrap_results/bootstrap_summary_statistics.csv
Respiratory,Pulmonary collapse,Pulmonary collapse,8912,0.612753590175765,0.6129231353097537,0.0275978057450213,0.560230860482988,0.6681672686199999,0.6851518584674797,0.6851677561263028,0.0263589298131922,0.6324340781898227,0.7386254949654998,0.725030109419531,0.7261880228115298,0.0243829544086127,0.6758593705032376,0.7702219477551767,0.7245487197643886,0.7249288345083607,0.0250301876044962,0.6729161631582131,0.7712908217870362,0.112276519243766,0.112944281191062,0.0320389329497053,0.0462443143783452,0.1748719127616457,Yes,0.0398782509520512,0.0402678271948248,0.0214227754455342,-0.0047913613813291,0.0804004797131824,No,-0.0004813896551425,-0.0007558904058568,0.0065183125071928,-0.0126615311623081,0.0121775501081748,No,0.0393968612969087,0.0396243503756015,0.0173485413337584,0.0049158881325643,0.0723622675050008,Yes,/bigdat2/user/xuln/olink_disease_predict/67traits_cox_analysis/Respiratory/Pulmonary collapse/bootstrap_results/bootstrap_summary_statistics.csv
Respiratory,Respiratory failure,Respiratory failure,8943,0.6845774206212132,0.6857240668479616,0.0266714363302341,0.6330354823816157,0.7350831767645049,0.7698283774806381,0.7706024469260343,0.0241752001917532,0.7228002928731425,0.8141701508794091,0.7951127082658666,0.7958702456993574,0.0221418851758009,0.7486088023604841,0.8375637120482804,0.7991821850146554,0.8002040195818277,0.0225193401268198,0.7551412895364739,0.8420778907749908,0.1105352876446533,0.109783987941016,0.0255915454119353,0.064152216506587,0.1592333633259081,Yes,0.0252843307852284,0.0252249879337398,0.0160533813650753,-0.0048728053122383,0.0564999540639107,No,0.0040694767487888,0.0042228866780743,0.0087353353189532,-0.0127650941334122,0.0208306879601693,No,0.0293538075340172,0.0286760075338126,0.0096950958052375,0.0117841524411021,0.049368288371076,Yes,/bigdat2/user/xuln/olink_disease_predict/67traits_cox_analysis/Respiratory/Respiratory failure/bootstrap_results/bootstrap_summary_statistics.csv
Respiratory,Asthma,Asthma,8577,0.5551904935652192,0.5549051346375389,0.0135076902375499,0.5296887437173692,0.5822133248733059,0.6676371676811126,0.667977698587846,0.0133435117311315,0.6400044702238317,0.6918334295870285,0.678451554268953,0.6789087635655955,0.0121820518328024,0.6549466469293431,0.7038331832136621,0.6910785730757943,0.6913788881000468,0.011745618567723,0.6685272474780077,0.7145918262288722,0.1232610607037338,0.1237344660013519,0.0171966037045123,0.0901524301984615,0.1559802464007114,Yes,0.0108143865878404,0.0108294127970384,0.0162025854841641,-0.0205627898799143,0.0418711441104933,No,0.0126270188068412,0.012727943429767,0.0033199963628337,0.0059270022495755,0.0194754096180715,Yes,0.0234414053946816,0.0238100534191048,0.0147117963790391,-0.0056893684442777,0.0511875471166722,No,/bigdat2/user/xuln/olink_disease_predict/67traits_cox_analysis/Respiratory/Asthma/bootstrap_results/bootstrap_summary_statistics.csv
Respiratory,COPD,COPD,8821,0.7030708997126844,0.7025418704965212,0.0142140435355415,0.6769325788389866,0.7317962406220682,0.8643420621725866,0.8649223178965144,0.0107626706482007,0.8429024988483006,0.8851862221346554,0.886919159558287,0.88744810444693,0.0094795826495184,0.8679140141483439,0.904211492918462,0.9080133367453808,0.9080426360877024,0.0086727723333717,0.8908854339795625,0.9231343084345868,0.1838482598456027,0.1836465172584507,0.0146127762860574,0.1577529136892515,0.2134520089222509,Yes,0.0225770973857005,0.0226557121076232,0.0096078238857994,0.003089405075855,0.0417820802059664,Yes,0.0210941771870938,0.0209137159293854,0.0040949919339361,0.0135135898698256,0.0291909915345897,Yes,0.0436712745727944,0.0436880124015211,0.0072040879068837,0.0294720383688754,0.0582474848150628,Yes,/bigdat2/user/xuln/olink_disease_predict/67traits_cox_analysis/Respiratory/COPD/bootstrap_results/bootstrap_summary_statistics.csv
Respiratory,Pleural effusion,Pleural effusion,8842,0.6964599965716246,0.6967021573231214,0.0169015226234663,0.6632848154214468,0.7303784030531859,0.7400439590584064,0.7400120979501521,0.0174453818164806,0.705630372716473,0.7738143217237047,0.7683794722513789,0.7683514373690622,0.0170702425419188,0.7347592983571184,0.8010766592530322,0.7677007130670404,0.7683754778013097,0.0171954239430527,0.73457853027643,0.8017332208645163,0.0719194756797544,0.0727072164338761,0.0169656533503876,0.0391725971667419,0.1034416785272528,Yes,0.0283355131929726,0.0274464398561812,0.0119923889181718,0.005706207609394,0.054541882685015,Yes,-0.0006787591843386,-0.0006016414304809,0.0052948247618982,-0.0120074113735199,0.0092945382221232,No,0.027656754008634,0.0272547098378247,0.0076240733316682,0.0141317899050219,0.0434448956822047,Yes,/bigdat2/user/xuln/olink_disease_predict/67traits_cox_analysis/Respiratory/Pleural effusion/bootstrap_results/bootstrap_summary_statistics.csv
Respiratory,Allergic and chronic rhinitis,Allergic and chronic rhinitis,8933,0.4879214958195893,0.488115868465453,0.0349300438701971,0.4201368547047281,0.555973609164051,0.5383856400126019,0.5373556166099742,0.0344703420526883,0.4714543040513725,0.6049257404984747,0.6147250300861474,0.6157214741360846,0.0333453709232076,0.5433676453300238,0.677017939701709,0.5643771591729861,0.5641170865944047,0.0346690924311459,0.4942561980188968,0.6296565565419728,0.1268035342665581,0.1273314752375858,0.0496111315124573,0.0285394687731648,0.2253168733848604,Yes,0.0763393900735456,0.0773495300291047,0.0445994447268747,-0.0097842663496445,0.1628758373580459,No,-0.0503478709131614,-0.0503751620412385,0.0378545974485864,-0.12249741383018,0.0199755603580612,No,0.0259915191603841,0.025863843775343,0.0100801506391282,0.006364094229936,0.0455175247135607,Yes,/bigdat2/user/xuln/olink_disease_predict/67traits_cox_analysis/Respiratory/Allergic and chronic rhinitis/bootstrap_results/bootstrap_summary_statistics.csv
Respiratory,Bronchiectasis,Bronchiectasis,8956,0.7306858878709238,0.7306400014419987,0.0251135120294898,0.6800082798747089,0.7767904505329184,0.7507263446616061,0.7511931494095068,0.028667154029055,0.6931168128883067,0.8057426976448286,0.7629198680313711,0.7633412553504358,0.0290100025659104,0.7042124303214633,0.8175835026166669,0.794871417733608,0.7948759462833836,0.0257618082900617,0.7456904697224256,0.8423584011023156,0.0322339801604474,0.0322181179635349,0.0284452877544396,-0.0252592575517893,0.0841191011033382,No,0.0121935233697649,0.0127520185272522,0.0326013974007425,-0.0503800508700597,0.0778683830708269,No,0.0319515497022368,0.0318406973115065,0.0158227380810389,-0.0001639380443781,0.0634365971232317,No,0.0441450730720018,0.0443725144986952,0.0190384153018639,0.0090321848227142,0.0804508588959222,Yes,/bigdat2/user/xuln/olink_disease_predict/67traits_cox_analysis/Respiratory/Bronchiectasis/bootstrap_results/bootstrap_summary_statistics.csv
Respiratory,Sleep apnoea,Sleep apnoea,8921,0.5949926997221379,0.5944413695474764,0.0253405012392674,0.5466169731230185,0.6480428630485078,0.8158363823113755,0.8165126724734331,0.0233997725031041,0.7678371617480243,0.8603554763639166,0.8404747487912924,0.8415557497856645,0.0174024781163174,0.8057026828984754,0.8730172786349732,0.8274568910776164,0.8286069505187084,0.0220372307799266,0.7818119701843829,0.8668629706489142,0.2454820490691544,0.2463052260917041,0.0266281614273562,0.1962460592677672,0.2965905742766629,Yes,0.0246383664799168,0.0247596458164707,0.0127333740208018,0.0003803340823877,0.0477532733069568,Yes,-0.0130178577136758,-0.0130487026524651,0.0082139960911679,-0.0293034915816813,0.0024695980066066,No,0.011620508766241,0.0117178572220103,0.0075979162657384,-0.0033331318551655,0.026413692957995,No,/bigdat2/user/xuln/olink_disease_predict/67traits_cox_analysis/Respiratory/Sleep apnoea/bootstrap_results/bootstrap_summary_statistics.csv
Skin,Psoriasis,Psoriasis,8956,0.5393185874793259,0.5420412571173958,0.0400413016228284,0.4574449814913506,0.6151410817646658,0.5812285445553821,0.5817531809307185,0.0388041681914246,0.5033422956972423,0.6557887983796863,0.6701743260218253,0.6715946294801154,0.0446200194925928,0.5792895445096036,0.7540268948891462,0.6679373636894915,0.6686052312518991,0.0438942474420707,0.5789317645937205,0.7507673316702945,0.1308557385424992,0.1306437074693262,0.0609710960293298,0.0075864526070814,0.2502702262598486,Yes,0.0889457814664429,0.0886180906519635,0.049206320231753,-0.0071424081730222,0.18247301230125,No,-0.0022369623323335,-0.0021895238982315,0.0076423709014858,-0.0170397136432463,0.0120326648564112,No,0.0867088191341094,0.0863270085614198,0.0469726502295421,-0.0037253213675221,0.1785420336366147,No,/bigdat2/user/xuln/olink_disease_predict/67traits_cox_analysis/Skin/Psoriasis/bootstrap_results/bootstrap_summary_statistics.csv
Skin,Actinic keratosis,Actinic keratosis,8959,0.681678346143022,0.6806829857357366,0.0298372454662356,0.6207886315764602,0.7406748803273752,0.6499346600203296,0.6490971663218366,0.0321840106927507,0.5875280986278338,0.711808069320451,0.6466598191462386,0.6468458903841494,0.0320247055986687,0.5844913902089861,0.7059884670277837,0.6627134104958515,0.6625038218182768,0.0284979078611575,0.6044751912095163,0.7193644160611372,-0.0350185269967834,-0.0355362943836586,0.0342832823549856,-0.1018234554523787,0.029028487707317,No,-0.0032748408740909,-0.0030327907644824,0.0397851228923534,-0.081082878387589,0.0734117220634674,No,0.0160535913496128,0.0164389908314752,0.0211591904494191,-0.0241412651302548,0.0556845676923019,No,0.0127787504755219,0.0129498578053308,0.020055384634523,-0.0261195777058978,0.051726181007296,No,/bigdat2/user/xuln/olink_disease_predict/67traits_cox_analysis/Skin/Actinic keratosis/bootstrap_results/bootstrap_summary_statistics.csv
Skin,Dermatitis,Dermatitis,8902,0.5865599985193355,0.5863324113566406,0.0310183847951799,0.5246781341018616,0.6469734491130822,0.6211099718618092,0.620487486452898,0.0302059370902752,0.5633478687651301,0.6827264886417509,0.6544667947335272,0.6545558915412271,0.0291960005420685,0.5966171779466437,0.7141219245269105,0.6614348859904209,0.6614995178560302,0.0283884892248519,0.6055168262499023,0.719145417022836,0.0679067962141917,0.0672804728992944,0.0332275781642381,0.0023860151890313,0.1323842542531423,Yes,0.0333568228717179,0.0340535781563041,0.0282810922557248,-0.0214527434246326,0.0864298875830807,No,0.0069680912568936,0.0070270953347444,0.0064304271231286,-0.0046550618218079,0.0195125810435052,No,0.0403249141286115,0.0404872071776474,0.0248715525918387,-0.0101076174870381,0.0881968993618186,No,/bigdat2/user/xuln/olink_disease_predict/67traits_cox_analysis/Skin/Dermatitis/bootstrap_results/bootstrap_summary_statistics.csv
Ear,Hearing loss,Hearing loss,8849,0.7161960771256645,0.716577150991208,0.0186697938047943,0.6803594552408241,0.7520413755476228,0.6916385735054313,0.6911720667967751,0.0205364497618846,0.652462460972539,0.7306893252781298,0.7094514857865526,0.7094452852577132,0.0212188796104756,0.666059675422801,0.7518083069190142,0.7089226827790001,0.7084924071150321,0.0213112932708685,0.6659427130427733,0.7511460972150442,-0.0067445913391119,-0.0066221619414314,0.0167609568845139,-0.0388755018399414,0.0254159191187554,No,0.0178129122811212,0.0180473834557264,0.016798136962248,-0.0140926748903707,0.0496597489720832,No,-0.0005288030075525,-0.0004730834320641,0.0039932676904957,-0.0086233228005765,0.0071406069208209,No,0.0172841092735687,0.0174394058931713,0.014656342401594,-0.0107281860705523,0.0456864031719644,No,/bigdat2/user/xuln/olink_disease_predict/67traits_cox_analysis/Ear/Hearing loss/bootstrap_results/bootstrap_summary_statistics.csv
